账号	页面	网址	标签	类型	id	name	class	可见	禁用	勾选	选项
ERIN000	结算（来自供货商结算）	https://beta18.pospal.cn/StockFlow/StockFlowPayment	结算记录	div	btnPaymentHistory		btnBlue	true	false		[]
ERIN000	结算（来自供货商结算）	https://beta18.pospal.cn/StockFlow/StockFlowPayment	导出	div	btnExport		btnBlue	true	false		[]
ERIN000	结算（来自供货商结算）	https://beta18.pospal.cn/StockFlow/StockFlowPayment	全部门店	custom-select	ddl_subUsers		singleSelector	true	false		[{"label":"全部门店","value":"","selected":true},{"label":"ERIN埃琳(总部)","value":"4402557","selected":false},{"label":"001 - Mrs.HuaShi花诗肤人","value":"4402559","selected":false},{"label":"002 - erin002","value":"4402560","selected":false}]
ERIN000	结算（来自供货商结算）	https://beta18.pospal.cn/StockFlow/StockFlowPayment		text			textInput	false	false		[]
ERIN000	结算（来自供货商结算）	https://beta18.pospal.cn/StockFlow/StockFlowPayment	全部供货商	custom-select	ddl_suppliers		singleSelector	true	false		[{"label":"全部供货商","value":"","selected":true},{"label":"[业务对象选项 2]","value":"253512890107708689_0","selected":false},{"label":"[业务对象选项 3]","value":"283468806102039784_0","selected":false},{"label":"[业务对象选项 4]","value":"184150524234240575_0","selected":false},{"label":"[业务对象选项 5]","value":"1127041560591820554_0","selected":false},{"label":"[业务对象选项 6]","value":"1051143024588241053_0","selected":false},{"label":"[业务对象选项 7]","value":"943715071657855705_0","selected":false},{"label":"[业务对象选项 8]","value":"562702328618014302_0","selected":false}]
ERIN000	结算（来自供货商结算）	https://beta18.pospal.cn/StockFlow/StockFlowPayment	全部状态	custom-select	ddl_stockFlowStatus		singleSelector	true	false		[{"label":"全部状态","value":"","selected":true},{"label":"未成功货单","value":"0","selected":false},{"label":"待对账货单","value":"1","selected":false},{"label":"待结算货单","value":"2","selected":false},{"label":"未结清货单","value":"3","selected":false},{"label":"已结清货单","value":"4","selected":false}]
ERIN000	结算（来自供货商结算）	https://beta18.pospal.cn/StockFlow/StockFlowPayment	开始日期	text	ui-timePicker-begin-528406		timeInput hasDatepicker	true	false		[]
ERIN000	结算（来自供货商结算）	https://beta18.pospal.cn/StockFlow/StockFlowPayment	结束日期	text	ui-timePicker-end-251049		timeInput hasDatepicker	true	false		[]
ERIN000	结算（来自供货商结算）	https://beta18.pospal.cn/StockFlow/StockFlowPayment	采购单号/货流单号	text	txt_keyword		textInput placeholder	true	false		[]
ERIN000	结算（来自供货商结算）	https://beta18.pospal.cn/StockFlow/StockFlowPayment	查询	div			submitBtn	true	false		[]
ERIN000	结算（来自供货商结算）	https://beta18.pospal.cn/StockFlow/StockFlowPayment	全选	label				true	false		[]
ERIN000	结算（来自供货商结算）	https://beta18.pospal.cn/StockFlow/StockFlowPayment	确认结算	div	btnConfirmPayment		btnDark14	true	false		[]
ERIN000	结算（来自供货商结算）	https://beta18.pospal.cn/StockFlow/StockFlowPayment	确认对账	div	btnConfirmAudit		btnDark14	true	false		[]
ERIN000	结算（来自供货商结算）	https://beta18.pospal.cn/StockFlow/StockFlowPayment	10	label			paymentNum	false	false		[]
ERIN000	结算（来自供货商结算）	https://beta18.pospal.cn/StockFlow/StockFlowPayment	20	label			paymentProductQuantity	false	false		[]
ERIN000	结算（来自供货商结算）	https://beta18.pospal.cn/StockFlow/StockFlowPayment	30	label			paymentTotalAmount	false	false		[]
ERIN000	结算（来自供货商结算）	https://beta18.pospal.cn/StockFlow/StockFlowPayment		textarea	txt_auditRemarks		fileReport	false	false		[]
ERIN000	结算（来自供货商结算）	https://beta18.pospal.cn/StockFlow/StockFlowPayment	确认对账	div	btnCreateAudit		btnBlue14	false	false		[]
ERIN000	结算（来自供货商结算）	https://beta18.pospal.cn/StockFlow/StockFlowPayment	100	label			paymentNum	false	false		[]
ERIN000	结算（来自供货商结算）	https://beta18.pospal.cn/StockFlow/StockFlowPayment	2000	label			paymentProductQuantity	false	false		[]
ERIN000	结算（来自供货商结算）	https://beta18.pospal.cn/StockFlow/StockFlowPayment	233300	label			paymentTotalAmount	false	false		[]
ERIN000	结算（来自供货商结算）	https://beta18.pospal.cn/StockFlow/StockFlowPayment	0	label			prePaid	false	false		[]
ERIN000	结算（来自供货商结算）	https://beta18.pospal.cn/StockFlow/StockFlowPayment	预存款：	label				false	false		[]
ERIN000	结算（来自供货商结算）	https://beta18.pospal.cn/StockFlow/StockFlowPayment		text	supplierMoney		pay quantity	false	false		[]
ERIN000	结算（来自供货商结算）	https://beta18.pospal.cn/StockFlow/StockFlowPayment	支付：	label				false	false		[]
ERIN000	结算（来自供货商结算）	https://beta18.pospal.cn/StockFlow/StockFlowPayment		text	paidMoney		pay quantity	false	false		[]
ERIN000	结算（来自供货商结算）	https://beta18.pospal.cn/StockFlow/StockFlowPayment	付款账户：	label				false	false		[]
ERIN000	结算（来自供货商结算）	https://beta18.pospal.cn/StockFlow/StockFlowPayment	无	custom-select	ddl_acount		singleSelector	false	false		[{"label":"无","value":"","selected":true}]
ERIN000	结算（来自供货商结算）	https://beta18.pospal.cn/StockFlow/StockFlowPayment	编辑	div			bottom btnEdit	false	false		[]
ERIN000	结算（来自供货商结算）	https://beta18.pospal.cn/StockFlow/StockFlowPayment		textarea	txt_paymentRemarks		fileReport	false	false		[]
ERIN000	结算（来自供货商结算）	https://beta18.pospal.cn/StockFlow/StockFlowPayment	确认结算	div	btnCreatePayment		btnBlue14	false	false		[]
ERIN000	结算（来自供货商结算）	https://beta18.pospal.cn/StockFlow/StockFlowPayment		textarea			textarea feedBackContent	false	false		[]
ERIN000	结算（来自供货商结算）	https://beta18.pospal.cn/StockFlow/StockFlowPayment	输入手机验证码	text			clean quantity txt_telVerifyCode	false	false		[]
ERIN000	结算（来自供货商结算）	https://beta18.pospal.cn/StockFlow/StockFlowPayment	不再提醒	custom-check			checkBoxDiv fl	false	false	false	[]
ERIN000	结算（来自供货商结算）	https://beta18.pospal.cn/StockFlow/StockFlowPayment	新会员注册通知	custom-check			checkBoxDiv on	false	false	true	[]
ERIN000	结算（来自供货商结算）	https://beta18.pospal.cn/StockFlow/StockFlowPayment	会员消费通知	custom-check			checkBoxDiv on	false	false	true	[]
ERIN000	结算（来自供货商结算）	https://beta18.pospal.cn/StockFlow/StockFlowPayment	网单发货通知	custom-check			checkBoxDiv on	false	false	true	[]
ERIN000	结算（来自供货商结算）	https://beta18.pospal.cn/StockFlow/StockFlowPayment	储值卡充值到账通知	custom-check			checkBoxDiv on	false	false	true	[]
ERIN000	结算（来自供货商结算）	https://beta18.pospal.cn/StockFlow/StockFlowPayment	搜问题…	text	txt_helpKeyword		HCSearchIpt	false	false		[]
ERIN000	结算（来自供货商结算）	https://beta18.pospal.cn/StockFlow/StockFlowPayment	请输入1000元以上金额	input			input quantity	false	false		[]
ERIN000	结算（来自供货商结算）	https://beta18.pospal.cn/StockFlow/StockFlowPayment	储值卡充值到账提醒	custom-check			checkBoxDiv on	false	false	true	[]
ERIN000	结算（来自供货商结算）	https://beta18.pospal.cn/StockFlow/StockFlowPayment	新会员注册-通知客户	custom-check			checkBoxDiv on	false	false	true	[]
ERIN000	结算（来自供货商结算）	https://beta18.pospal.cn/StockFlow/StockFlowPayment	请输入手机号	text			smsBalanceNoticeWidget_noticeTel edit_txt	false	false		[]
ERIN000	结算（来自供货商结算）	https://beta18.pospal.cn/StockFlow/StockFlowPayment	输入关键字，按回车搜索	text			searchInput	false	false		[]
ERIN000	结算（来自供货商结算）	https://beta18.pospal.cn/StockFlow/StockFlowPayment	请输入名称搜索	text			searchInput	false	false		[]
ERIN000	结算（来自供货商结算）	https://beta18.pospal.cn/StockFlow/StockFlowPayment	请输入门店账号，多个门店请用逗号、空格或换行分割	textarea			importSubStoreTextarea	false	false		[]
ERIN000	结算（来自供货商结算）	https://beta18.pospal.cn/StockFlow/StockFlowPayment	-	div	dateTimeRangeBox		dateTimeRangeBox	true	false		[]
ERIN000	结算（来自供货商结算）	https://beta18.pospal.cn/StockFlow/StockFlowPayment	-	span				true	false		[]
ERIN000	护理维护提醒入口（来自概览）	https://beta18.pospal.cn/Reminder/ProductReminder	新增	div	btnAdd		btnBlue	true	false		[]
ERIN000	护理维护提醒入口（来自概览）	https://beta18.pospal.cn/Reminder/ProductReminder	导入	div	btnImport		btnBlue	true	false		[]
ERIN000	护理维护提醒入口（来自概览）	https://beta18.pospal.cn/Reminder/ProductReminder	导出	div	btnExport		btnBlue	true	false		[]
ERIN000	护理维护提醒入口（来自概览）	https://beta18.pospal.cn/Reminder/ProductReminder	ERIN埃琳(总部)	custom-select	ddl_subUsers		singleSelector	true	false		[{"label":"ERIN埃琳(总部)","value":"4402557","selected":true},{"label":"001 - Mrs.HuaShi花诗肤人","value":"4402559","selected":false},{"label":"002 - erin002","value":"4402560","selected":false}]
ERIN000	护理维护提醒入口（来自概览）	https://beta18.pospal.cn/Reminder/ProductReminder		text			textInput	false	false		[]
ERIN000	护理维护提醒入口（来自概览）	https://beta18.pospal.cn/Reminder/ProductReminder		text	txt_keyword		textInput placeholder	true	false		[]
ERIN000	护理维护提醒入口（来自概览）	https://beta18.pospal.cn/Reminder/ProductReminder	查询	div			submitBtn	true	false		[]
ERIN000	护理维护提醒入口（来自概览）	https://beta18.pospal.cn/Reminder/ProductReminder	编辑	a			operation2 btnEditReminder	true	false		[]
ERIN000	护理维护提醒入口（来自概览）	https://beta18.pospal.cn/Reminder/ProductReminder	消费周期:	label				false	false		[]
ERIN000	护理维护提醒入口（来自概览）	https://beta18.pospal.cn/Reminder/ProductReminder	消费周期:	text	txt_cycleDays		edit_txt quantity	false	false		[]
ERIN000	护理维护提醒入口（来自概览）	https://beta18.pospal.cn/Reminder/ProductReminder	按消费数量翻倍	label				false	false		[]
ERIN000	护理维护提醒入口（来自概览）	https://beta18.pospal.cn/Reminder/ProductReminder	是否	custom-switch	edit_sb_doubleCycleWithQuantity		swicth off	false	false	false	[]
ERIN000	护理维护提醒入口（来自概览）	https://beta18.pospal.cn/Reminder/ProductReminder	短信通知	label				false	false		[]
ERIN000	护理维护提醒入口（来自概览）	https://beta18.pospal.cn/Reminder/ProductReminder	开启关闭	custom-switch	edit_sb_smsNotice		swicth off	false	false	false	[]
ERIN000	护理维护提醒入口（来自概览）	https://beta18.pospal.cn/Reminder/ProductReminder	内容:	label				false	false		[]
ERIN000	护理维护提醒入口（来自概览）	https://beta18.pospal.cn/Reminder/ProductReminder		textarea	edit_smsContent		edit_txt	false	false		[]
ERIN000	护理维护提醒入口（来自概览）	https://beta18.pospal.cn/Reminder/ProductReminder	短信签名:	label				false	false		[]
ERIN000	护理维护提醒入口（来自概览）	https://beta18.pospal.cn/Reminder/ProductReminder	选择短信签名	custom-select	edit_smsSignature		singleSelector	false	false		[{"label":"选择短信签名","value":"","selected":true},{"label":"银豹营销通","value":"银豹营销通","selected":false}]
ERIN000	护理维护提醒入口（来自概览）	https://beta18.pospal.cn/Reminder/ProductReminder	申请短信签名	div			bottom btnEdit	false	false		[]
ERIN000	护理维护提醒入口（来自概览）	https://beta18.pospal.cn/Reminder/ProductReminder	去充值	a			operation2	false	false		[]
ERIN000	护理维护提醒入口（来自概览）	https://beta18.pospal.cn/Reminder/ProductReminder	微信通知	label				false	false		[]
ERIN000	护理维护提醒入口（来自概览）	https://beta18.pospal.cn/Reminder/ProductReminder	开启关闭	custom-switch	edit_sb_wxNotice		swicth off	false	false	false	[]
ERIN000	护理维护提醒入口（来自概览）	https://beta18.pospal.cn/Reminder/ProductReminder		textarea	edit_wxContent		edit_txt	false	false		[]
ERIN000	护理维护提醒入口（来自概览）	https://beta18.pospal.cn/Reminder/ProductReminder	查看原因	a				false	false		[]
ERIN000	护理维护提醒入口（来自概览）	https://beta18.pospal.cn/Reminder/ProductReminder	删除	div			btn del	false	false		[]
ERIN000	护理维护提醒入口（来自概览）	https://beta18.pospal.cn/Reminder/ProductReminder	全选	custom-check			checkBoxDiv	false	false	false	[]
ERIN000	护理维护提醒入口（来自概览）	https://beta18.pospal.cn/Reminder/ProductReminder	001 - Mrs.HuaShi花诗肤人	custom-check			checkBoxDiv	false	false	false	[]
ERIN000	护理维护提醒入口（来自概览）	https://beta18.pospal.cn/Reminder/ProductReminder	002 - erin002	custom-check			checkBoxDiv	false	false	false	[]
ERIN000	护理维护提醒入口（来自概览）	https://beta18.pospal.cn/Reminder/ProductReminder	- 全部商品分类 -	custom-select			singleSelector ddl_category	false	false		[{"label":"- 全部商品分类 -","value":"","selected":true},{"label":"卸妆洁面","value":"1622366110201787444","selected":false},{"label":"养护套餐次卡","value":"1779244559662142154","selected":false},{"label":"水类","value":"1622366110201656852","selected":false},{"label":"基础养护次卡","value":"1779244536604603867","selected":false},{"label":"乳液类","value":"1622366110201879120","selected":false},{"label":"深层养护次卡","value":"1779244552008816401","selected":false},{"label":"精华液","value":"1622366110201918667","selected":false},{"label":"肤质调理次卡","value":"1779244578971200080","selected":false},{"label":"纯液原液","value":"1622366110201603017","selected":false},{"label":"苗方调理次卡","value":"1708596044867640374","selected":false},{"label":"面霜","value":"1622366110201951648","selected":false},{"label":"身体养护次卡","value":"1779244679582401737","selected":false},{"label":"面膜类","value":"1622366110201468600","selected":false},{"label":"DPL脱毛疗程","value":"1735898236282441961","selected":false},{"label":"其他","value":"1622366110201935999","selected":false},{"label":"深层疗肤次卡","value":"1779244665511938118","selected":false},{"label":"面部套盒","value":"1630326352164538105","selected":false},{"label":"历史卡项","value":"1735894490221823890","selected":false},{"label":"身体套盒","value":"1630322255767593456","selected":false},{"label":"院用消耗","value":"1623544791996298963","selected":false},{"label":"礼品","value":"1638004128236515854","selected":false},{"label":"苗方调理","value":"1708595411221691850","selected":false},{"label":"DPL冰点无痛脱毛","value":"1735889664984956581","selected":false},{"label":"历史项目","value":"1735895126767999772","selected":false},{"label":"历史产品","value":"1735901465701590916","selected":false},{"label":"基础养护","value":"1779244896628309560","selected":false},{"label":"深层养护","value":"1779244905308934257","selected":false},{"label":"肤质调理","value":"1779244911724161478","selected":false},{"label":"深层疗肤","value":"1779244925423145537","selected":false},{"label":"身体养护","value":"1779244941470574268","selected":false},{"label":"养护套餐","value":"1780282819961840614","selected":false}]
ERIN000	护理维护提醒入口（来自概览）	https://beta18.pospal.cn/Reminder/ProductReminder	搜索	div			submitBtn btnSearchByKeyword	false	false		[]
ERIN000	护理维护提醒入口（来自概览）	https://beta18.pospal.cn/Reminder/ProductReminder	下载模板	a	importTemplate		down	false	false		[]
ERIN000	护理维护提醒入口（来自概览）	https://beta18.pospal.cn/Reminder/ProductReminder	适用门店：	label				false	false		[]
ERIN000	护理维护提醒入口（来自概览）	https://beta18.pospal.cn/Reminder/ProductReminder	已选择0门店	custom-select	ddl_importStore		muli-select singleSelector multiple	false	false		[{"label":"Mrs.HuaShi花诗肤人","value":"4402559","selected":false},{"label":"erin002","value":"4402560","selected":false}]
ERIN000	护理维护提醒入口（来自概览）	https://beta18.pospal.cn/Reminder/ProductReminder		text	importFileName			false	false		[]
ERIN000	护理维护提醒入口（来自概览）	https://beta18.pospal.cn/Reminder/ProductReminder	选择文件	div	btnPickFile		fileBtn	false	false		[]
ERIN000	护理维护提醒入口（来自概览）	https://beta18.pospal.cn/Reminder/ProductReminder	导入文件为.xls的excel文件，大小不超过3M	textarea	importMsg		fileReport	false	false		[]
ERIN000	护理维护提醒入口（来自概览）	https://beta18.pospal.cn/Reminder/ProductReminder		textarea			textarea feedBackContent	false	false		[]
ERIN000	护理维护提醒入口（来自概览）	https://beta18.pospal.cn/Reminder/ProductReminder	输入手机验证码	text			clean quantity txt_telVerifyCode	false	false		[]
ERIN000	护理维护提醒入口（来自概览）	https://beta18.pospal.cn/Reminder/ProductReminder	不再提醒	custom-check			checkBoxDiv fl	false	false	false	[]
ERIN000	护理维护提醒入口（来自概览）	https://beta18.pospal.cn/Reminder/ProductReminder	新会员注册通知	custom-check			checkBoxDiv on	false	false	true	[]
ERIN000	护理维护提醒入口（来自概览）	https://beta18.pospal.cn/Reminder/ProductReminder	会员消费通知	custom-check			checkBoxDiv on	false	false	true	[]
ERIN000	护理维护提醒入口（来自概览）	https://beta18.pospal.cn/Reminder/ProductReminder	网单发货通知	custom-check			checkBoxDiv on	false	false	true	[]
ERIN000	护理维护提醒入口（来自概览）	https://beta18.pospal.cn/Reminder/ProductReminder	储值卡充值到账通知	custom-check			checkBoxDiv on	false	false	true	[]
ERIN000	护理维护提醒入口（来自概览）	https://beta18.pospal.cn/Reminder/ProductReminder	搜问题…	text	txt_helpKeyword		HCSearchIpt	false	false		[]
ERIN000	护理维护提醒入口（来自概览）	https://beta18.pospal.cn/Reminder/ProductReminder	请输入1000元以上金额	input			input quantity	false	false		[]
ERIN000	护理维护提醒入口（来自概览）	https://beta18.pospal.cn/Reminder/ProductReminder	储值卡充值到账提醒	custom-check			checkBoxDiv on	false	false	true	[]
ERIN000	护理维护提醒入口（来自概览）	https://beta18.pospal.cn/Reminder/ProductReminder	新会员注册-通知客户	custom-check			checkBoxDiv on	false	false	true	[]
ERIN000	护理维护提醒入口（来自概览）	https://beta18.pospal.cn/Reminder/ProductReminder	请输入手机号	text			smsBalanceNoticeWidget_noticeTel edit_txt	false	false		[]
ERIN000	护理维护提醒入口（来自概览）	https://beta18.pospal.cn/Reminder/ProductReminder	输入关键字，按回车搜索	text			searchInput	false	false		[]
ERIN000	护理维护提醒入口（来自概览）	https://beta18.pospal.cn/Reminder/ProductReminder	请输入名称搜索	text			searchInput	false	false		[]
ERIN000	护理维护提醒入口（来自概览）	https://beta18.pospal.cn/Reminder/ProductReminder	请输入门店账号，多个门店请用逗号、空格或换行分割	textarea			importSubStoreTextarea	false	false		[]
ERIN000	门店调货（来自商品概览）	https://beta18.pospal.cn/StockFlow/StockFlowOut	返回	div			btnReturn btnGoBack	true	false		[]
ERIN000	门店调货（来自商品概览）	https://beta18.pospal.cn/StockFlow/StockFlowOut		text	createdDateTime		yb-input__inner hasDatepicker	false	false		[]
ERIN000	门店调货（来自商品概览）	https://beta18.pospal.cn/StockFlow/StockFlowOut	按货号合并	custom-check	groupRadioBox		radioBox	false	false	false	[]
ERIN000	门店调货（来自商品概览）	https://beta18.pospal.cn/StockFlow/StockFlowOut	导入货单	div	btnImport		btnBlue14 btnGreen	true	false		[]
ERIN000	门店调货（来自商品概览）	https://beta18.pospal.cn/StockFlow/StockFlowOut		text	txt_accuratekeyword		textInput clean	true	false		[]
ERIN000	门店调货（来自商品概览）	https://beta18.pospal.cn/StockFlow/StockFlowOut	搜索	div	btnQueryProduct		submitBtn	true	false		[]
ERIN000	门店调货（来自商品概览）	https://beta18.pospal.cn/StockFlow/StockFlowOut	扫码模式	custom-check	radioBox		radioBox	true	false	false	[]
ERIN000	门店调货（来自商品概览）	https://beta18.pospal.cn/StockFlow/StockFlowOut	货号精确匹配	custom-check	rb_accurateByArtNo		radioBox	false	false	false	[]
ERIN000	门店调货（来自商品概览）	https://beta18.pospal.cn/StockFlow/StockFlowOut	精确匹配	custom-check	rb_forceAccurateKeyword		radioBox	true	false	false	[]
ERIN000	门店调货（来自商品概览）	https://beta18.pospal.cn/StockFlow/StockFlowOut	确认出货	div	btnConfirmStockFlowOut		btnBlue14	true	false		[]
ERIN000	门店调货（来自商品概览）	https://beta18.pospal.cn/StockFlow/StockFlowOut	所有颜色	custom-select			ddl_batch_color singleSelector	false	false		[{"label":"所有颜色","value":"","selected":true}]
ERIN000	门店调货（来自商品概览）	https://beta18.pospal.cn/StockFlow/StockFlowOut		text			textInput	false	false		[]
ERIN000	门店调货（来自商品概览）	https://beta18.pospal.cn/StockFlow/StockFlowOut	所有尺码	custom-select			ddl_batch_size singleSelector	false	false		[{"label":"所有尺码","value":"","selected":true}]
ERIN000	门店调货（来自商品概览）	https://beta18.pospal.cn/StockFlow/StockFlowOut	调货量	label				false	false		[]
ERIN000	门店调货（来自商品概览）	https://beta18.pospal.cn/StockFlow/StockFlowOut	批量设置	div			btnBlue12 is-new btnBatchUpdate	false	false		[]
ERIN000	门店调货（来自商品概览）	https://beta18.pospal.cn/StockFlow/StockFlowOut	确认添加	div			btnBlue12 is-new js_btn_confirm_add	false	false		[]
ERIN000	门店调货（来自商品概览）	https://beta18.pospal.cn/StockFlow/StockFlowOut	调货类型：	label				false	false		[]
ERIN000	门店调货（来自商品概览）	https://beta18.pospal.cn/StockFlow/StockFlowOut	请选择调货类型	custom-select	ddl_scene		singleSelector	false	false		[{"label":"请选择调货类型","value":"","selected":true}]
ERIN000	门店调货（来自商品概览）	https://beta18.pospal.cn/StockFlow/StockFlowOut	出货门店：	label				true	false		[]
ERIN000	门店调货（来自商品概览）	https://beta18.pospal.cn/StockFlow/StockFlowOut	- 请选择出货门店 -	custom-select	ddl_stockFlowOutStore		singleSelector	true	false		[{"label":"- 请选择出货门店 -","value":"","selected":true},{"label":"ERIN埃琳(总部)","value":"4402557","selected":false},{"label":"001 - Mrs.HuaShi花诗肤人","value":"4402559","selected":false},{"label":"002 - erin002","value":"4402560","selected":false}]
ERIN000	门店调货（来自商品概览）	https://beta18.pospal.cn/StockFlow/StockFlowOut	出库库区：	label				false	false		[]
ERIN000	门店调货（来自商品概览）	https://beta18.pospal.cn/StockFlow/StockFlowOut	- 请选择出库库区 -	custom-select	ddl_productArea		singleSelect singleSelector	false	false		[{"label":"- 请选择出库库区 -","value":"","selected":true}]
ERIN000	门店调货（来自商品概览）	https://beta18.pospal.cn/StockFlow/StockFlowOut	进货门店：	label				true	false		[]
ERIN000	门店调货（来自商品概览）	https://beta18.pospal.cn/StockFlow/StockFlowOut	- 请选择进货门店 -	custom-select	ddl_stockFlowInStore		singleSelector	true	false		[{"label":"- 请选择进货门店 -","value":"","selected":true},{"label":"ERIN埃琳(总部)","value":"4402557","selected":false},{"label":"001 - Mrs.HuaShi花诗肤人","value":"4402559","selected":false},{"label":"002 - erin002","value":"4402560","selected":false}]
ERIN000	门店调货（来自商品概览）	https://beta18.pospal.cn/StockFlow/StockFlowOut	入库档口：	label				false	false		[]
ERIN000	门店调货（来自商品概览）	https://beta18.pospal.cn/StockFlow/StockFlowOut	清除内容undefined	custom-select	ddl_toArea		singleSelect singleSelector	false	false		[{"label":"undefined","value":"","selected":true}]
ERIN000	门店调货（来自商品概览）	https://beta18.pospal.cn/StockFlow/StockFlowOut	调货价：	label				true	false		[]
ERIN000	门店调货（来自商品概览）	https://beta18.pospal.cn/StockFlow/StockFlowOut	上次进货价	custom-select	ddl_stockFlowPrice		singleSelector	true	false		[{"label":"上次进货价","value":"5","selected":true},{"label":"平均进货价","value":"2","selected":false},{"label":"销售价","value":"3","selected":false},{"label":"批发价","value":"4","selected":false},{"label":"指定订货价","value":"10","selected":false}]
ERIN000	门店调货（来自商品概览）	https://beta18.pospal.cn/StockFlow/StockFlowOut	复用原单商品的价格	custom-check	cb_reusePrice		checkBoxDiv checkBoxDivN fl reuseItem	false	false	false	[]
ERIN000	门店调货（来自商品概览）	https://beta18.pospal.cn/StockFlow/StockFlowOut	确认	div	btnConfirmStockFlowStore		btnBlue14	true	false		[]
ERIN000	门店调货（来自商品概览）	https://beta18.pospal.cn/StockFlow/StockFlowOut	全部分类	custom-select	ddl_category		singleSelector	false	false		[{"label":"全部分类","value":"","selected":true}]
ERIN000	门店调货（来自商品概览）	https://beta18.pospal.cn/StockFlow/StockFlowOut	全部供货商	custom-select	ddl_supplier		singleSelector	false	false		[{"label":"全部供货商","value":"","selected":true}]
ERIN000	门店调货（来自商品概览）	https://beta18.pospal.cn/StockFlow/StockFlowOut		text	txt_keyword		textInput clean	false	false		[]
ERIN000	门店调货（来自商品概览）	https://beta18.pospal.cn/StockFlow/StockFlowOut	搜索	div	btnLoadProducts		submitBtn	false	false		[]
ERIN000	门店调货（来自商品概览）	https://beta18.pospal.cn/StockFlow/StockFlowOut		checkbox	selectAll			false	false	false	[]
ERIN000	门店调货（来自商品概览）	https://beta18.pospal.cn/StockFlow/StockFlowOut	退货原因：	label				false	false		[]
ERIN000	门店调货（来自商品概览）	https://beta18.pospal.cn/StockFlow/StockFlowOut	请选择退货原因	custom-select	ddl_returnReason		singleSelector	false	false		[{"label":"请选择退货原因","value":"","selected":true}]
ERIN000	门店调货（来自商品概览）	https://beta18.pospal.cn/StockFlow/StockFlowOut		textarea	txt_remarks		fileReport	false	false		[]
ERIN000	门店调货（来自商品概览）	https://beta18.pospal.cn/StockFlow/StockFlowOut	提交货单	div			btnBlue14 btnGreen btnCreateStockFlowOut	false	false		[]
ERIN000	门店调货（来自商品概览）	https://beta18.pospal.cn/StockFlow/StockFlowOut	提交并出库	div			btnBlue14 btnCreateStockFlowOut	false	false		[]
ERIN000	门店调货（来自商品概览）	https://beta18.pospal.cn/StockFlow/StockFlowOut	提交完成	div			btnBlue14 btnCreateStockFlowOut	false	false		[]
ERIN000	门店调货（来自商品概览）	https://beta18.pospal.cn/StockFlow/StockFlowOut	下载模板	a	importTemplate		down	false	false		[]
ERIN000	门店调货（来自商品概览）	https://beta18.pospal.cn/StockFlow/StockFlowOut		text	importFileName			false	false		[]
ERIN000	门店调货（来自商品概览）	https://beta18.pospal.cn/StockFlow/StockFlowOut	选择文件	div	btnPickFile		fileBtn	false	false		[]
ERIN000	门店调货（来自商品概览）	https://beta18.pospal.cn/StockFlow/StockFlowOut	导入文件为.xls或.xlsx的excel文件，大小不超过3M	textarea	importMsg		fileReport	false	false		[]
ERIN000	门店调货（来自商品概览）	https://beta18.pospal.cn/StockFlow/StockFlowOut	单品备注	textarea	txt_itemRemarks		fileReport	false	false		[]
ERIN000	门店调货（来自商品概览）	https://beta18.pospal.cn/StockFlow/StockFlowOut	输入关键字搜索	text			textInput	false	false		[]
ERIN000	门店调货（来自商品概览）	https://beta18.pospal.cn/StockFlow/StockFlowOut	管理标签	div			btnBlue12 btnGreen btnShowEditTagDiv	false	false		[]
ERIN000	门店调货（来自商品概览）	https://beta18.pospal.cn/StockFlow/StockFlowOut	确认	div			btnBlue12 popupClose	false	false		[]
ERIN000	门店调货（来自商品概览）	https://beta18.pospal.cn/StockFlow/StockFlowOut	订货单号/调货单号	text			textInput clean js_txt_keyword	false	false		[]
ERIN000	门店调货（来自商品概览）	https://beta18.pospal.cn/StockFlow/StockFlowOut	搜索	div			submitBtn js_search	false	false		[]
ERIN000	门店调货（来自商品概览）	https://beta18.pospal.cn/StockFlow/StockFlowOut	名称/条码/拼音码	text			textInput clean js_txt_keyword	false	false		[]
ERIN000	门店调货（来自商品概览）	https://beta18.pospal.cn/StockFlow/StockFlowOut		textarea			textarea feedBackContent	false	false		[]
ERIN000	门店调货（来自商品概览）	https://beta18.pospal.cn/StockFlow/StockFlowOut	输入手机验证码	text			clean quantity txt_telVerifyCode	false	false		[]
ERIN000	门店调货（来自商品概览）	https://beta18.pospal.cn/StockFlow/StockFlowOut	不再提醒	custom-check			checkBoxDiv fl	false	false	false	[]
ERIN000	门店调货（来自商品概览）	https://beta18.pospal.cn/StockFlow/StockFlowOut	新会员注册通知	custom-check			checkBoxDiv on	false	false	true	[]
ERIN000	门店调货（来自商品概览）	https://beta18.pospal.cn/StockFlow/StockFlowOut	会员消费通知	custom-check			checkBoxDiv on	false	false	true	[]
ERIN000	门店调货（来自商品概览）	https://beta18.pospal.cn/StockFlow/StockFlowOut	网单发货通知	custom-check			checkBoxDiv on	false	false	true	[]
ERIN000	门店调货（来自商品概览）	https://beta18.pospal.cn/StockFlow/StockFlowOut	储值卡充值到账通知	custom-check			checkBoxDiv on	false	false	true	[]
ERIN000	门店调货（来自商品概览）	https://beta18.pospal.cn/StockFlow/StockFlowOut	搜问题…	text	txt_helpKeyword		HCSearchIpt	false	false		[]
ERIN000	门店调货（来自商品概览）	https://beta18.pospal.cn/StockFlow/StockFlowOut	请输入1000元以上金额	input			input quantity	false	false		[]
ERIN000	门店调货（来自商品概览）	https://beta18.pospal.cn/StockFlow/StockFlowOut	储值卡充值到账提醒	custom-check			checkBoxDiv on	false	false	true	[]
ERIN000	门店调货（来自商品概览）	https://beta18.pospal.cn/StockFlow/StockFlowOut	新会员注册-通知客户	custom-check			checkBoxDiv on	false	false	true	[]
ERIN000	门店调货（来自商品概览）	https://beta18.pospal.cn/StockFlow/StockFlowOut	请输入手机号	text			smsBalanceNoticeWidget_noticeTel edit_txt	false	false		[]
ERIN000	门店调货（来自商品概览）	https://beta18.pospal.cn/StockFlow/StockFlowOut	输入关键字，按回车搜索	text			searchInput	false	false		[]
ERIN000	门店调货（来自商品概览）	https://beta18.pospal.cn/StockFlow/StockFlowOut	请输入名称搜索	text			searchInput	false	false		[]
ERIN000	门店调货（来自商品概览）	https://beta18.pospal.cn/StockFlow/StockFlowOut	请输入门店账号，多个门店请用逗号、空格或换行分割	textarea			importSubStoreTextarea	false	false		[]
ERIN000	门店调货（来自商品概览）	https://beta18.pospal.cn/StockFlow/StockFlowOut	取消 保存配置	div			pospal-cth-v2__bottomBtns	false	false		[]
ERIN000	门店调货（来自商品概览）	https://beta18.pospal.cn/StockFlow/StockFlowOut	保存配置	div			btnBlue12 save	false	false		[]
ERIN000	门店调货（来自商品概览）	https://beta18.pospal.cn/StockFlow/StockFlowOut	选择	span			operation2 js_showSFTag	true	false		[]
ERIN000	门店进货（来自商品概览）	https://beta18.pospal.cn/StockFlow/StockFlowIn	返回	div			btnReturn btnGoBack	true	false		[]
ERIN000	门店进货（来自商品概览）	https://beta18.pospal.cn/StockFlow/StockFlowIn		text	createdDateTime		yb-input__inner hasDatepicker	false	false		[]
ERIN000	门店进货（来自商品概览）	https://beta18.pospal.cn/StockFlow/StockFlowIn	按货号合并	custom-check	groupRadioBox		radioBox	false	false	false	[]
ERIN000	门店进货（来自商品概览）	https://beta18.pospal.cn/StockFlow/StockFlowIn	导入货单	div	btnImport		btnBlue14 btnGreen	true	false		[]
ERIN000	门店进货（来自商品概览）	https://beta18.pospal.cn/StockFlow/StockFlowIn		text	txt_accuratekeyword		textInput clean	true	false		[]
ERIN000	门店进货（来自商品概览）	https://beta18.pospal.cn/StockFlow/StockFlowIn	搜索	div	btnQueryProduct		submitBtn	true	false		[]
ERIN000	门店进货（来自商品概览）	https://beta18.pospal.cn/StockFlow/StockFlowIn	扫码模式	custom-check	radioBox		radioBox	true	false	false	[]
ERIN000	门店进货（来自商品概览）	https://beta18.pospal.cn/StockFlow/StockFlowIn	货号精确匹配	custom-check	rb_accurateByArtNo		radioBox	false	false	false	[]
ERIN000	门店进货（来自商品概览）	https://beta18.pospal.cn/StockFlow/StockFlowIn	精确匹配	custom-check	rb_forceAccurateKeyword		radioBox	true	false	false	[]
ERIN000	门店进货（来自商品概览）	https://beta18.pospal.cn/StockFlow/StockFlowIn	确认进货	div	btnConfirmStockFlowIn		btnBlue14	true	false		[]
ERIN000	门店进货（来自商品概览）	https://beta18.pospal.cn/StockFlow/StockFlowIn	保存草稿	div			js_saveDraft btnWhite14	true	false		[]
ERIN000	门店进货（来自商品概览）	https://beta18.pospal.cn/StockFlow/StockFlowIn	是否启用	label				false	false		[]
ERIN000	门店进货（来自商品概览）	https://beta18.pospal.cn/StockFlow/StockFlowIn	所属门店:	label				false	false		[]
ERIN000	门店进货（来自商品概览）	https://beta18.pospal.cn/StockFlow/StockFlowIn	条码:	label				false	false		[]
ERIN000	门店进货（来自商品概览）	https://beta18.pospal.cn/StockFlow/StockFlowIn	条码:	text	edit_barcode		edit_txt	false	false		[]
ERIN000	门店进货（来自商品概览）	https://beta18.pospal.cn/StockFlow/StockFlowIn	生成	div	btn_createBarcode		btnNumber	false	false		[]
ERIN000	门店进货（来自商品概览）	https://beta18.pospal.cn/StockFlow/StockFlowIn	猜	div	btn_confirmBarcode		btnNumber btnBlue	false	false		[]
ERIN000	门店进货（来自商品概览）	https://beta18.pospal.cn/StockFlow/StockFlowIn	品名:	label				false	false		[]
ERIN000	门店进货（来自商品概览）	https://beta18.pospal.cn/StockFlow/StockFlowIn	品名:	text	edit_productName		edit_txt	false	false		[]
ERIN000	门店进货（来自商品概览）	https://beta18.pospal.cn/StockFlow/StockFlowIn	分类:	label				false	false		[]
ERIN000	门店进货（来自商品概览）	https://beta18.pospal.cn/StockFlow/StockFlowIn	售价:	label				false	false		[]
ERIN000	门店进货（来自商品概览）	https://beta18.pospal.cn/StockFlow/StockFlowIn	售价:	text	edit_sellPrice		edit_txt quantity	false	false		[]
ERIN000	门店进货（来自商品概览）	https://beta18.pospal.cn/StockFlow/StockFlowIn	进价:	label				false	false		[]
ERIN000	门店进货（来自商品概览）	https://beta18.pospal.cn/StockFlow/StockFlowIn	进价:	text	edit_buyPrice		edit_txt quantity	false	false		[]
ERIN000	门店进货（来自商品概览）	https://beta18.pospal.cn/StockFlow/StockFlowIn	进货量:	label				false	false		[]
ERIN000	门店进货（来自商品概览）	https://beta18.pospal.cn/StockFlow/StockFlowIn	进货量:	text	edit_stock		edit_txt quantity	false	false		[]
ERIN000	门店进货（来自商品概览）	https://beta18.pospal.cn/StockFlow/StockFlowIn	？	span			operation2 btnShowBaseQuantityTip	false	false		[]
ERIN000	门店进货（来自商品概览）	https://beta18.pospal.cn/StockFlow/StockFlowIn		text			buyerMinQuantity	false	false		[]
ERIN000	门店进货（来自商品概览）	https://beta18.pospal.cn/StockFlow/StockFlowIn	会员折扣:	label				false	false		[]
ERIN000	门店进货（来自商品概览）	https://beta18.pospal.cn/StockFlow/StockFlowIn	会员价:	label				false	false		[]
ERIN000	门店进货（来自商品概览）	https://beta18.pospal.cn/StockFlow/StockFlowIn	会员价:	text	edit_customerPrice		edit_txt quantity	false	false		[]
ERIN000	门店进货（来自商品概览）	https://beta18.pospal.cn/StockFlow/StockFlowIn	批发价:	label				false	false		[]
ERIN000	门店进货（来自商品概览）	https://beta18.pospal.cn/StockFlow/StockFlowIn	批发价:	text	edit_sellPrice2		edit_txt quantity	false	false		[]
ERIN000	门店进货（来自商品概览）	https://beta18.pospal.cn/StockFlow/StockFlowIn	花诗会员	label				false	false		[]
ERIN000	门店进货（来自商品概览）	https://beta18.pospal.cn/StockFlow/StockFlowIn	紫花会员	label				false	false		[]
ERIN000	门店进货（来自商品概览）	https://beta18.pospal.cn/StockFlow/StockFlowIn	银花会员	label				false	false		[]
ERIN000	门店进货（来自商品概览）	https://beta18.pospal.cn/StockFlow/StockFlowIn	金花会员	label				false	false		[]
ERIN000	门店进货（来自商品概览）	https://beta18.pospal.cn/StockFlow/StockFlowIn	玉花会员	label				false	false		[]
ERIN000	门店进货（来自商品概览）	https://beta18.pospal.cn/StockFlow/StockFlowIn	主单位:	label				false	false		[]
ERIN000	门店进货（来自商品概览）	https://beta18.pospal.cn/StockFlow/StockFlowIn	订货单位	custom-check			radioBox requestUnit	false	false	false	[]
ERIN000	门店进货（来自商品概览）	https://beta18.pospal.cn/StockFlow/StockFlowIn	商品规格:	label				false	false		[]
ERIN000	门店进货（来自商品概览）	https://beta18.pospal.cn/StockFlow/StockFlowIn	商品规格:	text	edit_attribute6		edit_txt	false	false		[]
ERIN000	门店进货（来自商品概览）	https://beta18.pospal.cn/StockFlow/StockFlowIn	是否有其它规格	label				false	false		[]
ERIN000	门店进货（来自商品概览）	https://beta18.pospal.cn/StockFlow/StockFlowIn	不同规格之间是否有数量换算关系	label				false	false		[]
ERIN000	门店进货（来自商品概览）	https://beta18.pospal.cn/StockFlow/StockFlowIn		label				false	false		[]
ERIN000	门店进货（来自商品概览）	https://beta18.pospal.cn/StockFlow/StockFlowIn	拼音码:	label				false	false		[]
ERIN000	门店进货（来自商品概览）	https://beta18.pospal.cn/StockFlow/StockFlowIn	拼音码:	text	edit_pinyin		edit_txt	false	false		[]
ERIN000	门店进货（来自商品概览）	https://beta18.pospal.cn/StockFlow/StockFlowIn	商品品牌:	label				false	false		[]
ERIN000	门店进货（来自商品概览）	https://beta18.pospal.cn/StockFlow/StockFlowIn	供货商:	label				false	false		[]
ERIN000	门店进货（来自商品概览）	https://beta18.pospal.cn/StockFlow/StockFlowIn	生产日期:	label				false	false		[]
ERIN000	门店进货（来自商品概览）	https://beta18.pospal.cn/StockFlow/StockFlowIn	生产日期:	text	edit_productionDate		edit_txt	false	false		[]
ERIN000	门店进货（来自商品概览）	https://beta18.pospal.cn/StockFlow/StockFlowIn	保质期:	label				false	false		[]
ERIN000	门店进货（来自商品概览）	https://beta18.pospal.cn/StockFlow/StockFlowIn	保质期:	text	edit_shelfLife		edit_txt quantity	false	false		[]
ERIN000	门店进货（来自商品概览）	https://beta18.pospal.cn/StockFlow/StockFlowIn	库存上限:	label				false	false		[]
ERIN000	门店进货（来自商品概览）	https://beta18.pospal.cn/StockFlow/StockFlowIn	库存上限:	text	edit_maxStock		edit_txt quantity	false	false		[]
ERIN000	门店进货（来自商品概览）	https://beta18.pospal.cn/StockFlow/StockFlowIn	库存下限:	label				false	false		[]
ERIN000	门店进货（来自商品概览）	https://beta18.pospal.cn/StockFlow/StockFlowIn	库存下限:	text	edit_minStock		edit_txt quantity	false	false		[]
ERIN000	门店进货（来自商品概览）	https://beta18.pospal.cn/StockFlow/StockFlowIn	货号:	label				false	false		[]
ERIN000	门店进货（来自商品概览）	https://beta18.pospal.cn/StockFlow/StockFlowIn	货号:	text	edit_attribute4		edit_txt	false	false		[]
ERIN000	门店进货（来自商品概览）	https://beta18.pospal.cn/StockFlow/StockFlowIn	自定义1:	label				false	false		[]
ERIN000	门店进货（来自商品概览）	https://beta18.pospal.cn/StockFlow/StockFlowIn	自定义1:	text	edit_attribute1		edit_txt	false	false		[]
ERIN000	门店进货（来自商品概览）	https://beta18.pospal.cn/StockFlow/StockFlowIn	自定义2:	label				false	false		[]
ERIN000	门店进货（来自商品概览）	https://beta18.pospal.cn/StockFlow/StockFlowIn	自定义2:	text	edit_attribute2		edit_txt	false	false		[]
ERIN000	门店进货（来自商品概览）	https://beta18.pospal.cn/StockFlow/StockFlowIn	自定义3:	label				false	false		[]
ERIN000	门店进货（来自商品概览）	https://beta18.pospal.cn/StockFlow/StockFlowIn	自定义3:	text	edit_attribute3		edit_txt	false	false		[]
ERIN000	门店进货（来自商品概览）	https://beta18.pospal.cn/StockFlow/StockFlowIn	商品标签	label				false	false		[]
ERIN000	门店进货（来自商品概览）	https://beta18.pospal.cn/StockFlow/StockFlowIn	+ 选择标签	div	edit_btnSelectTags		btnBlue12 btnGrey	false	false		[]
ERIN000	门店进货（来自商品概览）	https://beta18.pospal.cn/StockFlow/StockFlowIn	备注:	label				false	false		[]
ERIN000	门店进货（来自商品概览）	https://beta18.pospal.cn/StockFlow/StockFlowIn		textarea	edit_remarks		edit_txt	false	false		[]
ERIN000	门店进货（来自商品概览）	https://beta18.pospal.cn/StockFlow/StockFlowIn	进货方：	label				true	false		[]
ERIN000	门店进货（来自商品概览）	https://beta18.pospal.cn/StockFlow/StockFlowIn	ERIN埃琳(总部)	custom-select	ddl_stockFlowInStore		singleSelect singleSelector	true	false		[{"label":"ERIN埃琳(总部)","value":"4402557","selected":true},{"label":"001 - Mrs.HuaShi花诗肤人","value":"4402559","selected":false},{"label":"002 - erin002","value":"4402560","selected":false}]
ERIN000	门店进货（来自商品概览）	https://beta18.pospal.cn/StockFlow/StockFlowIn	进货类型：	label				false	false		[]
ERIN000	门店进货（来自商品概览）	https://beta18.pospal.cn/StockFlow/StockFlowIn	供货商：	label				true	false		[]
ERIN000	门店进货（来自商品概览）	https://beta18.pospal.cn/StockFlow/StockFlowIn	- 请选择供货商 -	custom-select	ddl_stockFlowInSupplier		singleSelect singleSelector	true	false		[{"label":"- 请选择供货商 -","value":"","selected":true},{"label":"[业务对象选项 2]","value":"253512890107708689","selected":false},{"label":"[业务对象选项 3]","value":"283468806102039784","selected":false},{"label":"[业务对象选项 4]","value":"184150524234240575","selected":false},{"label":"[业务对象选项 5]","value":"1127041560591820554","selected":false},{"label":"[业务对象选项 6]","value":"1051143024588241053","selected":false},{"label":"[业务对象选项 7]","value":"943715071657855705","selected":false},{"label":"[业务对象选项 8]","value":"562702328618014302","selected":false}]
ERIN000	门店进货（来自商品概览）	https://beta18.pospal.cn/StockFlow/StockFlowIn	编辑供货商	div			bottom btnEdit	false	false		[]
ERIN000	门店进货（来自商品概览）	https://beta18.pospal.cn/StockFlow/StockFlowIn	成本核算：	label				false	false		[]
ERIN000	门店进货（来自商品概览）	https://beta18.pospal.cn/StockFlow/StockFlowIn	确认	div	btnConfirmStockFlowInStore		btnBlue14	true	false		[]
ERIN000	门店进货（来自商品概览）	https://beta18.pospal.cn/StockFlow/StockFlowIn	全部分类	custom-select	ddl_category		singleSelector	false	false		[{"label":"全部分类","value":"","selected":true}]
ERIN000	门店进货（来自商品概览）	https://beta18.pospal.cn/StockFlow/StockFlowIn	全部供货商	custom-select	ddl_supplier		singleSelector	false	false		[{"label":"全部供货商","value":"","selected":true}]
ERIN000	门店进货（来自商品概览）	https://beta18.pospal.cn/StockFlow/StockFlowIn	清除内容undefined	custom-select	ddl_brand		singleSelector	false	false		[{"label":"undefined","value":"","selected":true}]
ERIN000	门店进货（来自商品概览）	https://beta18.pospal.cn/StockFlow/StockFlowIn		text	txt_keyword		textInput clean	false	false		[]
ERIN000	门店进货（来自商品概览）	https://beta18.pospal.cn/StockFlow/StockFlowIn	搜索	div	btnLoadProducts		submitBtn	false	false		[]
ERIN000	门店进货（来自商品概览）	https://beta18.pospal.cn/StockFlow/StockFlowIn		checkbox	selectAll			false	false	false	[]
ERIN000	门店进货（来自商品概览）	https://beta18.pospal.cn/StockFlow/StockFlowIn	编辑商品 刷新	div			product-row-btn-box	false	false		[]
ERIN000	门店进货（来自商品概览）	https://beta18.pospal.cn/StockFlow/StockFlowIn	编辑商品	div			btnBlue12 is-new btnToProductManage fl isbtn32	false	false		[]
ERIN000	门店进货（来自商品概览）	https://beta18.pospal.cn/StockFlow/StockFlowIn	刷新	div			btnWhite12 is-new btnRefresh fl isbtn32	false	false		[]
ERIN000	门店进货（来自商品概览）	https://beta18.pospal.cn/StockFlow/StockFlowIn	所有颜色	custom-select			ddl_batch_color singleSelector	false	false		[{"label":"所有颜色","value":"","selected":true}]
ERIN000	门店进货（来自商品概览）	https://beta18.pospal.cn/StockFlow/StockFlowIn	所有尺码	custom-select			ddl_batch_size singleSelector	false	false		[{"label":"所有尺码","value":"","selected":true}]
ERIN000	门店进货（来自商品概览）	https://beta18.pospal.cn/StockFlow/StockFlowIn	进货量	label				false	false		[]
ERIN000	门店进货（来自商品概览）	https://beta18.pospal.cn/StockFlow/StockFlowIn	批量填入	div			btnWhite12 is-new isbtn32 btnBatchUpdate	false	false		[]
ERIN000	门店进货（来自商品概览）	https://beta18.pospal.cn/StockFlow/StockFlowIn	确认添加	div			btnBlue12 is-new isbtn32 js_btn_confirm_add 	false	false		[]
ERIN000	门店进货（来自商品概览）	https://beta18.pospal.cn/StockFlow/StockFlowIn	预付款：	label				false	false		[]
ERIN000	门店进货（来自商品概览）	https://beta18.pospal.cn/StockFlow/StockFlowIn		text	paidMoney		pay	false	false		[]
ERIN000	门店进货（来自商品概览）	https://beta18.pospal.cn/StockFlow/StockFlowIn	常用备注：	label				false	false		[]
ERIN000	门店进货（来自商品概览）	https://beta18.pospal.cn/StockFlow/StockFlowIn	清除内容	custom-select	remarksOptionSelector		singleSelector	false	false		[]
ERIN000	门店进货（来自商品概览）	https://beta18.pospal.cn/StockFlow/StockFlowIn		textarea	txt_remarks		fileReport	false	false		[]
ERIN000	门店进货（来自商品概览）	https://beta18.pospal.cn/StockFlow/StockFlowIn		file	html5_1k3tlopk217a517bih49g4rn6d3			false	false		[]
ERIN000	门店进货（来自商品概览）	https://beta18.pospal.cn/StockFlow/StockFlowIn		checkbox	stockFlowRemarks_chk			false	false	true	[]
ERIN000	门店进货（来自商品概览）	https://beta18.pospal.cn/StockFlow/StockFlowIn	提交货单	div	btnNotifyPC		btnBlue14 btnGreen btnSaveStockFlowIn	false	false		[]
ERIN000	门店进货（来自商品概览）	https://beta18.pospal.cn/StockFlow/StockFlowIn	提交并入库	div			btnBlue14 btnSaveStockFlowIn	false	false		[]
ERIN000	门店进货（来自商品概览）	https://beta18.pospal.cn/StockFlow/StockFlowIn	提交货单	div			btnBlue14 btnSaveStockFlowIn	false	false		[]
ERIN000	门店进货（来自商品概览）	https://beta18.pospal.cn/StockFlow/StockFlowIn	请输入备注	textarea	txt_remark		fileReport	false	false		[]
ERIN000	门店进货（来自商品概览）	https://beta18.pospal.cn/StockFlow/StockFlowIn	挂单	div			btnBlue14 btnSavePendOrder	false	false		[]
ERIN000	门店进货（来自商品概览）	https://beta18.pospal.cn/StockFlow/StockFlowIn	下载模板	a	importTemplate		down	false	false		[]
ERIN000	门店进货（来自商品概览）	https://beta18.pospal.cn/StockFlow/StockFlowIn		text	importFileName			false	false		[]
ERIN000	门店进货（来自商品概览）	https://beta18.pospal.cn/StockFlow/StockFlowIn	选择文件	div	btnPickFile		fileBtn	false	false		[]
ERIN000	门店进货（来自商品概览）	https://beta18.pospal.cn/StockFlow/StockFlowIn	导入文件为.xls或.xlsx的excel文件，大小不超过3M	textarea	importMsg		fileReport	false	false		[]
ERIN000	门店进货（来自商品概览）	https://beta18.pospal.cn/StockFlow/StockFlowIn	确认	div			btnBlue12 confirm	false	false		[]
ERIN000	门店进货（来自商品概览）	https://beta18.pospal.cn/StockFlow/StockFlowIn		text	uploadImageNames			false	false		[]
ERIN000	门店进货（来自商品概览）	https://beta18.pospal.cn/StockFlow/StockFlowIn	选择文件	div	btnPickImages		fileBtn	false	false		[]
ERIN000	门店进货（来自商品概览）	https://beta18.pospal.cn/StockFlow/StockFlowIn	输入商品颜色	text			attrs-set__input txt_productColor	false	false		[]
ERIN000	门店进货（来自商品概览）	https://beta18.pospal.cn/StockFlow/StockFlowIn	添加颜色	div			attrs-set__btn-wrapper	false	false		[]
ERIN000	门店进货（来自商品概览）	https://beta18.pospal.cn/StockFlow/StockFlowIn	颜色组1	custom-check			checkBoxDiv on	false	false	true	[]
ERIN000	门店进货（来自商品概览）	https://beta18.pospal.cn/StockFlow/StockFlowIn	红色	custom-check			checkBoxDiv on	false	false	true	[]
ERIN000	门店进货（来自商品概览）	https://beta18.pospal.cn/StockFlow/StockFlowIn	输入商品尺码	text			attrs-set__input txt_productSize	false	false		[]
ERIN000	门店进货（来自商品概览）	https://beta18.pospal.cn/StockFlow/StockFlowIn	添加尺码	div			attrs-set__btn-wrapper	false	false		[]
ERIN000	门店进货（来自商品概览）	https://beta18.pospal.cn/StockFlow/StockFlowIn	尺码组1	custom-check			checkBoxDiv on	false	false	true	[]
ERIN000	门店进货（来自商品概览）	https://beta18.pospal.cn/StockFlow/StockFlowIn	xxl	custom-check			checkBoxDiv on	false	false	true	[]
ERIN000	门店进货（来自商品概览）	https://beta18.pospal.cn/StockFlow/StockFlowIn	规则	a	tip_createMulColorSizeBarcodeRule		operation2 barcodeRuleTip	false	false		[]
ERIN000	门店进货（来自商品概览）	https://beta18.pospal.cn/StockFlow/StockFlowIn	○ -	custom-switch			swicth	false	false	true	[]
ERIN000	门店进货（来自商品概览）	https://beta18.pospal.cn/StockFlow/StockFlowIn	批量操作	div			btnFont btnShowBatchUpdate	false	false		[]
ERIN000	门店进货（来自商品概览）	https://beta18.pospal.cn/StockFlow/StockFlowIn	批量填充	div			btnBlue12 is-new is-disabled btnBatchUpdate	false	false		[]
ERIN000	门店进货（来自商品概览）	https://beta18.pospal.cn/StockFlow/StockFlowIn	新增箱码	div			btnBlue14 js_add	false	false		[]
ERIN000	门店进货（来自商品概览）	https://beta18.pospal.cn/StockFlow/StockFlowIn	入库库区：	label				false	false		[]
ERIN000	门店进货（来自商品概览）	https://beta18.pospal.cn/StockFlow/StockFlowIn	原进货金额：	label				false	false		[]
ERIN000	门店进货（来自商品概览）	https://beta18.pospal.cn/StockFlow/StockFlowIn		text	stockFlow_change_orderAmount_before		pay	false	true		[]
ERIN000	门店进货（来自商品概览）	https://beta18.pospal.cn/StockFlow/StockFlowIn	改后进货金额：	label				false	false		[]
ERIN000	门店进货（来自商品概览）	https://beta18.pospal.cn/StockFlow/StockFlowIn		text	stockFlow_change_orderAmount_after		pay	false	false		[]
ERIN000	门店进货（来自商品概览）	https://beta18.pospal.cn/StockFlow/StockFlowIn	输入关键字搜索	text			textInput	false	false		[]
ERIN000	门店进货（来自商品概览）	https://beta18.pospal.cn/StockFlow/StockFlowIn	管理标签	div			btnBlue12 btnGreen btnShowEditTagDiv	false	false		[]
ERIN000	门店进货（来自商品概览）	https://beta18.pospal.cn/StockFlow/StockFlowIn		textarea			textarea feedBackContent	false	false		[]
ERIN000	门店进货（来自商品概览）	https://beta18.pospal.cn/StockFlow/StockFlowIn	输入手机验证码	text			clean quantity txt_telVerifyCode	false	false		[]
ERIN000	门店进货（来自商品概览）	https://beta18.pospal.cn/StockFlow/StockFlowIn	不再提醒	custom-check			checkBoxDiv fl	false	false	false	[]
ERIN000	门店进货（来自商品概览）	https://beta18.pospal.cn/StockFlow/StockFlowIn	新会员注册通知	custom-check			checkBoxDiv on	false	false	true	[]
ERIN000	门店进货（来自商品概览）	https://beta18.pospal.cn/StockFlow/StockFlowIn	会员消费通知	custom-check			checkBoxDiv on	false	false	true	[]
ERIN000	门店进货（来自商品概览）	https://beta18.pospal.cn/StockFlow/StockFlowIn	网单发货通知	custom-check			checkBoxDiv on	false	false	true	[]
ERIN000	门店进货（来自商品概览）	https://beta18.pospal.cn/StockFlow/StockFlowIn	储值卡充值到账通知	custom-check			checkBoxDiv on	false	false	true	[]
ERIN000	门店进货（来自商品概览）	https://beta18.pospal.cn/StockFlow/StockFlowIn	搜问题…	text	txt_helpKeyword		HCSearchIpt	false	false		[]
ERIN000	门店进货（来自商品概览）	https://beta18.pospal.cn/StockFlow/StockFlowIn	请输入1000元以上金额	input			input quantity	false	false		[]
ERIN000	门店进货（来自商品概览）	https://beta18.pospal.cn/StockFlow/StockFlowIn	储值卡充值到账提醒	custom-check			checkBoxDiv on	false	false	true	[]
ERIN000	门店进货（来自商品概览）	https://beta18.pospal.cn/StockFlow/StockFlowIn	新会员注册-通知客户	custom-check			checkBoxDiv on	false	false	true	[]
ERIN000	门店进货（来自商品概览）	https://beta18.pospal.cn/StockFlow/StockFlowIn	请输入手机号	text			smsBalanceNoticeWidget_noticeTel edit_txt	false	false		[]
ERIN000	门店进货（来自商品概览）	https://beta18.pospal.cn/StockFlow/StockFlowIn	输入关键字，按回车搜索	text			searchInput	false	false		[]
ERIN000	门店进货（来自商品概览）	https://beta18.pospal.cn/StockFlow/StockFlowIn	请输入名称搜索	text			searchInput	false	false		[]
ERIN000	门店进货（来自商品概览）	https://beta18.pospal.cn/StockFlow/StockFlowIn	请输入门店账号，多个门店请用逗号、空格或换行分割	textarea			importSubStoreTextarea	false	false		[]
ERIN000	门店进货（来自商品概览）	https://beta18.pospal.cn/StockFlow/StockFlowIn	取消 保存配置	div			pospal-cth-v2__bottomBtns	false	false		[]
ERIN000	门店进货（来自商品概览）	https://beta18.pospal.cn/StockFlow/StockFlowIn	保存配置	div			btnBlue12 save	false	false		[]
ERIN000	门店进货（来自商品概览）	https://beta18.pospal.cn/StockFlow/StockFlowIn	选择	span			operation2 js_showSFTag	true	false		[]
ERIN000	更多（来自概览）	https://beta18.pospal.cn/Report/StorePerformanceTargets	导出 导入销售目标	div			conditionLeft textBtn	true	false		[]
ERIN000	更多（来自概览）	https://beta18.pospal.cn/Report/StorePerformanceTargets	导出	div	btnExport		btnBlue	true	false		[]
ERIN000	更多（来自概览）	https://beta18.pospal.cn/Report/StorePerformanceTargets	导入销售目标	div	btnImport		btnBlue	true	false		[]
ERIN000	更多（来自概览）	https://beta18.pospal.cn/Report/StorePerformanceTargets	全部门店	custom-select	ddl_subUsers		singleSelector multiple	true	false		[{"label":"ERIN埃琳(总部)","value":"4402557","selected":false},{"label":"001 - Mrs.HuaShi花诗肤人","value":"4402559","selected":false},{"label":"002 - erin002","value":"4402560","selected":false}]
ERIN000	更多（来自概览）	https://beta18.pospal.cn/Report/StorePerformanceTargets		text			textInput	false	false		[]
ERIN000	更多（来自概览）	https://beta18.pospal.cn/Report/StorePerformanceTargets	高级	span			btnMultipleAdvanced	true	false		[]
ERIN000	更多（来自概览）	https://beta18.pospal.cn/Report/StorePerformanceTargets	按月	custom-select	ddl_timeType		singleSelector	true	false		[{"label":"按月","value":"1","selected":true},{"label":"按日","value":"2","selected":false}]
ERIN000	更多（来自概览）	https://beta18.pospal.cn/Report/StorePerformanceTargets	2026年	custom-select	ddl_yearSelector		singleSelector	true	false		[{"label":"2026年","value":"2026","selected":true},{"label":"2025年","value":"2025","selected":false},{"label":"2024年","value":"2024","selected":false},{"label":"2023年","value":"2023","selected":false},{"label":"2022年","value":"2022","selected":false},{"label":"2021年","value":"2021","selected":false},{"label":"2020年","value":"2020","selected":false},{"label":"2019年","value":"2019","selected":false}]
ERIN000	更多（来自概览）	https://beta18.pospal.cn/Report/StorePerformanceTargets	10月	custom-select	ddl_yearMonthSelector		singleSelector	true	false		[{"label":"1月","value":"1","selected":false},{"label":"2月","value":"2","selected":false},{"label":"3月","value":"3","selected":false},{"label":"4月","value":"4","selected":false},{"label":"5月","value":"5","selected":false},{"label":"6月","value":"6","selected":false},{"label":"7月","value":"7","selected":false},{"label":"8月","value":"8","selected":false},{"label":"9月","value":"9","selected":false},{"label":"10月","value":"10","selected":true},{"label":"11月","value":"11","selected":false},{"label":"12月","value":"12","selected":false}]
ERIN000	更多（来自概览）	https://beta18.pospal.cn/Report/StorePerformanceTargets		text	txt_storePerformanceTargetsDate		yb-input__inner hasDatepicker	false	false		[]
ERIN000	更多（来自概览）	https://beta18.pospal.cn/Report/StorePerformanceTargets	查询	div			submitBtn	true	false		[]
ERIN000	更多（来自概览）	https://beta18.pospal.cn/Report/StorePerformanceTargets	已存在的目标金额是否更新：	label			borderLabel	false	false		[]
ERIN000	更多（来自概览）	https://beta18.pospal.cn/Report/StorePerformanceTargets	下载模板	a	importTemplate		down	false	false		[]
ERIN000	更多（来自概览）	https://beta18.pospal.cn/Report/StorePerformanceTargets		text	importFileName			false	false		[]
ERIN000	更多（来自概览）	https://beta18.pospal.cn/Report/StorePerformanceTargets	选择文件	div	btnPickFile		fileBtn	false	false		[]
ERIN000	更多（来自概览）	https://beta18.pospal.cn/Report/StorePerformanceTargets	导入文件为.xls的excel文件，大小不超过3M	label				false	false		[]
ERIN000	更多（来自概览）	https://beta18.pospal.cn/Report/StorePerformanceTargets		textarea			textarea feedBackContent	false	false		[]
ERIN000	更多（来自概览）	https://beta18.pospal.cn/Report/StorePerformanceTargets	输入手机验证码	text			clean quantity txt_telVerifyCode	false	false		[]
ERIN000	更多（来自概览）	https://beta18.pospal.cn/Report/StorePerformanceTargets	不再提醒	custom-check			checkBoxDiv fl	false	false	false	[]
ERIN000	更多（来自概览）	https://beta18.pospal.cn/Report/StorePerformanceTargets	新会员注册通知	custom-check			checkBoxDiv on	false	false	true	[]
ERIN000	更多（来自概览）	https://beta18.pospal.cn/Report/StorePerformanceTargets	会员消费通知	custom-check			checkBoxDiv on	false	false	true	[]
ERIN000	更多（来自概览）	https://beta18.pospal.cn/Report/StorePerformanceTargets	网单发货通知	custom-check			checkBoxDiv on	false	false	true	[]
ERIN000	更多（来自概览）	https://beta18.pospal.cn/Report/StorePerformanceTargets	储值卡充值到账通知	custom-check			checkBoxDiv on	false	false	true	[]
ERIN000	更多（来自概览）	https://beta18.pospal.cn/Report/StorePerformanceTargets	搜问题…	text	txt_helpKeyword		HCSearchIpt	false	false		[]
ERIN000	更多（来自概览）	https://beta18.pospal.cn/Report/StorePerformanceTargets	请输入1000元以上金额	input			input quantity	false	false		[]
ERIN000	更多（来自概览）	https://beta18.pospal.cn/Report/StorePerformanceTargets	储值卡充值到账提醒	custom-check			checkBoxDiv on	false	false	true	[]
ERIN000	更多（来自概览）	https://beta18.pospal.cn/Report/StorePerformanceTargets	新会员注册-通知客户	custom-check			checkBoxDiv on	false	false	true	[]
ERIN000	更多（来自概览）	https://beta18.pospal.cn/Report/StorePerformanceTargets	请输入手机号	text			smsBalanceNoticeWidget_noticeTel edit_txt	false	false		[]
ERIN000	更多（来自概览）	https://beta18.pospal.cn/Report/StorePerformanceTargets	输入关键字，按回车搜索	text			searchInput	false	false		[]
ERIN000	更多（来自概览）	https://beta18.pospal.cn/Report/StorePerformanceTargets	请输入名称搜索	text			searchInput	false	false		[]
ERIN000	更多（来自概览）	https://beta18.pospal.cn/Report/StorePerformanceTargets	请输入门店账号，多个门店请用逗号、空格或换行分割	textarea			importSubStoreTextarea	false	false		[]
ERIN000	前往查看（来自商家结算明细）	https://beta18.pospal.cn/System/Help	企业QQ：800 008 626	a			novice-nav__contact	true	false		[]
ERIN000	前往查看（来自商家结算明细）	https://beta18.pospal.cn/System/Help	前往	a			pospalClickCount	true	false		[]
ERIN000	前往查看（来自商家结算明细）	https://beta18.pospal.cn/System/Help	前往	div			novice-nav__btn_new	true	false		[]
ERIN000	前往查看（来自商家结算明细）	https://beta18.pospal.cn/System/Help	前往	a			pospalClickCount	true	false		[]
ERIN000	前往查看（来自商家结算明细）	https://beta18.pospal.cn/System/Help	导入	a			pospalClickCount	true	false		[]
ERIN000	前往查看（来自商家结算明细）	https://beta18.pospal.cn/System/Help	导入	div			novice-nav__btn_new white	true	false		[]
ERIN000	前往查看（来自商家结算明细）	https://beta18.pospal.cn/System/Help	前往	a			pospalClickCount	true	false		[]
ERIN000	前往查看（来自商家结算明细）	https://beta18.pospal.cn/System/Help	前往	a			pospalClickCount	true	false		[]
ERIN000	前往查看（来自商家结算明细）	https://beta18.pospal.cn/System/Help	导入	a			pospalClickCount	true	false		[]
ERIN000	前往查看（来自商家结算明细）	https://beta18.pospal.cn/System/Help	前往	a			pospalClickCount	true	false		[]
ERIN000	前往查看（来自商家结算明细）	https://beta18.pospal.cn/System/Help	前往	a			pospalClickCount	true	false		[]
ERIN000	前往查看（来自商家结算明细）	https://beta18.pospal.cn/System/Help	下载	a			myShopDownlaodBtn helpTips	true	false		[]
ERIN000	前往查看（来自商家结算明细）	https://beta18.pospal.cn/System/Help	下载	div			novice-nav__btn_new	true	false		[]
ERIN000	前往查看（来自商家结算明细）	https://beta18.pospal.cn/System/Help	前往	a			pospalClickCount	true	false		[]
ERIN000	前往查看（来自商家结算明细）	https://beta18.pospal.cn/System/Help	小程序	a			pospalClickCount	true	false		[]
ERIN000	前往查看（来自商家结算明细）	https://beta18.pospal.cn/System/Help	智能监控	a			pospalClickCount	true	false		[]
ERIN000	前往查看（来自商家结算明细）	https://beta18.pospal.cn/System/Help	会员营销	a			pospalClickCount	true	false		[]
ERIN000	前往查看（来自商家结算明细）	https://beta18.pospal.cn/System/Help	会员短信 助力营收	a			pospalClickCount	true	false		[]
ERIN000	前往查看（来自商家结算明细）	https://beta18.pospal.cn/System/Help	电子发票	a			pospalClickCount	true	false		[]
ERIN000	前往查看（来自商家结算明细）	https://beta18.pospal.cn/System/Help		text			edit_txt phone	false	false		[]
ERIN000	前往查看（来自商家结算明细）	https://beta18.pospal.cn/System/Help		textarea			textarea feedBackContent	false	false		[]
ERIN000	前往查看（来自商家结算明细）	https://beta18.pospal.cn/System/Help	输入手机验证码	text			clean quantity txt_telVerifyCode	false	false		[]
ERIN000	前往查看（来自商家结算明细）	https://beta18.pospal.cn/System/Help	不再提醒	custom-check			checkBoxDiv fl	false	false	false	[]
ERIN000	前往查看（来自商家结算明细）	https://beta18.pospal.cn/System/Help	新会员注册通知	custom-check			checkBoxDiv on	false	false	true	[]
ERIN000	前往查看（来自商家结算明细）	https://beta18.pospal.cn/System/Help	会员消费通知	custom-check			checkBoxDiv on	false	false	true	[]
ERIN000	前往查看（来自商家结算明细）	https://beta18.pospal.cn/System/Help	网单发货通知	custom-check			checkBoxDiv on	false	false	true	[]
ERIN000	前往查看（来自商家结算明细）	https://beta18.pospal.cn/System/Help	储值卡充值到账通知	custom-check			checkBoxDiv on	false	false	true	[]
ERIN000	前往查看（来自商家结算明细）	https://beta18.pospal.cn/System/Help	搜问题…	text	txt_helpKeyword		HCSearchIpt	false	false		[]
ERIN000	前往查看（来自商家结算明细）	https://beta18.pospal.cn/System/Help	请输入1000元以上金额	input			input quantity	false	false		[]
ERIN000	前往查看（来自商家结算明细）	https://beta18.pospal.cn/System/Help	储值卡充值到账提醒	custom-check			checkBoxDiv on	false	false	true	[]
ERIN000	前往查看（来自商家结算明细）	https://beta18.pospal.cn/System/Help	新会员注册-通知客户	custom-check			checkBoxDiv on	false	false	true	[]
ERIN000	前往查看（来自商家结算明细）	https://beta18.pospal.cn/System/Help	请输入手机号	text			smsBalanceNoticeWidget_noticeTel edit_txt	false	false		[]
ERIN000	前往查看（来自商家结算明细）	https://beta18.pospal.cn/System/Help	输入关键字，按回车搜索	text			searchInput	false	false		[]
ERIN000	前往查看（来自商家结算明细）	https://beta18.pospal.cn/System/Help	请输入名称搜索	text			searchInput	false	false		[]
ERIN000	前往查看（来自商家结算明细）	https://beta18.pospal.cn/System/Help	请输入门店账号，多个门店请用逗号、空格或换行分割	textarea			importSubStoreTextarea	false	false		[]
ERIN000	前往查看（来自商家结算明细）	https://beta18.pospal.cn/System/Help	小程序	div			solution-box	true	false		[]
ERIN000	前往查看（来自商家结算明细）	https://beta18.pospal.cn/System/Help	智能监控	div			solution-box	true	false		[]
ERIN000	前往查看（来自商家结算明细）	https://beta18.pospal.cn/System/Help	会员营销	div			solution-box	true	false		[]
ERIN000	前往查看（来自商家结算明细）	https://beta18.pospal.cn/System/Help	会员短信 助力营收	div			solution-box	true	false		[]
ERIN000	前往查看（来自商家结算明细）	https://beta18.pospal.cn/System/Help	会员短信	div			solution-box__title	true	false		[]
ERIN000	前往查看（来自商家结算明细）	https://beta18.pospal.cn/System/Help	助力营收	div				true	false		[]
ERIN000	前往查看（来自商家结算明细）	https://beta18.pospal.cn/System/Help	电子发票	div			solution-box	true	false		[]
ERIN000	更多设置（来自商家结算明细）	https://beta18.pospal.cn/Setting/SystemNoticeSetting	编辑	div	btnEditProductRequestNotify		operate-btn	true	false		[]
ERIN000	更多设置（来自商家结算明细）	https://beta18.pospal.cn/Setting/SystemNoticeSetting	编辑	div	btnEditProductCommentNotify		operate-btn	true	false		[]
ERIN000	更多设置（来自商家结算明细）	https://beta18.pospal.cn/Setting/SystemNoticeSetting		custom-check	ck_webOrderRewarning		checkBoxDiv on	true	false	true	[]
ERIN000	更多设置（来自商家结算明细）	https://beta18.pospal.cn/Setting/SystemNoticeSetting		custom-check	ck_handoverSendSms		checkBoxDiv	true	false	false	[]
ERIN000	更多设置（来自商家结算明细）	https://beta18.pospal.cn/Setting/SystemNoticeSetting		custom-check	ck_guiderAppointmentSendSms		checkBoxDiv on	true	false	true	[]
ERIN000	更多设置（来自商家结算明细）	https://beta18.pospal.cn/Setting/SystemNoticeSetting	编辑	div	btnEditCustomerRegisteNotify		operate-btn	true	false		[]
ERIN000	更多设置（来自商家结算明细）	https://beta18.pospal.cn/Setting/SystemNoticeSetting	查看说明	a	wxPreviewTips		blueLink	true	false		[]
ERIN000	更多设置（来自商家结算明细）	https://beta18.pospal.cn/Setting/SystemNoticeSetting	如何配置	a			blueLink	true	false		[]
ERIN000	更多设置（来自商家结算明细）	https://beta18.pospal.cn/Setting/SystemNoticeSetting	预览	div			operate-btn preview	true	false		[]
ERIN000	更多设置（来自商家结算明细）	https://beta18.pospal.cn/Setting/SystemNoticeSetting	编辑	div			operate-btn	true	false		[]
ERIN000	更多设置（来自商家结算明细）	https://beta18.pospal.cn/Setting/SystemNoticeSetting	去充值	a	rechargeSms		blueLink	true	false		[]
ERIN000	更多设置（来自商家结算明细）	https://beta18.pospal.cn/Setting/SystemNoticeSetting	短信签名	a	smsSigniture		blueLink	true	false		[]
ERIN000	更多设置（来自商家结算明细）	https://beta18.pospal.cn/Setting/SystemNoticeSetting	申请签名	a			blueLink	false	false		[]
ERIN000	更多设置（来自商家结算明细）	https://beta18.pospal.cn/Setting/SystemNoticeSetting		custom-check			noticeSettingCheckBox checkBoxDiv on	true	false	true	[]
ERIN000	更多设置（来自商家结算明细）	https://beta18.pospal.cn/Setting/SystemNoticeSetting	查看原因	a			blueLink	true	false		[]
ERIN000	更多设置（来自商家结算明细）	https://beta18.pospal.cn/Setting/SystemNoticeSetting	编辑	div	btnEditPromotionExpired		operate-btn editTemplate	true	false		[]
ERIN000	更多设置（来自商家结算明细）	https://beta18.pospal.cn/Setting/SystemNoticeSetting	编辑	div	btnEditPassProductExpired		operate-btn editTemplate	true	false		[]
ERIN000	更多设置（来自商家结算明细）	https://beta18.pospal.cn/Setting/SystemNoticeSetting	邮箱地址：	label				false	false		[]
ERIN000	更多设置（来自商家结算明细）	https://beta18.pospal.cn/Setting/SystemNoticeSetting	邮箱地址：	text	txt_productRequestNotifyEmail		edit_txt	false	false		[]
ERIN000	更多设置（来自商家结算明细）	https://beta18.pospal.cn/Setting/SystemNoticeSetting	手机号码：	label				false	false		[]
ERIN000	更多设置（来自商家结算明细）	https://beta18.pospal.cn/Setting/SystemNoticeSetting	手机号码：	text	txt_productRequestNotifyTel		edit_txt	false	false		[]
ERIN000	更多设置（来自商家结算明细）	https://beta18.pospal.cn/Setting/SystemNoticeSetting	微信通知：	label				false	false		[]
ERIN000	更多设置（来自商家结算明细）	https://beta18.pospal.cn/Setting/SystemNoticeSetting	开启	custom-select	ddl_productRequestNotifyDiv		singleSelector	false	false		[{"label":"开启","value":"1","selected":true},{"label":"关闭","value":"0","selected":false}]
ERIN000	更多设置（来自商家结算明细）	https://beta18.pospal.cn/Setting/SystemNoticeSetting		text			textInput	false	false		[]
ERIN000	更多设置（来自商家结算明细）	https://beta18.pospal.cn/Setting/SystemNoticeSetting	二维码	a			getWxOpenIdQRCode	false	false		[]
ERIN000	更多设置（来自商家结算明细）	https://beta18.pospal.cn/Setting/SystemNoticeSetting	邮箱地址：	text	txt_customerRegisteNotifyEmail		edit_txt	false	false		[]
ERIN000	更多设置（来自商家结算明细）	https://beta18.pospal.cn/Setting/SystemNoticeSetting	手机号码：	text	txt_customerRegisteNotifyTel		edit_txt	false	false		[]
ERIN000	更多设置（来自商家结算明细）	https://beta18.pospal.cn/Setting/SystemNoticeSetting	复制二维码给员工	div			btnCopyImg	false	false		[]
ERIN000	更多设置（来自商家结算明细）	https://beta18.pospal.cn/Setting/SystemNoticeSetting	员工名称	text	txt_StaffName			false	false		[]
ERIN000	更多设置（来自商家结算明细）	https://beta18.pospal.cn/Setting/SystemNoticeSetting	开启	custom-select	ddl_productCommentNotifySetDiv		singleSelector	false	false		[{"label":"开启","value":"1","selected":true},{"label":"关闭","value":"0","selected":false}]
ERIN000	更多设置（来自商家结算明细）	https://beta18.pospal.cn/Setting/SystemNoticeSetting	是否启用	label				false	false		[]
ERIN000	更多设置（来自商家结算明细）	https://beta18.pospal.cn/Setting/SystemNoticeSetting	启用禁用	custom-switch	sb_enable		swicth off	false	false	false	[]
ERIN000	更多设置（来自商家结算明细）	https://beta18.pospal.cn/Setting/SystemNoticeSetting	设置时间	label				false	false		[]
ERIN000	更多设置（来自商家结算明细）	https://beta18.pospal.cn/Setting/SystemNoticeSetting	购卡时间 近	label				false	false		[]
ERIN000	更多设置（来自商家结算明细）	https://beta18.pospal.cn/Setting/SystemNoticeSetting	全选（同步选项）	custom-check	attributeCheckBoxAll		checkBoxDiv all on checkBoxDivN	false	false	true	[]
ERIN000	更多设置（来自商家结算明细）	https://beta18.pospal.cn/Setting/SystemNoticeSetting	通知到店员	custom-check	noticeToGuider		checkBoxDiv on checkBoxDivN	false	false	true	[]
ERIN000	更多设置（来自商家结算明细）	https://beta18.pospal.cn/Setting/SystemNoticeSetting	收银员交接班短信	custom-check			checkBoxDiv on checkBoxDivN	false	false	true	[]
ERIN000	更多设置（来自商家结算明细）	https://beta18.pospal.cn/Setting/SystemNoticeSetting	网络订单重复提醒	custom-check			checkBoxDiv on checkBoxDivN	false	false	true	[]
ERIN000	更多设置（来自商家结算明细）	https://beta18.pospal.cn/Setting/SystemNoticeSetting	导购接收预约通知	custom-check			checkBoxDiv on checkBoxDivN	false	false	true	[]
ERIN000	更多设置（来自商家结算明细）	https://beta18.pospal.cn/Setting/SystemNoticeSetting	通知到顾客（微信通知）	custom-check	noticeToCustomerWx		checkBoxDiv on checkBoxDivN	false	false	true	[]
ERIN000	更多设置（来自商家结算明细）	https://beta18.pospal.cn/Setting/SystemNoticeSetting	订单确认提醒	custom-check			checkBoxDiv on checkBoxDivN	false	false	true	[]
ERIN000	更多设置（来自商家结算明细）	https://beta18.pospal.cn/Setting/SystemNoticeSetting	账户余额变动通知	custom-check			checkBoxDiv on checkBoxDivN	false	false	true	[]
ERIN000	更多设置（来自商家结算明细）	https://beta18.pospal.cn/Setting/SystemNoticeSetting	会员取餐通知	custom-check			checkBoxDiv on checkBoxDivN	false	false	true	[]
ERIN000	更多设置（来自商家结算明细）	https://beta18.pospal.cn/Setting/SystemNoticeSetting	优惠券领取成功通知	custom-check			checkBoxDiv on checkBoxDivN	false	false	true	[]
ERIN000	更多设置（来自商家结算明细）	https://beta18.pospal.cn/Setting/SystemNoticeSetting	卡券到期提醒通知	custom-check			checkBoxDiv on checkBoxDivN	false	false	true	[]
ERIN000	更多设置（来自商家结算明细）	https://beta18.pospal.cn/Setting/SystemNoticeSetting	次卡剩余次数不足通知	custom-check			checkBoxDiv on checkBoxDivN	false	false	true	[]
ERIN000	更多设置（来自商家结算明细）	https://beta18.pospal.cn/Setting/SystemNoticeSetting	会员积分变更提醒	custom-check			checkBoxDiv on checkBoxDivN	false	false	true	[]
ERIN000	更多设置（来自商家结算明细）	https://beta18.pospal.cn/Setting/SystemNoticeSetting	卡金额变动通知	custom-check			checkBoxDiv on checkBoxDivN	false	false	true	[]
ERIN000	更多设置（来自商家结算明细）	https://beta18.pospal.cn/Setting/SystemNoticeSetting	消费评价提醒通知	custom-check			checkBoxDiv on checkBoxDivN	false	false	true	[]
ERIN000	更多设置（来自商家结算明细）	https://beta18.pospal.cn/Setting/SystemNoticeSetting	会员等级变动通知	custom-check			checkBoxDiv on checkBoxDivN	false	false	true	[]
ERIN000	更多设置（来自商家结算明细）	https://beta18.pospal.cn/Setting/SystemNoticeSetting	营销活动提醒通知	custom-check			checkBoxDiv on checkBoxDivN	false	false	true	[]
ERIN000	更多设置（来自商家结算明细）	https://beta18.pospal.cn/Setting/SystemNoticeSetting	通知到顾客（短信通知）	custom-check	noticeToCustomerSms		checkBoxDiv on checkBoxDivN	false	false	true	[]
ERIN000	更多设置（来自商家结算明细）	https://beta18.pospal.cn/Setting/SystemNoticeSetting	新会员注册-通知客户	custom-check			checkBoxDiv on checkBoxDivN	false	false	true	[]
ERIN000	更多设置（来自商家结算明细）	https://beta18.pospal.cn/Setting/SystemNoticeSetting	会员消费通知	custom-check			checkBoxDiv on checkBoxDivN	false	false	true	[]
ERIN000	更多设置（来自商家结算明细）	https://beta18.pospal.cn/Setting/SystemNoticeSetting	储值卡充值到账提醒	custom-check			checkBoxDiv on checkBoxDivN	false	false	true	[]
ERIN000	更多设置（来自商家结算明细）	https://beta18.pospal.cn/Setting/SystemNoticeSetting	网单发货通知	custom-check			checkBoxDiv on checkBoxDivN	false	false	true	[]
ERIN000	更多设置（来自商家结算明细）	https://beta18.pospal.cn/Setting/SystemNoticeSetting	预约成功提醒	custom-check			checkBoxDiv on checkBoxDivN	false	false	true	[]
ERIN000	更多设置（来自商家结算明细）	https://beta18.pospal.cn/Setting/SystemNoticeSetting	预约临近提醒	custom-check			checkBoxDiv on checkBoxDivN	false	false	true	[]
ERIN000	更多设置（来自商家结算明细）	https://beta18.pospal.cn/Setting/SystemNoticeSetting	营销核销单提货成功-通知客户	custom-check			checkBoxDiv on checkBoxDivN	false	false	true	[]
ERIN000	更多设置（来自商家结算明细）	https://beta18.pospal.cn/Setting/SystemNoticeSetting	购买礼包-通知客户	custom-check			checkBoxDiv on checkBoxDivN	false	false	true	[]
ERIN000	更多设置（来自商家结算明细）	https://beta18.pospal.cn/Setting/SystemNoticeSetting	购买次卡-通知客户	custom-check			checkBoxDiv on checkBoxDivN	false	false	true	[]
ERIN000	更多设置（来自商家结算明细）	https://beta18.pospal.cn/Setting/SystemNoticeSetting	删除次卡-通知客户	custom-check			checkBoxDiv on checkBoxDivN	false	false	true	[]
ERIN000	更多设置（来自商家结算明细）	https://beta18.pospal.cn/Setting/SystemNoticeSetting	客户端出券-通知客户	custom-check			checkBoxDiv on checkBoxDivN	false	false	true	[]
ERIN000	更多设置（来自商家结算明细）	https://beta18.pospal.cn/Setting/SystemNoticeSetting	砍价单核销-通知客户	custom-check			checkBoxDiv on checkBoxDivN	false	false	true	[]
ERIN000	更多设置（来自商家结算明细）	https://beta18.pospal.cn/Setting/SystemNoticeSetting	消费单据反结账-通知客户	custom-check			checkBoxDiv on checkBoxDivN	false	false	true	[]
ERIN000	更多设置（来自商家结算明细）	https://beta18.pospal.cn/Setting/SystemNoticeSetting	积分兑换-通知客户	custom-check			checkBoxDiv on checkBoxDivN	false	false	true	[]
ERIN000	更多设置（来自商家结算明细）	https://beta18.pospal.cn/Setting/SystemNoticeSetting	预约发短信-通知导购	custom-check			checkBoxDiv on checkBoxDivN	false	false	true	[]
ERIN000	更多设置（来自商家结算明细）	https://beta18.pospal.cn/Setting/SystemNoticeSetting	积分换券-通知客户	custom-check			checkBoxDiv on checkBoxDivN	false	false	true	[]
ERIN000	更多设置（来自商家结算明细）	https://beta18.pospal.cn/Setting/SystemNoticeSetting	次卡剩余不足通知	custom-check			checkBoxDiv on checkBoxDivN	false	false	true	[]
ERIN000	更多设置（来自商家结算明细）	https://beta18.pospal.cn/Setting/SystemNoticeSetting	邀请有礼推荐人奖励	custom-check			checkBoxDiv on checkBoxDivN	false	false	true	[]
ERIN000	更多设置（来自商家结算明细）	https://beta18.pospal.cn/Setting/SystemNoticeSetting	合伙人绑定好友通知	custom-check			checkBoxDiv on checkBoxDivN	false	false	true	[]
ERIN000	更多设置（来自商家结算明细）	https://beta18.pospal.cn/Setting/SystemNoticeSetting	积分清零-通知客户	custom-check			checkBoxDiv on checkBoxDivN	false	false	true	[]
ERIN000	更多设置（来自商家结算明细）	https://beta18.pospal.cn/Setting/SystemNoticeSetting	次卡划卡通知	custom-check			checkBoxDiv on checkBoxDivN	false	false	true	[]
ERIN000	更多设置（来自商家结算明细）	https://beta18.pospal.cn/Setting/SystemNoticeSetting	首次排队通知	custom-check			checkBoxDiv on checkBoxDivN	false	false	true	[]
ERIN000	更多设置（来自商家结算明细）	https://beta18.pospal.cn/Setting/SystemNoticeSetting	合伙人微信提现审核通知	custom-check			checkBoxDiv on checkBoxDivN	false	false	true	[]
ERIN000	更多设置（来自商家结算明细）	https://beta18.pospal.cn/Setting/SystemNoticeSetting	取消预约通知导购	custom-check			checkBoxDiv on checkBoxDivN	false	false	true	[]
ERIN000	更多设置（来自商家结算明细）	https://beta18.pospal.cn/Setting/SystemNoticeSetting	反结账提醒	custom-check			checkBoxDiv on checkBoxDivN	false	false	true	[]
ERIN000	更多设置（来自商家结算明细）	https://beta18.pospal.cn/Setting/SystemNoticeSetting	储值卡支付	custom-check			checkBoxDiv on checkBoxDivN	false	false	true	[]
ERIN000	更多设置（来自商家结算明细）	https://beta18.pospal.cn/Setting/SystemNoticeSetting	购物卡支付	custom-check			checkBoxDiv on checkBoxDivN	false	false	true	[]
ERIN000	更多设置（来自商家结算明细）	https://beta18.pospal.cn/Setting/SystemNoticeSetting	会员等级变动	custom-check			checkBoxDiv on checkBoxDivN	false	false	true	[]
ERIN000	更多设置（来自商家结算明细）	https://beta18.pospal.cn/Setting/SystemNoticeSetting	启用禁用	custom-switch	sb_param_sm_enable		swicth off	false	false	false	[]
ERIN000	更多设置（来自商家结算明细）	https://beta18.pospal.cn/Setting/SystemNoticeSetting	×	button			iv-close-disabled	false	true		[]
ERIN000	更多设置（来自商家结算明细）	https://beta18.pospal.cn/Setting/SystemNoticeSetting	负责人姓名:	label			iv-label	false	false		[]
ERIN000	更多设置（来自商家结算明细）	https://beta18.pospal.cn/Setting/SystemNoticeSetting	负责人姓名:	text	smsIdentityRealName		iv-input js-input	false	false		[]
ERIN000	更多设置（来自商家结算明细）	https://beta18.pospal.cn/Setting/SystemNoticeSetting	手机号码:	label			iv-label	false	false		[]
ERIN000	更多设置（来自商家结算明细）	https://beta18.pospal.cn/Setting/SystemNoticeSetting	手机号码:	text	smsIdentityMobile		iv-input js-input	false	false		[]
ERIN000	更多设置（来自商家结算明细）	https://beta18.pospal.cn/Setting/SystemNoticeSetting	短信验证码:	label			iv-label	false	false		[]
ERIN000	更多设置（来自商家结算明细）	https://beta18.pospal.cn/Setting/SystemNoticeSetting	短信验证码:	text	smsIdentityVerifyCode		iv-input js-input	false	false		[]
ERIN000	更多设置（来自商家结算明细）	https://beta18.pospal.cn/Setting/SystemNoticeSetting	获取验证码	button			iv-send js-send-code	false	false		[]
ERIN000	更多设置（来自商家结算明细）	https://beta18.pospal.cn/Setting/SystemNoticeSetting	我已阅读并同意签署《关于规范使用短信服务的承诺函》	label			iv-agreement-wrap	false	false		[]
ERIN000	更多设置（来自商家结算明细）	https://beta18.pospal.cn/Setting/SystemNoticeSetting	我已阅读并同意签署《关于规范使用短信服务的承诺函》	checkbox	smsIdentityAgree		js-agree	false	false	false	[]
ERIN000	更多设置（来自商家结算明细）	https://beta18.pospal.cn/Setting/SystemNoticeSetting	关于规范使用短信服务的承诺函	a				false	false		[]
ERIN000	更多设置（来自商家结算明细）	https://beta18.pospal.cn/Setting/SystemNoticeSetting	提交认证	button			iv-submit js-submit	false	false		[]
ERIN000	更多设置（来自商家结算明细）	https://beta18.pospal.cn/Setting/SystemNoticeSetting		textarea			textarea feedBackContent	false	false		[]
ERIN000	更多设置（来自商家结算明细）	https://beta18.pospal.cn/Setting/SystemNoticeSetting	输入手机验证码	text			clean quantity txt_telVerifyCode	false	false		[]
ERIN000	更多设置（来自商家结算明细）	https://beta18.pospal.cn/Setting/SystemNoticeSetting	不再提醒	custom-check			checkBoxDiv fl	false	false	false	[]
ERIN000	更多设置（来自商家结算明细）	https://beta18.pospal.cn/Setting/SystemNoticeSetting	新会员注册通知	custom-check			checkBoxDiv on	false	false	true	[]
ERIN000	更多设置（来自商家结算明细）	https://beta18.pospal.cn/Setting/SystemNoticeSetting	储值卡充值到账通知	custom-check			checkBoxDiv on	false	false	true	[]
ERIN000	更多设置（来自商家结算明细）	https://beta18.pospal.cn/Setting/SystemNoticeSetting	搜问题…	text	txt_helpKeyword		HCSearchIpt	false	false		[]
ERIN000	更多设置（来自商家结算明细）	https://beta18.pospal.cn/Setting/SystemNoticeSetting	请输入1000元以上金额	input			input quantity	false	false		[]
ERIN000	更多设置（来自商家结算明细）	https://beta18.pospal.cn/Setting/SystemNoticeSetting	请输入手机号	text			smsBalanceNoticeWidget_noticeTel edit_txt	false	false		[]
ERIN000	更多设置（来自商家结算明细）	https://beta18.pospal.cn/Setting/SystemNoticeSetting	输入关键字，按回车搜索	text			searchInput	false	false		[]
ERIN000	更多设置（来自商家结算明细）	https://beta18.pospal.cn/Setting/SystemNoticeSetting	请输入名称搜索	text			searchInput	false	false		[]
ERIN000	更多设置（来自商家结算明细）	https://beta18.pospal.cn/Setting/SystemNoticeSetting	请输入门店账号，多个门店请用逗号、空格或换行分割	textarea			importSubStoreTextarea	false	false		[]
ERIN000	更多设置（来自商家结算明细）	https://beta18.pospal.cn/Setting/SystemNoticeSetting	复制到门店	div	btnCopy			true	false		[]
ERIN000	立即申请（来自商家结算明细）	https://beta18.pospal.cn/Setting/EditSmsSignature	查看签名规范	a			opera showSpecification	true	false		[]
ERIN000	立即申请（来自商家结算明细）	https://beta18.pospal.cn/Setting/EditSmsSignature	查看申请视频教程	div			videoTutorialBtn	true	false		[]
ERIN000	立即申请（来自商家结算明细）	https://beta18.pospal.cn/Setting/EditSmsSignature	查看申请视频教程	div	btnVideoTutorial		btnNBlue	true	false		[]
ERIN000	立即申请（来自商家结算明细）	https://beta18.pospal.cn/Setting/EditSmsSignature	*签名申请方式:	label			editLabel	true	false		[]
ERIN000	立即申请（来自商家结算明细）	https://beta18.pospal.cn/Setting/EditSmsSignature	*短信签名:	label			editLabel	true	false		[]
ERIN000	立即申请（来自商家结算明细）	https://beta18.pospal.cn/Setting/EditSmsSignature	请输入2-12位中/英文字符	text			signatureName	true	false		[]
ERIN000	立即申请（来自商家结算明细）	https://beta18.pospal.cn/Setting/EditSmsSignature	查看示例	a	businessLicenseExample		opera psMessageOpera	true	false		[]
ERIN000	立即申请（来自商家结算明细）	https://beta18.pospal.cn/Setting/EditSmsSignature	查询商标	a			opera psMessageOpera	false	false		[]
ERIN000	立即申请（来自商家结算明细）	https://beta18.pospal.cn/Setting/EditSmsSignature	*商标全称:	label			editLabel	false	false		[]
ERIN000	立即申请（来自商家结算明细）	https://beta18.pospal.cn/Setting/EditSmsSignature	请输入	text	txt_trademarkFullName			false	false		[]
ERIN000	立即申请（来自商家结算明细）	https://beta18.pospal.cn/Setting/EditSmsSignature	*商标注册证:	label			editLabel	false	false		[]
ERIN000	立即申请（来自商家结算明细）	https://beta18.pospal.cn/Setting/EditSmsSignature	查询备案的APP	a			opera psMessageOpera	false	false		[]
ERIN000	立即申请（来自商家结算明细）	https://beta18.pospal.cn/Setting/EditSmsSignature	*APP全称:	label			editLabel	false	false		[]
ERIN000	立即申请（来自商家结算明细）	https://beta18.pospal.cn/Setting/EditSmsSignature	请输入	text	txt_appFullName			false	false		[]
ERIN000	立即申请（来自商家结算明细）	https://beta18.pospal.cn/Setting/EditSmsSignature	*APP备案截图:	label			editLabel	false	false		[]
ERIN000	立即申请（来自商家结算明细）	https://beta18.pospal.cn/Setting/EditSmsSignature	*联系电话:	label			editLabel	true	false		[]
ERIN000	立即申请（来自商家结算明细）	https://beta18.pospal.cn/Setting/EditSmsSignature	请输入	text	txt_contactNumber			true	false		[]
ERIN000	立即申请（来自商家结算明细）	https://beta18.pospal.cn/Setting/EditSmsSignature	*营业执照名称:	label			editLabel	true	false		[]
ERIN000	立即申请（来自商家结算明细）	https://beta18.pospal.cn/Setting/EditSmsSignature	请输入	text	txt_companyFullName			true	false		[]
ERIN000	立即申请（来自商家结算明细）	https://beta18.pospal.cn/Setting/EditSmsSignature	*营业执照:	label			editLabel	true	false		[]
ERIN000	立即申请（来自商家结算明细）	https://beta18.pospal.cn/Setting/EditSmsSignature	*委托书:	label			editLabel	true	false		[]
ERIN000	立即申请（来自商家结算明细）	https://beta18.pospal.cn/Setting/EditSmsSignature	下载委托书模版	a			opera	true	false		[]
ERIN000	立即申请（来自商家结算明细）	https://beta18.pospal.cn/Setting/EditSmsSignature	查看示例	a	previewDemo		opera	true	false		[]
ERIN000	立即申请（来自商家结算明细）	https://beta18.pospal.cn/Setting/EditSmsSignature	*社会信用代码:	label			editLabel	true	false		[]
ERIN000	立即申请（来自商家结算明细）	https://beta18.pospal.cn/Setting/EditSmsSignature	请输入	text	txt_socialCreditCode			true	false		[]
ERIN000	立即申请（来自商家结算明细）	https://beta18.pospal.cn/Setting/EditSmsSignature	*法人:	label			editLabel	true	false		[]
ERIN000	立即申请（来自商家结算明细）	https://beta18.pospal.cn/Setting/EditSmsSignature	*法人姓名:	label			editLabel	true	false		[]
ERIN000	立即申请（来自商家结算明细）	https://beta18.pospal.cn/Setting/EditSmsSignature	请输入	text	txt_legalPersonName			true	false		[]
ERIN000	立即申请（来自商家结算明细）	https://beta18.pospal.cn/Setting/EditSmsSignature	*身份证号:	label			editLabel	true	false		[]
ERIN000	立即申请（来自商家结算明细）	https://beta18.pospal.cn/Setting/EditSmsSignature	请输入	text	txt_legalPersonIdNumber			true	false		[]
ERIN000	立即申请（来自商家结算明细）	https://beta18.pospal.cn/Setting/EditSmsSignature	*经办人:	label			editLabel	true	false		[]
ERIN000	立即申请（来自商家结算明细）	https://beta18.pospal.cn/Setting/EditSmsSignature	*姓名:	label			editLabel	true	false		[]
ERIN000	立即申请（来自商家结算明细）	https://beta18.pospal.cn/Setting/EditSmsSignature	请输入	text	txt_operatorName			true	false		[]
ERIN000	立即申请（来自商家结算明细）	https://beta18.pospal.cn/Setting/EditSmsSignature	请输入	text	txt_operatorIdNumber			true	false		[]
ERIN000	立即申请（来自商家结算明细）	https://beta18.pospal.cn/Setting/EditSmsSignature	*手机号:	label			editLabel	true	false		[]
ERIN000	立即申请（来自商家结算明细）	https://beta18.pospal.cn/Setting/EditSmsSignature	请输入	text	txt_operatorPhone			true	false		[]
ERIN000	立即申请（来自商家结算明细）	https://beta18.pospal.cn/Setting/EditSmsSignature	*邮箱:	label			editLabel	true	false		[]
ERIN000	立即申请（来自商家结算明细）	https://beta18.pospal.cn/Setting/EditSmsSignature	请输入	text	txt_operatorEmail			true	false		[]
ERIN000	立即申请（来自商家结算明细）	https://beta18.pospal.cn/Setting/EditSmsSignature	*身份证正反面:	label			editLabel	true	false		[]
ERIN000	立即申请（来自商家结算明细）	https://beta18.pospal.cn/Setting/EditSmsSignature	*实名认证要求:	label			editLabel	true	false		[]
ERIN000	立即申请（来自商家结算明细）	https://beta18.pospal.cn/Setting/EditSmsSignature	微信扫码:	label			editLabel	true	false		[]
ERIN000	立即申请（来自商家结算明细）	https://beta18.pospal.cn/Setting/EditSmsSignature	如有疑问，请添加专员咨询	div			btnNLabel addMyWechat	true	false		[]
ERIN000	立即申请（来自商家结算明细）	https://beta18.pospal.cn/Setting/EditSmsSignature	提交	div	btnSave		btnNBlue	true	false		[]
ERIN000	立即申请（来自商家结算明细）	https://beta18.pospal.cn/Setting/EditSmsSignature	点击查询	a			opera	false	false		[]
ERIN000	立即申请（来自商家结算明细）	https://beta18.pospal.cn/Setting/EditSmsSignature		file	html5_1k3tlp30o1jpu3th17ps1a3m1jpr3			true	false		[]
ERIN000	立即申请（来自商家结算明细）	https://beta18.pospal.cn/Setting/EditSmsSignature		text			edit_txt phone	false	false		[]
ERIN000	立即申请（来自商家结算明细）	https://beta18.pospal.cn/Setting/EditSmsSignature		textarea			textarea feedBackContent	false	false		[]
ERIN000	立即申请（来自商家结算明细）	https://beta18.pospal.cn/Setting/EditSmsSignature	输入手机验证码	text			clean quantity txt_telVerifyCode	false	false		[]
ERIN000	立即申请（来自商家结算明细）	https://beta18.pospal.cn/Setting/EditSmsSignature	不再提醒	custom-check			checkBoxDiv fl	false	false	false	[]
ERIN000	立即申请（来自商家结算明细）	https://beta18.pospal.cn/Setting/EditSmsSignature	新会员注册通知	custom-check			checkBoxDiv on	false	false	true	[]
ERIN000	立即申请（来自商家结算明细）	https://beta18.pospal.cn/Setting/EditSmsSignature	会员消费通知	custom-check			checkBoxDiv on	false	false	true	[]
ERIN000	立即申请（来自商家结算明细）	https://beta18.pospal.cn/Setting/EditSmsSignature	网单发货通知	custom-check			checkBoxDiv on	false	false	true	[]
ERIN000	立即申请（来自商家结算明细）	https://beta18.pospal.cn/Setting/EditSmsSignature	储值卡充值到账通知	custom-check			checkBoxDiv on	false	false	true	[]
ERIN000	立即申请（来自商家结算明细）	https://beta18.pospal.cn/Setting/EditSmsSignature	搜问题…	text	txt_helpKeyword		HCSearchIpt	false	false		[]
ERIN000	立即申请（来自商家结算明细）	https://beta18.pospal.cn/Setting/EditSmsSignature	请输入1000元以上金额	input			input quantity	false	false		[]
ERIN000	立即申请（来自商家结算明细）	https://beta18.pospal.cn/Setting/EditSmsSignature	储值卡充值到账提醒	custom-check			checkBoxDiv on	false	false	true	[]
ERIN000	立即申请（来自商家结算明细）	https://beta18.pospal.cn/Setting/EditSmsSignature	新会员注册-通知客户	custom-check			checkBoxDiv on	false	false	true	[]
ERIN000	立即申请（来自商家结算明细）	https://beta18.pospal.cn/Setting/EditSmsSignature	请输入手机号	text			smsBalanceNoticeWidget_noticeTel edit_txt	false	false		[]
ERIN000	立即申请（来自商家结算明细）	https://beta18.pospal.cn/Setting/EditSmsSignature	输入关键字，按回车搜索	text			searchInput	false	false		[]
ERIN000	立即申请（来自商家结算明细）	https://beta18.pospal.cn/Setting/EditSmsSignature	请输入名称搜索	text			searchInput	false	false		[]
ERIN000	立即申请（来自商家结算明细）	https://beta18.pospal.cn/Setting/EditSmsSignature	请输入门店账号，多个门店请用逗号、空格或换行分割	textarea			importSubStoreTextarea	false	false		[]
ERIN000	立即申请（来自商家结算明细）	https://beta18.pospal.cn/Setting/EditSmsSignature	基于营业执照申请	div			applicationType radioBoxDiv radioDivN on	true	false		[]
ERIN000	立即申请（来自商家结算明细）	https://beta18.pospal.cn/Setting/EditSmsSignature	基于营业执照申请	span				true	false		[]
ERIN000	立即申请（来自商家结算明细）	https://beta18.pospal.cn/Setting/EditSmsSignature	基于商标注册证书申请	div			applicationType radioBoxDiv radioDivN	true	false		[]
ERIN000	立即申请（来自商家结算明细）	https://beta18.pospal.cn/Setting/EditSmsSignature	基于商标注册证书申请	span				true	false		[]
ERIN000	群发营销短信（来自商家结算明细）	https://beta18.pospal.cn/CustomerSetting/QueryRuleManage	ERIN埃琳(总部)	custom-select	ddl_subUsers		singleSelector	true	false		[{"label":"ERIN埃琳(总部)","value":"4402557","selected":true},{"label":"001 - Mrs.HuaShi花诗肤人","value":"4402559","selected":false},{"label":"002 - erin002","value":"4402560","selected":false}]
ERIN000	群发营销短信（来自商家结算明细）	https://beta18.pospal.cn/CustomerSetting/QueryRuleManage		text			textInput	false	false		[]
ERIN000	群发营销短信（来自商家结算明细）	https://beta18.pospal.cn/CustomerSetting/QueryRuleManage	立即下达	a	newReviewBtn			true	false		[]
ERIN000	群发营销短信（来自商家结算明细）	https://beta18.pospal.cn/CustomerSetting/QueryRuleManage	切换新版	a			operation2 toNew	true	false		[]
ERIN000	群发营销短信（来自商家结算明细）	https://beta18.pospal.cn/CustomerSetting/QueryRuleManage	×	button			iv-close-disabled	false	true		[]
ERIN000	群发营销短信（来自商家结算明细）	https://beta18.pospal.cn/CustomerSetting/QueryRuleManage	负责人姓名:	label			iv-label	false	false		[]
ERIN000	群发营销短信（来自商家结算明细）	https://beta18.pospal.cn/CustomerSetting/QueryRuleManage	负责人姓名:	text	smsIdentityRealName		iv-input js-input	false	false		[]
ERIN000	群发营销短信（来自商家结算明细）	https://beta18.pospal.cn/CustomerSetting/QueryRuleManage	手机号码:	label			iv-label	false	false		[]
ERIN000	群发营销短信（来自商家结算明细）	https://beta18.pospal.cn/CustomerSetting/QueryRuleManage	手机号码:	text	smsIdentityMobile		iv-input js-input	false	false		[]
ERIN000	群发营销短信（来自商家结算明细）	https://beta18.pospal.cn/CustomerSetting/QueryRuleManage	短信验证码:	label			iv-label	false	false		[]
ERIN000	群发营销短信（来自商家结算明细）	https://beta18.pospal.cn/CustomerSetting/QueryRuleManage	短信验证码:	text	smsIdentityVerifyCode		iv-input js-input	false	false		[]
ERIN000	群发营销短信（来自商家结算明细）	https://beta18.pospal.cn/CustomerSetting/QueryRuleManage	获取验证码	button			iv-send js-send-code	false	false		[]
ERIN000	群发营销短信（来自商家结算明细）	https://beta18.pospal.cn/CustomerSetting/QueryRuleManage	我已阅读并同意签署《关于规范使用短信服务的承诺函》	label			iv-agreement-wrap	false	false		[]
ERIN000	群发营销短信（来自商家结算明细）	https://beta18.pospal.cn/CustomerSetting/QueryRuleManage	我已阅读并同意签署《关于规范使用短信服务的承诺函》	checkbox	smsIdentityAgree		js-agree	false	false	false	[]
ERIN000	群发营销短信（来自商家结算明细）	https://beta18.pospal.cn/CustomerSetting/QueryRuleManage	关于规范使用短信服务的承诺函	a				false	false		[]
ERIN000	群发营销短信（来自商家结算明细）	https://beta18.pospal.cn/CustomerSetting/QueryRuleManage	提交认证	button			iv-submit js-submit	false	false		[]
ERIN000	群发营销短信（来自商家结算明细）	https://beta18.pospal.cn/CustomerSetting/QueryRuleManage		textarea			textarea feedBackContent	false	false		[]
ERIN000	群发营销短信（来自商家结算明细）	https://beta18.pospal.cn/CustomerSetting/QueryRuleManage	输入手机验证码	text			clean quantity txt_telVerifyCode	false	false		[]
ERIN000	群发营销短信（来自商家结算明细）	https://beta18.pospal.cn/CustomerSetting/QueryRuleManage	不再提醒	custom-check			checkBoxDiv fl	false	false	false	[]
ERIN000	群发营销短信（来自商家结算明细）	https://beta18.pospal.cn/CustomerSetting/QueryRuleManage	新会员注册通知	custom-check			checkBoxDiv on	false	false	true	[]
ERIN000	群发营销短信（来自商家结算明细）	https://beta18.pospal.cn/CustomerSetting/QueryRuleManage	会员消费通知	custom-check			checkBoxDiv on	false	false	true	[]
ERIN000	群发营销短信（来自商家结算明细）	https://beta18.pospal.cn/CustomerSetting/QueryRuleManage	网单发货通知	custom-check			checkBoxDiv on	false	false	true	[]
ERIN000	群发营销短信（来自商家结算明细）	https://beta18.pospal.cn/CustomerSetting/QueryRuleManage	储值卡充值到账通知	custom-check			checkBoxDiv on	false	false	true	[]
ERIN000	群发营销短信（来自商家结算明细）	https://beta18.pospal.cn/CustomerSetting/QueryRuleManage	搜问题…	text	txt_helpKeyword		HCSearchIpt	false	false		[]
ERIN000	群发营销短信（来自商家结算明细）	https://beta18.pospal.cn/CustomerSetting/QueryRuleManage	请输入1000元以上金额	input			input quantity	false	false		[]
ERIN000	群发营销短信（来自商家结算明细）	https://beta18.pospal.cn/CustomerSetting/QueryRuleManage	储值卡充值到账提醒	custom-check			checkBoxDiv on	false	false	true	[]
ERIN000	群发营销短信（来自商家结算明细）	https://beta18.pospal.cn/CustomerSetting/QueryRuleManage	新会员注册-通知客户	custom-check			checkBoxDiv on	false	false	true	[]
ERIN000	群发营销短信（来自商家结算明细）	https://beta18.pospal.cn/CustomerSetting/QueryRuleManage	请输入手机号	text			smsBalanceNoticeWidget_noticeTel edit_txt	false	false		[]
ERIN000	群发营销短信（来自商家结算明细）	https://beta18.pospal.cn/CustomerSetting/QueryRuleManage	输入关键字，按回车搜索	text			searchInput	false	false		[]
ERIN000	群发营销短信（来自商家结算明细）	https://beta18.pospal.cn/CustomerSetting/QueryRuleManage	请输入名称搜索	text			searchInput	false	false		[]
ERIN000	群发营销短信（来自商家结算明细）	https://beta18.pospal.cn/CustomerSetting/QueryRuleManage	请输入门店账号，多个门店请用逗号、空格或换行分割	textarea			importSubStoreTextarea	false	false		[]
ERIN000	群发营销短信（来自商家结算明细）	https://beta18.pospal.cn/CustomerSetting/QueryRuleManage	本周新客	li			red systemPortrayal	true	false		[]
ERIN000	群发营销短信（来自商家结算明细）	https://beta18.pospal.cn/CustomerSetting/QueryRuleManage	本周新客	div			precise__content-cardTxt	true	false		[]
ERIN000	群发营销短信（来自商家结算明细）	https://beta18.pospal.cn/CustomerSetting/QueryRuleManage	本月生日会员	li			red systemPortrayal	true	false		[]
ERIN000	群发营销短信（来自商家结算明细）	https://beta18.pospal.cn/CustomerSetting/QueryRuleManage	本月生日会员	div			precise__content-cardTxt	true	false		[]
ERIN000	群发营销短信（来自商家结算明细）	https://beta18.pospal.cn/CustomerSetting/QueryRuleManage	余额不足会员	li			red systemPortrayal	true	false		[]
ERIN000	群发营销短信（来自商家结算明细）	https://beta18.pospal.cn/CustomerSetting/QueryRuleManage	余额不足会员	div			precise__content-cardTxt	true	false		[]
ERIN000	群发营销短信（来自商家结算明细）	https://beta18.pospal.cn/CustomerSetting/QueryRuleManage	沉睡会员	li			red systemPortrayal	true	false		[]
ERIN000	群发营销短信（来自商家结算明细）	https://beta18.pospal.cn/CustomerSetting/QueryRuleManage	沉睡会员	div			precise__content-cardTxt	true	false		[]
ERIN000	群发营销短信（来自商家结算明细）	https://beta18.pospal.cn/CustomerSetting/QueryRuleManage	疏客挽救	li			red systemPortrayal	true	false		[]
ERIN000	群发营销短信（来自商家结算明细）	https://beta18.pospal.cn/CustomerSetting/QueryRuleManage	疏客挽救	div			precise__content-cardTxt	true	false		[]
ERIN000	群发营销短信（来自商家结算明细）	https://beta18.pospal.cn/CustomerSetting/QueryRuleManage	会员开卡纪念日	li			red systemPortrayal	true	false		[]
ERIN000	群发营销短信（来自商家结算明细）	https://beta18.pospal.cn/CustomerSetting/QueryRuleManage	会员开卡纪念日	div			precise__content-cardTxt	true	false		[]
ERIN000	群发营销短信（来自商家结算明细）	https://beta18.pospal.cn/CustomerSetting/QueryRuleManage	群发短信	li			yellow toOld	true	false		[]
ERIN000	群发营销短信（来自商家结算明细）	https://beta18.pospal.cn/CustomerSetting/QueryRuleManage	群发短信	div			precise__content-cardTxt	true	false		[]
ERIN000	群发营销短信（来自商家结算明细）	https://beta18.pospal.cn/CustomerSetting/QueryRuleManage	111	li			blue customPortrayal	true	false		[]
ERIN000	群发营销短信（来自商家结算明细）	https://beta18.pospal.cn/CustomerSetting/QueryRuleManage	111	div			precise__content-cardTxt	true	false		[]
ERIN000	群发营销短信（来自商家结算明细）	https://beta18.pospal.cn/CustomerSetting/QueryRuleManage	创建新方案	li			addNew	true	false		[]
ERIN000	群发营销短信（来自商家结算明细）	https://beta18.pospal.cn/CustomerSetting/QueryRuleManage	创建新方案	div			precise__content-cardTxt	true	false		[]
ERIN000	查看任务管理（来自商家结算明细）	https://beta18.pospal.cn/UserJob/Manage	全部状态	custom-select	ddl_jobStatus		singleSelector	true	false		[{"label":"全部状态","value":"","selected":true},{"label":"待处理","value":"0","selected":false},{"label":"处理中","value":"1","selected":false},{"label":"已完成","value":"2","selected":false},{"label":"已取消","value":"4","selected":false},{"label":"任务失败","value":"3","selected":false}]
ERIN000	查看任务管理（来自商家结算明细）	https://beta18.pospal.cn/UserJob/Manage		text			textInput	false	false		[]
ERIN000	查看任务管理（来自商家结算明细）	https://beta18.pospal.cn/UserJob/Manage	请输入任务编号/备注	text	txt_jobKeyword		textInput	true	false		[]
ERIN000	查看任务管理（来自商家结算明细）	https://beta18.pospal.cn/UserJob/Manage	查询	div	btnLoadJobs		btnNOrange btnN24	true	false		[]
ERIN000	查看任务管理（来自商家结算明细）	https://beta18.pospal.cn/UserJob/Manage	查看	a				true	false		[]
ERIN000	查看任务管理（来自商家结算明细）	https://beta18.pospal.cn/UserJob/Manage		textarea			textarea feedBackContent	false	false		[]
ERIN000	查看任务管理（来自商家结算明细）	https://beta18.pospal.cn/UserJob/Manage	输入手机验证码	text			clean quantity txt_telVerifyCode	false	false		[]
ERIN000	查看任务管理（来自商家结算明细）	https://beta18.pospal.cn/UserJob/Manage	不再提醒	custom-check			checkBoxDiv fl	false	false	false	[]
ERIN000	查看任务管理（来自商家结算明细）	https://beta18.pospal.cn/UserJob/Manage	新会员注册通知	custom-check			checkBoxDiv on	false	false	true	[]
ERIN000	查看任务管理（来自商家结算明细）	https://beta18.pospal.cn/UserJob/Manage	会员消费通知	custom-check			checkBoxDiv on	false	false	true	[]
ERIN000	查看任务管理（来自商家结算明细）	https://beta18.pospal.cn/UserJob/Manage	网单发货通知	custom-check			checkBoxDiv on	false	false	true	[]
ERIN000	查看任务管理（来自商家结算明细）	https://beta18.pospal.cn/UserJob/Manage	储值卡充值到账通知	custom-check			checkBoxDiv on	false	false	true	[]
ERIN000	查看任务管理（来自商家结算明细）	https://beta18.pospal.cn/UserJob/Manage	搜问题…	text	txt_helpKeyword		HCSearchIpt	false	false		[]
ERIN000	查看任务管理（来自商家结算明细）	https://beta18.pospal.cn/UserJob/Manage	请输入1000元以上金额	input			input quantity	false	false		[]
ERIN000	查看任务管理（来自商家结算明细）	https://beta18.pospal.cn/UserJob/Manage	储值卡充值到账提醒	custom-check			checkBoxDiv on	false	false	true	[]
ERIN000	查看任务管理（来自商家结算明细）	https://beta18.pospal.cn/UserJob/Manage	新会员注册-通知客户	custom-check			checkBoxDiv on	false	false	true	[]
ERIN000	查看任务管理（来自商家结算明细）	https://beta18.pospal.cn/UserJob/Manage	请输入手机号	text			smsBalanceNoticeWidget_noticeTel edit_txt	false	false		[]
ERIN000	查看任务管理（来自商家结算明细）	https://beta18.pospal.cn/UserJob/Manage	输入关键字，按回车搜索	text			searchInput	false	false		[]
ERIN000	查看任务管理（来自商家结算明细）	https://beta18.pospal.cn/UserJob/Manage	请输入名称搜索	text			searchInput	false	false		[]
ERIN000	查看任务管理（来自商家结算明细）	https://beta18.pospal.cn/UserJob/Manage	请输入门店账号，多个门店请用逗号、空格或换行分割	textarea			importSubStoreTextarea	false	false		[]
ERIN000	查看任务管理（来自商家结算明细）	https://beta18.pospal.cn/UserJob/Manage	查看	span			operation2	true	false		[]
ERIN000	盘点信息（来自商品概览）	https://beta18.pospal.cn/Inventory/StockTakingHistory	全部门店	custom-select	ddl_subUsers		singleSelector multiple	true	false		[{"label":"ERIN埃琳(总部)","value":"4402557","selected":false},{"label":"001 - Mrs.HuaShi花诗肤人","value":"4402559","selected":false},{"label":"002 - erin002","value":"4402560","selected":false}]
ERIN000	盘点信息（来自商品概览）	https://beta18.pospal.cn/Inventory/StockTakingHistory		text			textInput	false	false		[]
ERIN000	盘点信息（来自商品概览）	https://beta18.pospal.cn/Inventory/StockTakingHistory	高级	span			btnMultipleAdvanced	true	false		[]
ERIN000	盘点信息（来自商品概览）	https://beta18.pospal.cn/Inventory/StockTakingHistory	开始日期	text	ui-timePicker-begin-362443		timeInput hasDatepicker	true	false		[]
ERIN000	盘点信息（来自商品概览）	https://beta18.pospal.cn/Inventory/StockTakingHistory	结束日期	text	ui-timePicker-end-898573		timeInput hasDatepicker	true	false		[]
ERIN000	盘点信息（来自商品概览）	https://beta18.pospal.cn/Inventory/StockTakingHistory	查询	div			submitBtn	true	false		[]
ERIN000	盘点信息（来自商品概览）	https://beta18.pospal.cn/Inventory/StockTakingHistory	本页全选	label				false	false		[]
ERIN000	盘点信息（来自商品概览）	https://beta18.pospal.cn/Inventory/StockTakingHistory		radio		selectedType		false	false	true	[]
ERIN000	盘点信息（来自商品概览）	https://beta18.pospal.cn/Inventory/StockTakingHistory	盘点盈亏汇总	div	btnStockTakingSummary		btnDark14 batch_btn	false	false		[]
ERIN000	盘点信息（来自商品概览）	https://beta18.pospal.cn/Inventory/StockTakingHistory	汇总明细导出	div	btnExportStockTakingList		btnDark14 batch_btn	false	false		[]
ERIN000	盘点信息（来自商品概览）	https://beta18.pospal.cn/Inventory/StockTakingHistory	批量操作	div	btnBatchOperation		btnDark14	false	false		[]
ERIN000	盘点信息（来自商品概览）	https://beta18.pospal.cn/Inventory/StockTakingHistory	首页前一页第页共4页下一页尾页每页50条清除内容每页100条每页50条每页20条每页10条	div			pRight textBtn	false	false		[]
ERIN000	盘点信息（来自商品概览）	https://beta18.pospal.cn/Inventory/StockTakingHistory	每页50条	custom-select			pageSize singleSelector	false	false		[{"label":"每页100条","value":"100","selected":false},{"label":"每页50条","value":"50","selected":true},{"label":"每页20条","value":"20","selected":false},{"label":"每页10条","value":"10","selected":false}]
ERIN000	盘点信息（来自商品概览）	https://beta18.pospal.cn/Inventory/StockTakingHistory	按默认报损价	custom-select	ddl_priceType		singleSelector	false	false		[{"label":"按默认报损价","value":"losePrice","selected":true},{"label":"按进货价","value":"logBuyPrice","selected":false},{"label":"按销售价","value":"logSellPrice","selected":false}]
ERIN000	盘点信息（来自商品概览）	https://beta18.pospal.cn/Inventory/StockTakingHistory	盈亏计算：	label				false	false		[]
ERIN000	盘点信息（来自商品概览）	https://beta18.pospal.cn/Inventory/StockTakingHistory	导出Excel	div	btnExportStockTaking		btnExcel	false	false		[]
ERIN000	盘点信息（来自商品概览）	https://beta18.pospal.cn/Inventory/StockTakingHistory	首页前一页第页共4页下一页尾页每页10条清除内容每页100条每页50条每页20条每页10条	div			pRight textBtn	false	false		[]
ERIN000	盘点信息（来自商品概览）	https://beta18.pospal.cn/Inventory/StockTakingHistory	每页10条	custom-select			pageSize singleSelector	false	false		[{"label":"每页100条","value":"100","selected":false},{"label":"每页50条","value":"50","selected":false},{"label":"每页20条","value":"20","selected":false},{"label":"每页10条","value":"10","selected":true}]
ERIN000	盘点信息（来自商品概览）	https://beta18.pospal.cn/Inventory/StockTakingHistory	导出Excel	div	btnExportZeroProducts		btnExcel	false	false		[]
ERIN000	盘点信息（来自商品概览）	https://beta18.pospal.cn/Inventory/StockTakingHistory	隐藏0库存商品	custom-check	btnHideZeroProduct		checkBoxDiv	false	false	false	[]
ERIN000	盘点信息（来自商品概览）	https://beta18.pospal.cn/Inventory/StockTakingHistory		checkbox	ck_groupByCategory		groupByCategory	false	false	false	[]
ERIN000	盘点信息（来自商品概览）	https://beta18.pospal.cn/Inventory/StockTakingHistory	导出	div	btnExportStockTakingDetail		fileExport btnExport	false	false		[]
ERIN000	盘点信息（来自商品概览）	https://beta18.pospal.cn/Inventory/StockTakingHistory		textarea			textarea feedBackContent	false	false		[]
ERIN000	盘点信息（来自商品概览）	https://beta18.pospal.cn/Inventory/StockTakingHistory	输入手机验证码	text			clean quantity txt_telVerifyCode	false	false		[]
ERIN000	盘点信息（来自商品概览）	https://beta18.pospal.cn/Inventory/StockTakingHistory	不再提醒	custom-check			checkBoxDiv fl	false	false	false	[]
ERIN000	盘点信息（来自商品概览）	https://beta18.pospal.cn/Inventory/StockTakingHistory	新会员注册通知	custom-check			checkBoxDiv on	false	false	true	[]
ERIN000	盘点信息（来自商品概览）	https://beta18.pospal.cn/Inventory/StockTakingHistory	会员消费通知	custom-check			checkBoxDiv on	false	false	true	[]
ERIN000	盘点信息（来自商品概览）	https://beta18.pospal.cn/Inventory/StockTakingHistory	网单发货通知	custom-check			checkBoxDiv on	false	false	true	[]
ERIN000	盘点信息（来自商品概览）	https://beta18.pospal.cn/Inventory/StockTakingHistory	储值卡充值到账通知	custom-check			checkBoxDiv on	false	false	true	[]
ERIN000	盘点信息（来自商品概览）	https://beta18.pospal.cn/Inventory/StockTakingHistory	搜问题…	text	txt_helpKeyword		HCSearchIpt	false	false		[]
ERIN000	盘点信息（来自商品概览）	https://beta18.pospal.cn/Inventory/StockTakingHistory	请输入1000元以上金额	input			input quantity	false	false		[]
ERIN000	盘点信息（来自商品概览）	https://beta18.pospal.cn/Inventory/StockTakingHistory	储值卡充值到账提醒	custom-check			checkBoxDiv on	false	false	true	[]
ERIN000	盘点信息（来自商品概览）	https://beta18.pospal.cn/Inventory/StockTakingHistory	新会员注册-通知客户	custom-check			checkBoxDiv on	false	false	true	[]
ERIN000	盘点信息（来自商品概览）	https://beta18.pospal.cn/Inventory/StockTakingHistory	请输入手机号	text			smsBalanceNoticeWidget_noticeTel edit_txt	false	false		[]
ERIN000	盘点信息（来自商品概览）	https://beta18.pospal.cn/Inventory/StockTakingHistory	输入关键字，按回车搜索	text			searchInput	false	false		[]
ERIN000	盘点信息（来自商品概览）	https://beta18.pospal.cn/Inventory/StockTakingHistory	请输入名称搜索	text			searchInput	false	false		[]
ERIN000	盘点信息（来自商品概览）	https://beta18.pospal.cn/Inventory/StockTakingHistory	请输入门店账号，多个门店请用逗号、空格或换行分割	textarea			importSubStoreTextarea	false	false		[]
ERIN000	盘点信息（来自商品概览）	https://beta18.pospal.cn/Inventory/StockTakingHistory	-	div	dateTimeRangeBox		dateTimeRangeBox	true	false		[]
ERIN000	盘点信息（来自商品概览）	https://beta18.pospal.cn/Inventory/StockTakingHistory	-	span				true	false		[]
ERIN000	报损统计（来自商品概览）	https://beta18.pospal.cn/Inventory/DiscardProductCount	商品报损记录	div			btnBlue btnGoToPage	true	false		[]
ERIN000	报损统计（来自商品概览）	https://beta18.pospal.cn/Inventory/DiscardProductCount	商品报损统计	div			btnRed btnGoToPage	true	false		[]
ERIN000	报损统计（来自商品概览）	https://beta18.pospal.cn/Inventory/DiscardProductCount	导出	div	btnExport		btnBlue	true	false		[]
ERIN000	报损统计（来自商品概览）	https://beta18.pospal.cn/Inventory/DiscardProductCount	显示批次汇总	custom-check	rg_showBatchTotal		radioBox	false	false	false	[]
ERIN000	报损统计（来自商品概览）	https://beta18.pospal.cn/Inventory/DiscardProductCount	全部门店	custom-select	ddl_subUsers		singleSelector multiple	true	false		[{"label":"ERIN埃琳(总部)","value":"4402557","selected":false},{"label":"001 - Mrs.HuaShi花诗肤人","value":"4402559","selected":false},{"label":"002 - erin002","value":"4402560","selected":false}]
ERIN000	报损统计（来自商品概览）	https://beta18.pospal.cn/Inventory/DiscardProductCount		text			textInput	false	false		[]
ERIN000	报损统计（来自商品概览）	https://beta18.pospal.cn/Inventory/DiscardProductCount	高级	span			btnMultipleAdvanced	true	false		[]
ERIN000	报损统计（来自商品概览）	https://beta18.pospal.cn/Inventory/DiscardProductCount	全部分类	custom-select	ddl_category		singleSelector	true	false		[{"label":"全部分类","value":"","selected":true},{"label":"卸妆洁面","value":"1622366110201787444","selected":false},{"label":"养护套餐次卡","value":"1779244559662142154","selected":false},{"label":"水类","value":"1622366110201656852","selected":false},{"label":"基础养护次卡","value":"1779244536604603867","selected":false},{"label":"乳液类","value":"1622366110201879120","selected":false},{"label":"深层养护次卡","value":"1779244552008816401","selected":false},{"label":"精华液","value":"1622366110201918667","selected":false},{"label":"肤质调理次卡","value":"1779244578971200080","selected":false},{"label":"纯液原液","value":"1622366110201603017","selected":false},{"label":"苗方调理次卡","value":"1708596044867640374","selected":false},{"label":"面霜","value":"1622366110201951648","selected":false},{"label":"身体养护次卡","value":"1779244679582401737","selected":false},{"label":"面膜类","value":"1622366110201468600","selected":false},{"label":"DPL脱毛疗程","value":"1735898236282441961","selected":false},{"label":"其他","value":"1622366110201935999","selected":false},{"label":"深层疗肤次卡","value":"1779244665511938118","selected":false},{"label":"面部套盒","value":"1630326352164538105","selected":false},{"label":"历史卡项","value":"1735894490221823890","selected":false},{"label":"身体套盒","value":"1630322255767593456","selected":false},{"label":"院用消耗","value":"1623544791996298963","selected":false},{"label":"礼品","value":"1638004128236515854","selected":false},{"label":"苗方调理","value":"1708595411221691850","selected":false},{"label":"DPL冰点无痛脱毛","value":"1735889664984956581","selected":false},{"label":"历史项目","value":"1735895126767999772","selected":false},{"label":"历史产品","value":"1735901465701590916","selected":false},{"label":"基础养护","value":"1779244896628309560","selected":false},{"label":"深层养护","value":"1779244905308934257","selected":false},{"label":"肤质调理","value":"1779244911724161478","selected":false},{"label":"深层疗肤","value":"1779244925423145537","selected":false},{"label":"身体养护","value":"1779244941470574268","selected":false},{"label":"养护套餐","value":"1780282819961840614","selected":false}]
ERIN000	报损统计（来自商品概览）	https://beta18.pospal.cn/Inventory/DiscardProductCount	- 报损原因 -	custom-select	ddl_reasons		singleSelector	true	false		[{"label":"- 报损原因 -","value":"","selected":true},{"label":"院用出库","value":"院用出库","selected":false},{"label":"商品损坏","value":"商品损坏","selected":false},{"label":"商品遗失","value":"商品遗失","selected":false}]
ERIN000	报损统计（来自商品概览）	https://beta18.pospal.cn/Inventory/DiscardProductCount	开始日期	text	ui-timePicker-begin-467752		timeInput hasDatepicker	true	false		[]
ERIN000	报损统计（来自商品概览）	https://beta18.pospal.cn/Inventory/DiscardProductCount	结束日期	text	ui-timePicker-end-24496		timeInput hasDatepicker	true	false		[]
ERIN000	报损统计（来自商品概览）	https://beta18.pospal.cn/Inventory/DiscardProductCount		text	txt_keyword		textInput placeholder	true	false		[]
ERIN000	报损统计（来自商品概览）	https://beta18.pospal.cn/Inventory/DiscardProductCount	查询	div			submitBtn	true	false		[]
ERIN000	报损统计（来自商品概览）	https://beta18.pospal.cn/Inventory/DiscardProductCount	导出	div			fileExport btnExport	false	false		[]
ERIN000	报损统计（来自商品概览）	https://beta18.pospal.cn/Inventory/DiscardProductCount		textarea			textarea feedBackContent	false	false		[]
ERIN000	报损统计（来自商品概览）	https://beta18.pospal.cn/Inventory/DiscardProductCount	输入手机验证码	text			clean quantity txt_telVerifyCode	false	false		[]
ERIN000	报损统计（来自商品概览）	https://beta18.pospal.cn/Inventory/DiscardProductCount	不再提醒	custom-check			checkBoxDiv fl	false	false	false	[]
ERIN000	报损统计（来自商品概览）	https://beta18.pospal.cn/Inventory/DiscardProductCount	新会员注册通知	custom-check			checkBoxDiv on	false	false	true	[]
ERIN000	报损统计（来自商品概览）	https://beta18.pospal.cn/Inventory/DiscardProductCount	会员消费通知	custom-check			checkBoxDiv on	false	false	true	[]
ERIN000	报损统计（来自商品概览）	https://beta18.pospal.cn/Inventory/DiscardProductCount	网单发货通知	custom-check			checkBoxDiv on	false	false	true	[]
ERIN000	报损统计（来自商品概览）	https://beta18.pospal.cn/Inventory/DiscardProductCount	储值卡充值到账通知	custom-check			checkBoxDiv on	false	false	true	[]
ERIN000	报损统计（来自商品概览）	https://beta18.pospal.cn/Inventory/DiscardProductCount	搜问题…	text	txt_helpKeyword		HCSearchIpt	false	false		[]
ERIN000	报损统计（来自商品概览）	https://beta18.pospal.cn/Inventory/DiscardProductCount	请输入1000元以上金额	input			input quantity	false	false		[]
ERIN000	报损统计（来自商品概览）	https://beta18.pospal.cn/Inventory/DiscardProductCount	储值卡充值到账提醒	custom-check			checkBoxDiv on	false	false	true	[]
ERIN000	报损统计（来自商品概览）	https://beta18.pospal.cn/Inventory/DiscardProductCount	新会员注册-通知客户	custom-check			checkBoxDiv on	false	false	true	[]
ERIN000	报损统计（来自商品概览）	https://beta18.pospal.cn/Inventory/DiscardProductCount	请输入手机号	text			smsBalanceNoticeWidget_noticeTel edit_txt	false	false		[]
ERIN000	报损统计（来自商品概览）	https://beta18.pospal.cn/Inventory/DiscardProductCount	输入关键字，按回车搜索	text			searchInput	false	false		[]
ERIN000	报损统计（来自商品概览）	https://beta18.pospal.cn/Inventory/DiscardProductCount	请输入名称搜索	text			searchInput	false	false		[]
ERIN000	报损统计（来自商品概览）	https://beta18.pospal.cn/Inventory/DiscardProductCount	请输入门店账号，多个门店请用逗号、空格或换行分割	textarea			importSubStoreTextarea	false	false		[]
ERIN000	报损统计（来自商品概览）	https://beta18.pospal.cn/Inventory/DiscardProductCount	-	div	dateTimeRangeBox		dateTimeRangeBox	true	false		[]
ERIN000	报损统计（来自商品概览）	https://beta18.pospal.cn/Inventory/DiscardProductCount	-	span				true	false		[]
ERIN000	商品标准库使用声明（来自网店装修）	https://beta18.pospal.cn/Eshop/StandardProductPact		text			edit_txt phone	false	false		[]
ERIN000	商品标准库使用声明（来自网店装修）	https://beta18.pospal.cn/Eshop/StandardProductPact		textarea			textarea feedBackContent	false	false		[]
ERIN000	商品标准库使用声明（来自网店装修）	https://beta18.pospal.cn/Eshop/StandardProductPact	输入手机验证码	text			clean quantity txt_telVerifyCode	false	false		[]
ERIN000	商品标准库使用声明（来自网店装修）	https://beta18.pospal.cn/Eshop/StandardProductPact	不再提醒	custom-check			checkBoxDiv fl	false	false	false	[]
ERIN000	商品标准库使用声明（来自网店装修）	https://beta18.pospal.cn/Eshop/StandardProductPact	新会员注册通知	custom-check			checkBoxDiv on	false	false	true	[]
ERIN000	商品标准库使用声明（来自网店装修）	https://beta18.pospal.cn/Eshop/StandardProductPact	会员消费通知	custom-check			checkBoxDiv on	false	false	true	[]
ERIN000	商品标准库使用声明（来自网店装修）	https://beta18.pospal.cn/Eshop/StandardProductPact	网单发货通知	custom-check			checkBoxDiv on	false	false	true	[]
ERIN000	商品标准库使用声明（来自网店装修）	https://beta18.pospal.cn/Eshop/StandardProductPact	储值卡充值到账通知	custom-check			checkBoxDiv on	false	false	true	[]
ERIN000	商品标准库使用声明（来自网店装修）	https://beta18.pospal.cn/Eshop/StandardProductPact	搜问题…	text	txt_helpKeyword		HCSearchIpt	false	false		[]
ERIN000	商品标准库使用声明（来自网店装修）	https://beta18.pospal.cn/Eshop/StandardProductPact	请输入1000元以上金额	input			input quantity	false	false		[]
ERIN000	商品标准库使用声明（来自网店装修）	https://beta18.pospal.cn/Eshop/StandardProductPact	储值卡充值到账提醒	custom-check			checkBoxDiv on	false	false	true	[]
ERIN000	商品标准库使用声明（来自网店装修）	https://beta18.pospal.cn/Eshop/StandardProductPact	新会员注册-通知客户	custom-check			checkBoxDiv on	false	false	true	[]
ERIN000	商品标准库使用声明（来自网店装修）	https://beta18.pospal.cn/Eshop/StandardProductPact	请输入手机号	text			smsBalanceNoticeWidget_noticeTel edit_txt	false	false		[]
ERIN000	商品标准库使用声明（来自网店装修）	https://beta18.pospal.cn/Eshop/StandardProductPact	输入关键字，按回车搜索	text			searchInput	false	false		[]
ERIN000	商品标准库使用声明（来自网店装修）	https://beta18.pospal.cn/Eshop/StandardProductPact	请输入名称搜索	text			searchInput	false	false		[]
ERIN000	商品标准库使用声明（来自网店装修）	https://beta18.pospal.cn/Eshop/StandardProductPact	请输入门店账号，多个门店请用逗号、空格或换行分割	textarea			importSubStoreTextarea	false	false		[]
ERIN000	次卡购买明细（来自账户管理）	https://beta18.pospal.cn/PassProduct/CustomerPassProduct	导出	div	btnExport		btnBlue	true	false		[]
ERIN000	次卡购买明细（来自账户管理）	https://beta18.pospal.cn/PassProduct/CustomerPassProduct	全部售卡门店	custom-select	ddl_subUsers		singleSelector	true	false		[{"label":"全部售卡门店","value":"","selected":true},{"label":"ERIN埃琳(总部)","value":"4402557","selected":false},{"label":"001 - Mrs.HuaShi花诗肤人","value":"4402559","selected":false},{"label":"002 - erin002","value":"4402560","selected":false}]
ERIN000	次卡购买明细（来自账户管理）	https://beta18.pospal.cn/PassProduct/CustomerPassProduct		text			textInput	false	false		[]
ERIN000	次卡购买明细（来自账户管理）	https://beta18.pospal.cn/PassProduct/CustomerPassProduct	全部次卡	custom-select	ddl_passProduct		singleSelector	true	false		[{"label":"全部次卡","value":"","selected":true}]
ERIN000	次卡购买明细（来自账户管理）	https://beta18.pospal.cn/PassProduct/CustomerPassProduct	全部类型	custom-select	ddl_cardType		singleSelector	true	false		[{"label":"全部类型","value":"","selected":true},{"label":"付费次卡","value":"1","selected":false},{"label":"赠送次卡","value":"2","selected":false}]
ERIN000	次卡购买明细（来自账户管理）	https://beta18.pospal.cn/PassProduct/CustomerPassProduct	全部	custom-select	ddl_enable		singleSelector	true	false		[{"label":"全部","value":"","selected":true},{"label":"售卡","value":"1","selected":false},{"label":"退卡","value":"-1","selected":false},{"label":"已过期","value":"2","selected":false}]
ERIN000	次卡购买明细（来自账户管理）	https://beta18.pospal.cn/PassProduct/CustomerPassProduct	开始日期	text	ui-timePicker-begin-28468		timeInput hasDatepicker	true	false		[]
ERIN000	次卡购买明细（来自账户管理）	https://beta18.pospal.cn/PassProduct/CustomerPassProduct	结束日期	text	ui-timePicker-end-212434		timeInput hasDatepicker	true	false		[]
ERIN000	次卡购买明细（来自账户管理）	https://beta18.pospal.cn/PassProduct/CustomerPassProduct	会员卡号/姓名/电话	text	txt_keyword		textInput placeholder	true	false		[]
ERIN000	次卡购买明细（来自账户管理）	https://beta18.pospal.cn/PassProduct/CustomerPassProduct	查询	div	btnSerach		submitBtn	true	false		[]
ERIN000	次卡购买明细（来自账户管理）	https://beta18.pospal.cn/PassProduct/CustomerPassProduct	全选	label				false	false		[]
ERIN000	次卡购买明细（来自账户管理）	https://beta18.pospal.cn/PassProduct/CustomerPassProduct	首页前一页第页共4页下一页尾页每页50条清除内容每页100条每页50条每页20条每页10条	div			pRight textBtn	false	false		[]
ERIN000	次卡购买明细（来自账户管理）	https://beta18.pospal.cn/PassProduct/CustomerPassProduct	每页50条	custom-select			pageSize singleSelector	false	false		[{"label":"每页100条","value":"100","selected":false},{"label":"每页50条","value":"50","selected":true},{"label":"每页20条","value":"20","selected":false},{"label":"每页10条","value":"10","selected":false}]
ERIN000	次卡购买明细（来自账户管理）	https://beta18.pospal.cn/PassProduct/CustomerPassProduct		input	delayDays		rowInput	false	false		[]
ERIN000	次卡购买明细（来自账户管理）	https://beta18.pospal.cn/PassProduct/CustomerPassProduct	天	label			unit	false	false		[]
ERIN000	次卡购买明细（来自账户管理）	https://beta18.pospal.cn/PassProduct/CustomerPassProduct		textarea			textarea feedBackContent	false	false		[]
ERIN000	次卡购买明细（来自账户管理）	https://beta18.pospal.cn/PassProduct/CustomerPassProduct	输入手机验证码	text			clean quantity txt_telVerifyCode	false	false		[]
ERIN000	次卡购买明细（来自账户管理）	https://beta18.pospal.cn/PassProduct/CustomerPassProduct	不再提醒	custom-check			checkBoxDiv fl	false	false	false	[]
ERIN000	次卡购买明细（来自账户管理）	https://beta18.pospal.cn/PassProduct/CustomerPassProduct	新会员注册通知	custom-check			checkBoxDiv on	false	false	true	[]
ERIN000	次卡购买明细（来自账户管理）	https://beta18.pospal.cn/PassProduct/CustomerPassProduct	会员消费通知	custom-check			checkBoxDiv on	false	false	true	[]
ERIN000	次卡购买明细（来自账户管理）	https://beta18.pospal.cn/PassProduct/CustomerPassProduct	网单发货通知	custom-check			checkBoxDiv on	false	false	true	[]
ERIN000	次卡购买明细（来自账户管理）	https://beta18.pospal.cn/PassProduct/CustomerPassProduct	储值卡充值到账通知	custom-check			checkBoxDiv on	false	false	true	[]
ERIN000	次卡购买明细（来自账户管理）	https://beta18.pospal.cn/PassProduct/CustomerPassProduct	搜问题…	text	txt_helpKeyword		HCSearchIpt	false	false		[]
ERIN000	次卡购买明细（来自账户管理）	https://beta18.pospal.cn/PassProduct/CustomerPassProduct	请输入1000元以上金额	input			input quantity	false	false		[]
ERIN000	次卡购买明细（来自账户管理）	https://beta18.pospal.cn/PassProduct/CustomerPassProduct	储值卡充值到账提醒	custom-check			checkBoxDiv on	false	false	true	[]
ERIN000	次卡购买明细（来自账户管理）	https://beta18.pospal.cn/PassProduct/CustomerPassProduct	新会员注册-通知客户	custom-check			checkBoxDiv on	false	false	true	[]
ERIN000	次卡购买明细（来自账户管理）	https://beta18.pospal.cn/PassProduct/CustomerPassProduct	请输入手机号	text			smsBalanceNoticeWidget_noticeTel edit_txt	false	false		[]
ERIN000	次卡购买明细（来自账户管理）	https://beta18.pospal.cn/PassProduct/CustomerPassProduct	输入关键字，按回车搜索	text			searchInput	false	false		[]
ERIN000	次卡购买明细（来自账户管理）	https://beta18.pospal.cn/PassProduct/CustomerPassProduct	请输入名称搜索	text			searchInput	false	false		[]
ERIN000	次卡购买明细（来自账户管理）	https://beta18.pospal.cn/PassProduct/CustomerPassProduct	请输入门店账号，多个门店请用逗号、空格或换行分割	textarea			importSubStoreTextarea	false	false		[]
ERIN000	次卡购买明细（来自账户管理）	https://beta18.pospal.cn/PassProduct/CustomerPassProduct	-	div	dateTimeRangeBox		dateTimeRangeBox	true	false		[]
ERIN000	次卡购买明细（来自账户管理）	https://beta18.pospal.cn/PassProduct/CustomerPassProduct	-	span				true	false		[]
ERIN000	次卡使用明细（来自次卡资料）	https://beta18.pospal.cn/PassProduct/CustomerPassProductUsageLog	导出	div	btnExport		btnBlue	true	false		[]
ERIN000	次卡使用明细（来自次卡资料）	https://beta18.pospal.cn/PassProduct/CustomerPassProductUsageLog	全部售卡门店	custom-select	ddl_subUsers		singleSelector multiple	true	false		[{"label":"ERIN埃琳(总部)","value":"4402557","selected":false},{"label":"001 - Mrs.HuaShi花诗肤人","value":"4402559","selected":false},{"label":"002 - erin002","value":"4402560","selected":false}]
ERIN000	次卡使用明细（来自次卡资料）	https://beta18.pospal.cn/PassProduct/CustomerPassProductUsageLog		text			textInput	false	false		[]
ERIN000	次卡使用明细（来自次卡资料）	https://beta18.pospal.cn/PassProduct/CustomerPassProductUsageLog	高级	span			btnMultipleAdvanced	true	false		[]
ERIN000	次卡使用明细（来自次卡资料）	https://beta18.pospal.cn/PassProduct/CustomerPassProductUsageLog	全部核销门店	custom-select	ddl_costUsers		singleSelector multiple	true	false		[{"label":"ERIN埃琳(总部)","value":"4402557","selected":false},{"label":"001 - Mrs.HuaShi花诗肤人","value":"4402559","selected":false},{"label":"002 - erin002","value":"4402560","selected":false}]
ERIN000	次卡使用明细（来自次卡资料）	https://beta18.pospal.cn/PassProduct/CustomerPassProductUsageLog	全部分类	custom-select	ddl_passproductCategorys		singleSelector	true	false		[{"label":"全部分类","value":"","selected":true},{"label":"养护套餐次卡","value":"1779244559662142154","selected":false},{"label":"基础养护次卡","value":"1779244536604603867","selected":false},{"label":"深层养护次卡","value":"1779244552008816401","selected":false},{"label":"肤质调理次卡","value":"1779244578971200080","selected":false},{"label":"苗方调理次卡","value":"1708596044867640374","selected":false},{"label":"身体养护次卡","value":"1779244679582401737","selected":false},{"label":"DPL脱毛疗程","value":"1735898236282441961","selected":false},{"label":"深层疗肤次卡","value":"1779244665511938118","selected":false},{"label":"历史卡项","value":"1735894490221823890","selected":false}]
ERIN000	次卡使用明细（来自次卡资料）	https://beta18.pospal.cn/PassProduct/CustomerPassProductUsageLog	全部次卡	custom-select	ddl_passProduct		singleSelector	true	false		[{"label":"全部次卡","value":"","selected":true}]
ERIN000	次卡使用明细（来自次卡资料）	https://beta18.pospal.cn/PassProduct/CustomerPassProductUsageLog	全部类型	custom-select	ddl_cardType		singleSelector	true	false		[{"label":"全部类型","value":"","selected":true},{"label":"付费次卡","value":"1","selected":false},{"label":"赠送次卡","value":"2","selected":false}]
ERIN000	次卡使用明细（来自次卡资料）	https://beta18.pospal.cn/PassProduct/CustomerPassProductUsageLog	会员等级	custom-select	ddl_categorys		singleSelector	true	false		[{"label":"会员等级","value":"","selected":true},{"label":"花诗会员","value":"10000","selected":false},{"label":"紫花会员","value":"1622889357649139124","selected":false},{"label":"银花会员","value":"1732448192165342502","selected":false},{"label":"金花会员","value":"1732451084262955332","selected":false},{"label":"玉花会员","value":"1732451098253968386","selected":false}]
ERIN000	次卡使用明细（来自次卡资料）	https://beta18.pospal.cn/PassProduct/CustomerPassProductUsageLog	开始日期	text	ui-timePicker-begin-717710		timeInput hasDatepicker	true	false		[]
ERIN000	次卡使用明细（来自次卡资料）	https://beta18.pospal.cn/PassProduct/CustomerPassProductUsageLog	结束日期	text	ui-timePicker-end-354499		timeInput hasDatepicker	true	false		[]
ERIN000	次卡使用明细（来自次卡资料）	https://beta18.pospal.cn/PassProduct/CustomerPassProductUsageLog	会员卡号/姓名/电话	text	txt_keyword		textInput placeholder	true	false		[]
ERIN000	次卡使用明细（来自次卡资料）	https://beta18.pospal.cn/PassProduct/CustomerPassProductUsageLog	查询	div	btnSerach		submitBtn	true	false		[]
ERIN000	次卡使用明细（来自次卡资料）	https://beta18.pospal.cn/PassProduct/CustomerPassProductUsageLog	首页前一页第页共4页下一页尾页每页50条清除内容每页100条每页50条每页20条每页10条	div			pRight textBtn	false	false		[]
ERIN000	次卡使用明细（来自次卡资料）	https://beta18.pospal.cn/PassProduct/CustomerPassProductUsageLog	每页50条	custom-select			pageSize singleSelector	false	false		[{"label":"每页100条","value":"100","selected":false},{"label":"每页50条","value":"50","selected":true},{"label":"每页20条","value":"20","selected":false},{"label":"每页10条","value":"10","selected":false}]
ERIN000	次卡使用明细（来自次卡资料）	https://beta18.pospal.cn/PassProduct/CustomerPassProductUsageLog		textarea			textarea feedBackContent	false	false		[]
ERIN000	次卡使用明细（来自次卡资料）	https://beta18.pospal.cn/PassProduct/CustomerPassProductUsageLog	输入手机验证码	text			clean quantity txt_telVerifyCode	false	false		[]
ERIN000	次卡使用明细（来自次卡资料）	https://beta18.pospal.cn/PassProduct/CustomerPassProductUsageLog	不再提醒	custom-check			checkBoxDiv fl	false	false	false	[]
ERIN000	次卡使用明细（来自次卡资料）	https://beta18.pospal.cn/PassProduct/CustomerPassProductUsageLog	新会员注册通知	custom-check			checkBoxDiv on	false	false	true	[]
ERIN000	次卡使用明细（来自次卡资料）	https://beta18.pospal.cn/PassProduct/CustomerPassProductUsageLog	会员消费通知	custom-check			checkBoxDiv on	false	false	true	[]
ERIN000	次卡使用明细（来自次卡资料）	https://beta18.pospal.cn/PassProduct/CustomerPassProductUsageLog	网单发货通知	custom-check			checkBoxDiv on	false	false	true	[]
ERIN000	次卡使用明细（来自次卡资料）	https://beta18.pospal.cn/PassProduct/CustomerPassProductUsageLog	储值卡充值到账通知	custom-check			checkBoxDiv on	false	false	true	[]
ERIN000	次卡使用明细（来自次卡资料）	https://beta18.pospal.cn/PassProduct/CustomerPassProductUsageLog	搜问题…	text	txt_helpKeyword		HCSearchIpt	false	false		[]
ERIN000	次卡使用明细（来自次卡资料）	https://beta18.pospal.cn/PassProduct/CustomerPassProductUsageLog	请输入1000元以上金额	input			input quantity	false	false		[]
ERIN000	次卡使用明细（来自次卡资料）	https://beta18.pospal.cn/PassProduct/CustomerPassProductUsageLog	储值卡充值到账提醒	custom-check			checkBoxDiv on	false	false	true	[]
ERIN000	次卡使用明细（来自次卡资料）	https://beta18.pospal.cn/PassProduct/CustomerPassProductUsageLog	新会员注册-通知客户	custom-check			checkBoxDiv on	false	false	true	[]
ERIN000	次卡使用明细（来自次卡资料）	https://beta18.pospal.cn/PassProduct/CustomerPassProductUsageLog	请输入手机号	text			smsBalanceNoticeWidget_noticeTel edit_txt	false	false		[]
ERIN000	次卡使用明细（来自次卡资料）	https://beta18.pospal.cn/PassProduct/CustomerPassProductUsageLog	输入关键字，按回车搜索	text			searchInput	false	false		[]
ERIN000	次卡使用明细（来自次卡资料）	https://beta18.pospal.cn/PassProduct/CustomerPassProductUsageLog	请输入名称搜索	text			searchInput	false	false		[]
ERIN000	次卡使用明细（来自次卡资料）	https://beta18.pospal.cn/PassProduct/CustomerPassProductUsageLog	请输入门店账号，多个门店请用逗号、空格或换行分割	textarea			importSubStoreTextarea	false	false		[]
ERIN000	次卡使用明细（来自次卡资料）	https://beta18.pospal.cn/PassProduct/CustomerPassProductUsageLog	-	div	dateTimeRangeBox		dateTimeRangeBox	true	false		[]
ERIN000	次卡使用明细（来自次卡资料）	https://beta18.pospal.cn/PassProduct/CustomerPassProductUsageLog	-	span				true	false		[]
ERIN000	会员次卡持明细（来自次卡资料）	https://beta18.pospal.cn/PassProduct/CustomerOwnPassProduct	导出	div	btnExport		btnBlue	true	false		[]
ERIN000	会员次卡持明细（来自次卡资料）	https://beta18.pospal.cn/PassProduct/CustomerOwnPassProduct	全部购买门店	custom-select	ddl_subUsers		singleSelector	true	false		[{"label":"全部购买门店","value":"","selected":true},{"label":"ERIN埃琳(总部)","value":"4402557","selected":false},{"label":"001 - Mrs.HuaShi花诗肤人","value":"4402559","selected":false},{"label":"002 - erin002","value":"4402560","selected":false}]
ERIN000	会员次卡持明细（来自次卡资料）	https://beta18.pospal.cn/PassProduct/CustomerOwnPassProduct		text			textInput	false	false		[]
ERIN000	会员次卡持明细（来自次卡资料）	https://beta18.pospal.cn/PassProduct/CustomerOwnPassProduct	全部次卡	custom-select	ddl_passProduct		singleSelector	true	false		[{"label":"全部次卡","value":"","selected":true}]
ERIN000	会员次卡持明细（来自次卡资料）	https://beta18.pospal.cn/PassProduct/CustomerOwnPassProduct	全部类型	custom-select	ddl_customerPassProductType		singleSelector	true	false		[{"label":"全部类型","value":"","selected":true},{"label":"有效次卡","value":"1","selected":false},{"label":"过期次卡","value":"2","selected":false}]
ERIN000	会员次卡持明细（来自次卡资料）	https://beta18.pospal.cn/PassProduct/CustomerOwnPassProduct	会员卡号/姓名/电话	text	txt_keyword		textInput placeholder	true	false		[]
ERIN000	会员次卡持明细（来自次卡资料）	https://beta18.pospal.cn/PassProduct/CustomerOwnPassProduct	查询	div	btnSerach		submitBtn	true	false		[]
ERIN000	会员次卡持明细（来自次卡资料）	https://beta18.pospal.cn/PassProduct/CustomerOwnPassProduct	首页前一页第页共4页下一页尾页每页50条清除内容每页100条每页50条每页20条每页10条	div			pRight textBtn	false	false		[]
ERIN000	会员次卡持明细（来自次卡资料）	https://beta18.pospal.cn/PassProduct/CustomerOwnPassProduct	每页50条	custom-select			pageSize singleSelector	false	false		[{"label":"每页100条","value":"100","selected":false},{"label":"每页50条","value":"50","selected":true},{"label":"每页20条","value":"20","selected":false},{"label":"每页10条","value":"10","selected":false}]
ERIN000	会员次卡持明细（来自次卡资料）	https://beta18.pospal.cn/PassProduct/CustomerOwnPassProduct		textarea			textarea feedBackContent	false	false		[]
ERIN000	会员次卡持明细（来自次卡资料）	https://beta18.pospal.cn/PassProduct/CustomerOwnPassProduct	输入手机验证码	text			clean quantity txt_telVerifyCode	false	false		[]
ERIN000	会员次卡持明细（来自次卡资料）	https://beta18.pospal.cn/PassProduct/CustomerOwnPassProduct	不再提醒	custom-check			checkBoxDiv fl	false	false	false	[]
ERIN000	会员次卡持明细（来自次卡资料）	https://beta18.pospal.cn/PassProduct/CustomerOwnPassProduct	新会员注册通知	custom-check			checkBoxDiv on	false	false	true	[]
ERIN000	会员次卡持明细（来自次卡资料）	https://beta18.pospal.cn/PassProduct/CustomerOwnPassProduct	会员消费通知	custom-check			checkBoxDiv on	false	false	true	[]
ERIN000	会员次卡持明细（来自次卡资料）	https://beta18.pospal.cn/PassProduct/CustomerOwnPassProduct	网单发货通知	custom-check			checkBoxDiv on	false	false	true	[]
ERIN000	会员次卡持明细（来自次卡资料）	https://beta18.pospal.cn/PassProduct/CustomerOwnPassProduct	储值卡充值到账通知	custom-check			checkBoxDiv on	false	false	true	[]
ERIN000	会员次卡持明细（来自次卡资料）	https://beta18.pospal.cn/PassProduct/CustomerOwnPassProduct	搜问题…	text	txt_helpKeyword		HCSearchIpt	false	false		[]
ERIN000	会员次卡持明细（来自次卡资料）	https://beta18.pospal.cn/PassProduct/CustomerOwnPassProduct	请输入1000元以上金额	input			input quantity	false	false		[]
ERIN000	会员次卡持明细（来自次卡资料）	https://beta18.pospal.cn/PassProduct/CustomerOwnPassProduct	储值卡充值到账提醒	custom-check			checkBoxDiv on	false	false	true	[]
ERIN000	会员次卡持明细（来自次卡资料）	https://beta18.pospal.cn/PassProduct/CustomerOwnPassProduct	新会员注册-通知客户	custom-check			checkBoxDiv on	false	false	true	[]
ERIN000	会员次卡持明细（来自次卡资料）	https://beta18.pospal.cn/PassProduct/CustomerOwnPassProduct	请输入手机号	text			smsBalanceNoticeWidget_noticeTel edit_txt	false	false		[]
ERIN000	会员次卡持明细（来自次卡资料）	https://beta18.pospal.cn/PassProduct/CustomerOwnPassProduct	输入关键字，按回车搜索	text			searchInput	false	false		[]
ERIN000	会员次卡持明细（来自次卡资料）	https://beta18.pospal.cn/PassProduct/CustomerOwnPassProduct	请输入名称搜索	text			searchInput	false	false		[]
ERIN000	会员次卡持明细（来自次卡资料）	https://beta18.pospal.cn/PassProduct/CustomerOwnPassProduct	请输入门店账号，多个门店请用逗号、空格或换行分割	textarea			importSubStoreTextarea	false	false		[]
ERIN000	结算记录（来自供货商结算）	https://beta18.pospal.cn/StockFlow/StockFlowPaymentLogs	返回	div			btnReturn btnGoBack	true	false		[]
ERIN000	结算记录（来自供货商结算）	https://beta18.pospal.cn/StockFlow/StockFlowPaymentLogs	全部供货商	custom-select	ddl_suppliers		singleSelector	true	false		[{"label":"全部供货商","value":"","selected":true},{"label":"[业务对象选项 2]","value":"184150524234240575_0","selected":false},{"label":"[业务对象选项 3]","value":"253512890107708689_0","selected":false},{"label":"[业务对象选项 4]","value":"283468806102039784_0","selected":false},{"label":"[业务对象选项 5]","value":"562702328618014302_0","selected":false},{"label":"[业务对象选项 6]","value":"943715071657855705_0","selected":false},{"label":"[业务对象选项 7]","value":"1051143024588241053_0","selected":false},{"label":"[业务对象选项 8]","value":"1127041560591820554_0","selected":false}]
ERIN000	结算记录（来自供货商结算）	https://beta18.pospal.cn/StockFlow/StockFlowPaymentLogs		text			textInput	false	false		[]
ERIN000	结算记录（来自供货商结算）	https://beta18.pospal.cn/StockFlow/StockFlowPaymentLogs	开始日期	text	ui-timePicker-begin-878933		timeInput hasDatepicker	true	false		[]
ERIN000	结算记录（来自供货商结算）	https://beta18.pospal.cn/StockFlow/StockFlowPaymentLogs	结束日期	text	ui-timePicker-end-334064		timeInput hasDatepicker	true	false		[]
ERIN000	结算记录（来自供货商结算）	https://beta18.pospal.cn/StockFlow/StockFlowPaymentLogs	采购单号/货流单号	text	txt_keyword		textInput	true	false		[]
ERIN000	结算记录（来自供货商结算）	https://beta18.pospal.cn/StockFlow/StockFlowPaymentLogs	查询	div			submitBtn	true	false		[]
ERIN000	结算记录（来自供货商结算）	https://beta18.pospal.cn/StockFlow/StockFlowPaymentLogs		textarea			textarea feedBackContent	false	false		[]
ERIN000	结算记录（来自供货商结算）	https://beta18.pospal.cn/StockFlow/StockFlowPaymentLogs	输入手机验证码	text			clean quantity txt_telVerifyCode	false	false		[]
ERIN000	结算记录（来自供货商结算）	https://beta18.pospal.cn/StockFlow/StockFlowPaymentLogs	不再提醒	custom-check			checkBoxDiv fl	false	false	false	[]
ERIN000	结算记录（来自供货商结算）	https://beta18.pospal.cn/StockFlow/StockFlowPaymentLogs	新会员注册通知	custom-check			checkBoxDiv on	false	false	true	[]
ERIN000	结算记录（来自供货商结算）	https://beta18.pospal.cn/StockFlow/StockFlowPaymentLogs	会员消费通知	custom-check			checkBoxDiv on	false	false	true	[]
ERIN000	结算记录（来自供货商结算）	https://beta18.pospal.cn/StockFlow/StockFlowPaymentLogs	网单发货通知	custom-check			checkBoxDiv on	false	false	true	[]
ERIN000	结算记录（来自供货商结算）	https://beta18.pospal.cn/StockFlow/StockFlowPaymentLogs	储值卡充值到账通知	custom-check			checkBoxDiv on	false	false	true	[]
ERIN000	结算记录（来自供货商结算）	https://beta18.pospal.cn/StockFlow/StockFlowPaymentLogs	搜问题…	text	txt_helpKeyword		HCSearchIpt	false	false		[]
ERIN000	结算记录（来自供货商结算）	https://beta18.pospal.cn/StockFlow/StockFlowPaymentLogs	请输入1000元以上金额	input			input quantity	false	false		[]
ERIN000	结算记录（来自供货商结算）	https://beta18.pospal.cn/StockFlow/StockFlowPaymentLogs	储值卡充值到账提醒	custom-check			checkBoxDiv on	false	false	true	[]
ERIN000	结算记录（来自供货商结算）	https://beta18.pospal.cn/StockFlow/StockFlowPaymentLogs	新会员注册-通知客户	custom-check			checkBoxDiv on	false	false	true	[]
ERIN000	结算记录（来自供货商结算）	https://beta18.pospal.cn/StockFlow/StockFlowPaymentLogs	请输入手机号	text			smsBalanceNoticeWidget_noticeTel edit_txt	false	false		[]
ERIN000	结算记录（来自供货商结算）	https://beta18.pospal.cn/StockFlow/StockFlowPaymentLogs	输入关键字，按回车搜索	text			searchInput	false	false		[]
ERIN000	结算记录（来自供货商结算）	https://beta18.pospal.cn/StockFlow/StockFlowPaymentLogs	请输入名称搜索	text			searchInput	false	false		[]
ERIN000	结算记录（来自供货商结算）	https://beta18.pospal.cn/StockFlow/StockFlowPaymentLogs	请输入门店账号，多个门店请用逗号、空格或换行分割	textarea			importSubStoreTextarea	false	false		[]
ERIN000	结算记录（来自供货商结算）	https://beta18.pospal.cn/StockFlow/StockFlowPaymentLogs	-	div	dateTimeRangeBox		dateTimeRangeBox	true	false		[]
ERIN000	结算记录（来自供货商结算）	https://beta18.pospal.cn/StockFlow/StockFlowPaymentLogs	-	span				true	false		[]
ERIN000	进货价变动明细（来自进货价分析）	https://beta18.pospal.cn/StockFlow/ProductPriceChangeHistory	ERIN埃琳(总部)	custom-select	ddl_subUsers		singleSelector	true	false		[{"label":"ERIN埃琳(总部)","value":"4402557","selected":true},{"label":"001 - Mrs.HuaShi花诗肤人","value":"4402559","selected":false},{"label":"002 - erin002","value":"4402560","selected":false}]
ERIN000	进货价变动明细（来自进货价分析）	https://beta18.pospal.cn/StockFlow/ProductPriceChangeHistory		text			textInput	false	false		[]
ERIN000	进货价变动明细（来自进货价分析）	https://beta18.pospal.cn/StockFlow/ProductPriceChangeHistory	全部变动	custom-select	ddl_changeType		singleSelector	true	false		[{"label":"全部变动","value":"allPriceChange","selected":true},{"label":"货流进货","value":"stockIn","selected":false},{"label":"货流出库","value":"stockFlowSell","selected":false},{"label":"货流退货","value":"stockFlowReturn","selected":false},{"label":"编辑进货价","value":"editPrice","selected":false},{"label":"费用分摊","value":"feeShare","selected":false},{"label":"返利分摊","value":"rebateShare","selected":false},{"label":"组装拆分","value":"unpack","selected":false},{"label":"原材料进货导致成品进货价变动","value":"caseproductchangebuyprice","selected":false},{"label":"负库存销售校正单","value":"productnegativesaleadjust","selected":false},{"label":"原材料配置更新进货价","value":"caseproductrefreshbuyprice","selected":false}]
ERIN000	进货价变动明细（来自进货价分析）	https://beta18.pospal.cn/StockFlow/ProductPriceChangeHistory	开始日期	text	ui-timePicker-begin-645459		timeInput hasDatepicker	true	false		[]
ERIN000	进货价变动明细（来自进货价分析）	https://beta18.pospal.cn/StockFlow/ProductPriceChangeHistory	结束日期	text	ui-timePicker-end-863767		timeInput hasDatepicker	true	false		[]
ERIN000	进货价变动明细（来自进货价分析）	https://beta18.pospal.cn/StockFlow/ProductPriceChangeHistory		text	txt_keyword		textInput placeholder quantity	true	false		[]
ERIN000	进货价变动明细（来自进货价分析）	https://beta18.pospal.cn/StockFlow/ProductPriceChangeHistory	查询	div			submitBtn	true	false		[]
ERIN000	进货价变动明细（来自进货价分析）	https://beta18.pospal.cn/StockFlow/ProductPriceChangeHistory		textarea			textarea feedBackContent	false	false		[]
ERIN000	进货价变动明细（来自进货价分析）	https://beta18.pospal.cn/StockFlow/ProductPriceChangeHistory	输入手机验证码	text			clean quantity txt_telVerifyCode	false	false		[]
ERIN000	进货价变动明细（来自进货价分析）	https://beta18.pospal.cn/StockFlow/ProductPriceChangeHistory	不再提醒	custom-check			checkBoxDiv fl	false	false	false	[]
ERIN000	进货价变动明细（来自进货价分析）	https://beta18.pospal.cn/StockFlow/ProductPriceChangeHistory	新会员注册通知	custom-check			checkBoxDiv on	false	false	true	[]
ERIN000	进货价变动明细（来自进货价分析）	https://beta18.pospal.cn/StockFlow/ProductPriceChangeHistory	会员消费通知	custom-check			checkBoxDiv on	false	false	true	[]
ERIN000	进货价变动明细（来自进货价分析）	https://beta18.pospal.cn/StockFlow/ProductPriceChangeHistory	网单发货通知	custom-check			checkBoxDiv on	false	false	true	[]
ERIN000	进货价变动明细（来自进货价分析）	https://beta18.pospal.cn/StockFlow/ProductPriceChangeHistory	储值卡充值到账通知	custom-check			checkBoxDiv on	false	false	true	[]
ERIN000	进货价变动明细（来自进货价分析）	https://beta18.pospal.cn/StockFlow/ProductPriceChangeHistory	搜问题…	text	txt_helpKeyword		HCSearchIpt	false	false		[]
ERIN000	进货价变动明细（来自进货价分析）	https://beta18.pospal.cn/StockFlow/ProductPriceChangeHistory	请输入1000元以上金额	input			input quantity	false	false		[]
ERIN000	进货价变动明细（来自进货价分析）	https://beta18.pospal.cn/StockFlow/ProductPriceChangeHistory	储值卡充值到账提醒	custom-check			checkBoxDiv on	false	false	true	[]
ERIN000	进货价变动明细（来自进货价分析）	https://beta18.pospal.cn/StockFlow/ProductPriceChangeHistory	新会员注册-通知客户	custom-check			checkBoxDiv on	false	false	true	[]
ERIN000	进货价变动明细（来自进货价分析）	https://beta18.pospal.cn/StockFlow/ProductPriceChangeHistory	请输入手机号	text			smsBalanceNoticeWidget_noticeTel edit_txt	false	false		[]
ERIN000	进货价变动明细（来自进货价分析）	https://beta18.pospal.cn/StockFlow/ProductPriceChangeHistory	输入关键字，按回车搜索	text			searchInput	false	false		[]
ERIN000	进货价变动明细（来自进货价分析）	https://beta18.pospal.cn/StockFlow/ProductPriceChangeHistory	请输入名称搜索	text			searchInput	false	false		[]
ERIN000	进货价变动明细（来自进货价分析）	https://beta18.pospal.cn/StockFlow/ProductPriceChangeHistory	请输入门店账号，多个门店请用逗号、空格或换行分割	textarea			importSubStoreTextarea	false	false		[]
ERIN000	进货价变动明细（来自进货价分析）	https://beta18.pospal.cn/StockFlow/ProductPriceChangeHistory	组装拆��	li			yb-tmenu-item 	true	false		[]
ERIN000	进货价变动明细（来自进货价分析）	https://beta18.pospal.cn/StockFlow/ProductPriceChangeHistory	-	div	dateTimeRangeBox		dateTimeRangeBox	true	false		[]
ERIN000	进货价变动明细（来自进货价分析）	https://beta18.pospal.cn/StockFlow/ProductPriceChangeHistory	-	span				true	false		[]
ERIN000	散客转会员设置（来自散客概览）	https://beta18.pospal.cn/Dashboard/TravelToCustomerRule	散客数据总览	a				true	false		[]
ERIN000	散客转会员设置（来自散客概览）	https://beta18.pospal.cn/Dashboard/TravelToCustomerRule	散客单自动关联会员	a				true	false		[]
ERIN000	散客转会员设置（来自散客概览）	https://beta18.pospal.cn/Dashboard/TravelToCustomerRule	查看示例	span			operation2 js_btn_look_shili	true	false		[]
ERIN000	散客转会员设置（来自散客概览）	https://beta18.pospal.cn/Dashboard/TravelToCustomerRule	开 关	custom-switch	sb_enabled		swicth	true	false	true	[]
ERIN000	散客转会员设置（来自散客概览）	https://beta18.pospal.cn/Dashboard/TravelToCustomerRule	去设置	a			opeartion2	true	false		[]
ERIN000	散客转会员设置（来自散客概览）	https://beta18.pospal.cn/Dashboard/TravelToCustomerRule		input			inputN js_pointTransferRule1_amount	true	false		[]
ERIN000	散客转会员设置（来自散客概览）	https://beta18.pospal.cn/Dashboard/TravelToCustomerRule		textarea	txt_ticketInviteInfo			true	false		[]
ERIN000	散客转会员设置（来自散客概览）	https://beta18.pospal.cn/Dashboard/TravelToCustomerRule	{消费次数}	div			btn-while js_btn_keyinput	true	false		[]
ERIN000	散客转会员设置（来自散客概览）	https://beta18.pospal.cn/Dashboard/TravelToCustomerRule	{首次消费时间}	div			btn-while js_btn_keyinput	true	false		[]
ERIN000	散客转会员设置（来自散客概览）	https://beta18.pospal.cn/Dashboard/TravelToCustomerRule	{累计消费金额}	div			btn-while js_btn_keyinput	true	false		[]
ERIN000	散客转会员设置（来自散客概览）	https://beta18.pospal.cn/Dashboard/TravelToCustomerRule	{累计积分}	div			btn-while js_btn_keyinput	true	false		[]
ERIN000	散客转会员设置（来自散客概览）	https://beta18.pospal.cn/Dashboard/TravelToCustomerRule	保存	div	btnSave		btnNBlue	true	false		[]
ERIN000	散客转会员设置（来自散客概览）	https://beta18.pospal.cn/Dashboard/TravelToCustomerRule	全部门店	custom-select			ddl_createUserId singleSelector	true	false		[{"label":"全部门店","value":"","selected":true},{"label":"ERIN埃琳(总部)","value":"4402557","selected":false},{"label":"001 - Mrs.HuaShi花诗肤人","value":"4402559","selected":false},{"label":"002 - erin002","value":"4402560","selected":false}]
ERIN000	散客转会员设置（来自散客概览）	https://beta18.pospal.cn/Dashboard/TravelToCustomerRule	今日	span			active tab	true	false		[]
ERIN000	散客转会员设置（来自散客概览）	https://beta18.pospal.cn/Dashboard/TravelToCustomerRule	昨日	span			tab	true	false		[]
ERIN000	散客转会员设置（来自散客概览）	https://beta18.pospal.cn/Dashboard/TravelToCustomerRule	本月	span			tab	true	false		[]
ERIN000	散客转会员设置（来自散客概览）	https://beta18.pospal.cn/Dashboard/TravelToCustomerRule		text	dp1790923560119		txtEidt time txt_beginDateTime hasDatepicker	false	false		[]
ERIN000	散客转会员设置（来自散客概览）	https://beta18.pospal.cn/Dashboard/TravelToCustomerRule		text	dp1790923560120		txtEidt time txt_endDateTime hasDatepicker	false	false		[]
ERIN000	散客转会员设置（来自散客概览）	https://beta18.pospal.cn/Dashboard/TravelToCustomerRule	查询	div			btnNOrange btnN24 submitDate	false	false		[]
ERIN000	散客转会员设置（来自散客概览）	https://beta18.pospal.cn/Dashboard/TravelToCustomerRule	导出	div			btnNWhite btnN32 js_export_log	true	false		[]
ERIN000	散客转会员设置（来自散客概览）	https://beta18.pospal.cn/Dashboard/TravelToCustomerRule	搜索会员号/手机号	text			js_log_keyword	true	false		[]
ERIN000	散客转会员设置（来自散客概览）	https://beta18.pospal.cn/Dashboard/TravelToCustomerRule		img			js_log_searchBtn mCS_img_loaded	true	false		[]
ERIN000	散客转会员设置（来自散客概览）	https://beta18.pospal.cn/Dashboard/TravelToCustomerRule	«	a				true	false		[]
ERIN000	散客转会员设置（来自散客概览）	https://beta18.pospal.cn/Dashboard/TravelToCustomerRule	1	a				true	false		[]
ERIN000	散客转会员设置（来自散客概览）	https://beta18.pospal.cn/Dashboard/TravelToCustomerRule	»	a				true	false		[]
ERIN000	散客转会员设置（来自散客概览）	https://beta18.pospal.cn/Dashboard/TravelToCustomerRule	跳转	button			J-paginationjs-go-button	true	false		[]
ERIN000	散客转会员设置（来自散客概览）	https://beta18.pospal.cn/Dashboard/TravelToCustomerRule		textarea			textarea feedBackContent	false	false		[]
ERIN000	散客转会员设置（来自散客概览）	https://beta18.pospal.cn/Dashboard/TravelToCustomerRule	输入手机验证码	text			clean quantity txt_telVerifyCode	false	false		[]
ERIN000	散客转会员设置（来自散客概览）	https://beta18.pospal.cn/Dashboard/TravelToCustomerRule	不再提醒	custom-check			checkBoxDiv fl	false	false	false	[]
ERIN000	散客转会员设置（来自散客概览）	https://beta18.pospal.cn/Dashboard/TravelToCustomerRule	新会员注册通知	custom-check			checkBoxDiv on	false	false	true	[]
ERIN000	散客转会员设置（来自散客概览）	https://beta18.pospal.cn/Dashboard/TravelToCustomerRule	会员消费通知	custom-check			checkBoxDiv on	false	false	true	[]
ERIN000	散客转会员设置（来自散客概览）	https://beta18.pospal.cn/Dashboard/TravelToCustomerRule	网单发货通知	custom-check			checkBoxDiv on	false	false	true	[]
ERIN000	散客转会员设置（来自散客概览）	https://beta18.pospal.cn/Dashboard/TravelToCustomerRule	储值卡充值到账通知	custom-check			checkBoxDiv on	false	false	true	[]
ERIN000	散客转会员设置（来自散客概览）	https://beta18.pospal.cn/Dashboard/TravelToCustomerRule	搜问题…	text	txt_helpKeyword		HCSearchIpt	false	false		[]
ERIN000	散客转会员设置（来自散客概览）	https://beta18.pospal.cn/Dashboard/TravelToCustomerRule	请输入1000元以上金额	input			input quantity	false	false		[]
ERIN000	散客转会员设置（来自散客概览）	https://beta18.pospal.cn/Dashboard/TravelToCustomerRule	储值卡充值到账提醒	custom-check			checkBoxDiv on	false	false	true	[]
ERIN000	散客转会员设置（来自散客概览）	https://beta18.pospal.cn/Dashboard/TravelToCustomerRule	新会员注册-通知客户	custom-check			checkBoxDiv on	false	false	true	[]
ERIN000	散客转会员设置（来自散客概览）	https://beta18.pospal.cn/Dashboard/TravelToCustomerRule	请输入手机号	text			smsBalanceNoticeWidget_noticeTel edit_txt	false	false		[]
ERIN000	散客转会员设置（来自散客概览）	https://beta18.pospal.cn/Dashboard/TravelToCustomerRule	输入关键字，按回车搜索	text			searchInput	false	false		[]
ERIN000	散客转会员设置（来自散客概览）	https://beta18.pospal.cn/Dashboard/TravelToCustomerRule	请输入名称搜索	text			searchInput	false	false		[]
ERIN000	散客转会员设置（来自散客概览）	https://beta18.pospal.cn/Dashboard/TravelToCustomerRule	请输入门店账号，多个门店请用逗号、空格或换行分割	textarea			importSubStoreTextarea	false	false		[]
ERIN000	散客转会员设置（来自散客概览）	https://beta18.pospal.cn/Dashboard/TravelToCustomerRule	顾客预���	li			yb-tmenu-item 	true	false		[]
ERIN000	散客转会员设置（来自散客概览）	https://beta18.pospal.cn/Dashboard/TravelToCustomerRule	散客数据总览	span			overview__title-left fl	true	false		[]
ERIN000	散客转会员设置（来自散客概览）	https://beta18.pospal.cn/Dashboard/TravelToCustomerRule	散客单自动关联会员	span			overview__title-left fl	true	false		[]
ERIN000	散客转会员设置（来自散客概览）	https://beta18.pospal.cn/Dashboard/TravelToCustomerRule	开	div			sLeft	true	false		[]
ERIN000	散客转会员设置（来自散客概览）	https://beta18.pospal.cn/Dashboard/TravelToCustomerRule	关	div			sRight	true	false		[]
ERIN000	散客转会员设置（来自散客概览）	https://beta18.pospal.cn/Dashboard/TravelToCustomerRule	复制到门店	div	btnCopyTo		operation2 fr	true	false		[]
ERIN000	散客转会员设置（来自散客概览）	https://beta18.pospal.cn/Dashboard/TravelToCustomerRule	小票设置	span	goToTextArea		goToTextArea	true	false		[]
ERIN000	散客转会员设置（来自散客概览）	https://beta18.pospal.cn/Dashboard/TravelToCustomerRule	恢复默认模板	div	reset_ticketInviteInfo		operation2	true	false		[]
ERIN000	散客单自动关联会员（来自散客概览）	https://beta18.pospal.cn/Dashboard/TravelOrderAutoRelateCustomer	散客数据总览	a				true	false		[]
ERIN000	散客单自动关联会员（来自散客概览）	https://beta18.pospal.cn/Dashboard/TravelOrderAutoRelateCustomer	散客转会员设置	a				true	false		[]
ERIN000	散客单自动关联会员（来自散客概览）	https://beta18.pospal.cn/Dashboard/TravelOrderAutoRelateCustomer	开 关	custom-switch	sb_config156		swicth off	true	false	false	[]
ERIN000	散客单自动关联会员（来自散客概览）	https://beta18.pospal.cn/Dashboard/TravelOrderAutoRelateCustomer	开 关	custom-switch	sb_config1181		swicth off	true	false	false	[]
ERIN000	散客单自动关联会员（来自散客概览）	https://beta18.pospal.cn/Dashboard/TravelOrderAutoRelateCustomer		text			edit_txt phone	false	false		[]
ERIN000	散客单自动关联会员（来自散客概览）	https://beta18.pospal.cn/Dashboard/TravelOrderAutoRelateCustomer		textarea			textarea feedBackContent	false	false		[]
ERIN000	散客单自动关联会员（来自散客概览）	https://beta18.pospal.cn/Dashboard/TravelOrderAutoRelateCustomer	输入手机验证码	text			clean quantity txt_telVerifyCode	false	false		[]
ERIN000	散客单自动关联会员（来自散客概览）	https://beta18.pospal.cn/Dashboard/TravelOrderAutoRelateCustomer	不再提醒	custom-check			checkBoxDiv fl	false	false	false	[]
ERIN000	散客单自动关联会员（来自散客概览）	https://beta18.pospal.cn/Dashboard/TravelOrderAutoRelateCustomer	新会员注册通知	custom-check			checkBoxDiv on	false	false	true	[]
ERIN000	散客单自动关联会员（来自散客概览）	https://beta18.pospal.cn/Dashboard/TravelOrderAutoRelateCustomer	会员消费通知	custom-check			checkBoxDiv on	false	false	true	[]
ERIN000	散客单自动关联会员（来自散客概览）	https://beta18.pospal.cn/Dashboard/TravelOrderAutoRelateCustomer	网单发货通知	custom-check			checkBoxDiv on	false	false	true	[]
ERIN000	散客单自动关联会员（来自散客概览）	https://beta18.pospal.cn/Dashboard/TravelOrderAutoRelateCustomer	储值卡充值到账通知	custom-check			checkBoxDiv on	false	false	true	[]
ERIN000	散客单自动关联会员（来自散客概览）	https://beta18.pospal.cn/Dashboard/TravelOrderAutoRelateCustomer	搜问题…	text	txt_helpKeyword		HCSearchIpt	false	false		[]
ERIN000	散客单自动关联会员（来自散客概览）	https://beta18.pospal.cn/Dashboard/TravelOrderAutoRelateCustomer	请输入1000元以上金额	input			input quantity	false	false		[]
ERIN000	散客单自动关联会员（来自散客概览）	https://beta18.pospal.cn/Dashboard/TravelOrderAutoRelateCustomer	储值卡充值到账提醒	custom-check			checkBoxDiv on	false	false	true	[]
ERIN000	散客单自动关联会员（来自散客概览）	https://beta18.pospal.cn/Dashboard/TravelOrderAutoRelateCustomer	新会员注册-通知客户	custom-check			checkBoxDiv on	false	false	true	[]
ERIN000	散客单自动关联会员（来自散客概览）	https://beta18.pospal.cn/Dashboard/TravelOrderAutoRelateCustomer	请输入手机号	text			smsBalanceNoticeWidget_noticeTel edit_txt	false	false		[]
ERIN000	散客单自动关联会员（来自散客概览）	https://beta18.pospal.cn/Dashboard/TravelOrderAutoRelateCustomer	输入关键字，按回车搜索	text			searchInput	false	false		[]
ERIN000	散客单自动关联会员（来自散客概览）	https://beta18.pospal.cn/Dashboard/TravelOrderAutoRelateCustomer	请输入名称搜索	text			searchInput	false	false		[]
ERIN000	散客单自动关联会员（来自散客概览）	https://beta18.pospal.cn/Dashboard/TravelOrderAutoRelateCustomer	请输入门店账号，多个门店请用逗号、空格或换行分割	textarea			importSubStoreTextarea	false	false		[]
ERIN000	散客单自动关联会员（来自散客概览）	https://beta18.pospal.cn/Dashboard/TravelOrderAutoRelateCustomer	散客数据总览	span			overview__title-left fl	true	false		[]
ERIN000	散客单自动关联会员（来自散客概览）	https://beta18.pospal.cn/Dashboard/TravelOrderAutoRelateCustomer	散客转会员设置	span			overview__title-left fl	true	false		[]
ERIN000	散客单自动关联会员（来自散客概览）	https://beta18.pospal.cn/Dashboard/TravelOrderAutoRelateCustomer	复制到门店	div	btnCopyTo		operation2 fr	true	false		[]
ERIN000	散客单自动关联会员（来自散客概览）	https://beta18.pospal.cn/Dashboard/TravelOrderAutoRelateCustomer	开	div			sLeft	true	false		[]
ERIN000	散客单自动关联会员（来自散客概览）	https://beta18.pospal.cn/Dashboard/TravelOrderAutoRelateCustomer	关	div			sRight	true	false		[]
ERIN000	折扣卡统计（来自折扣卡）	https://beta18.pospal.cn/ShoppingCard/CustomerShoppingCardSummary	导出	div	btnExport		btnBlue	true	false		[]
ERIN000	折扣卡统计（来自折扣卡）	https://beta18.pospal.cn/ShoppingCard/CustomerShoppingCardSummary	全部门店	custom-select	ddl_subUsers		singleSelector multiple	true	false		[{"label":"ERIN埃琳(总部)","value":"4402557","selected":false},{"label":"001 - Mrs.HuaShi花诗肤人","value":"4402559","selected":false},{"label":"002 - erin002","value":"4402560","selected":false}]
ERIN000	折扣卡统计（来自折扣卡）	https://beta18.pospal.cn/ShoppingCard/CustomerShoppingCardSummary		text			textInput	false	false		[]
ERIN000	折扣卡统计（来自折扣卡）	https://beta18.pospal.cn/ShoppingCard/CustomerShoppingCardSummary	高级	span			btnMultipleAdvanced	true	false		[]
ERIN000	折扣卡统计（来自折扣卡）	https://beta18.pospal.cn/ShoppingCard/CustomerShoppingCardSummary	开始日期	text	ui-timePicker-begin-831957		timeInput hasDatepicker	true	false		[]
ERIN000	折扣卡统计（来自折扣卡）	https://beta18.pospal.cn/ShoppingCard/CustomerShoppingCardSummary	结束日期	text	ui-timePicker-end-78432		timeInput hasDatepicker	true	false		[]
ERIN000	折扣卡统计（来自折扣卡）	https://beta18.pospal.cn/ShoppingCard/CustomerShoppingCardSummary	搜索折扣卡名称	text	txt_keyword		textInput clean quantity	true	false		[]
ERIN000	折扣卡统计（来自折扣卡）	https://beta18.pospal.cn/ShoppingCard/CustomerShoppingCardSummary	查询	div			submitBtn	true	false		[]
ERIN000	折扣卡统计（来自折扣卡）	https://beta18.pospal.cn/ShoppingCard/CustomerShoppingCardSummary		textarea			textarea feedBackContent	false	false		[]
ERIN000	折扣卡统计（来自折扣卡）	https://beta18.pospal.cn/ShoppingCard/CustomerShoppingCardSummary	输入手机验证码	text			clean quantity txt_telVerifyCode	false	false		[]
ERIN000	折扣卡统计（来自折扣卡）	https://beta18.pospal.cn/ShoppingCard/CustomerShoppingCardSummary	不再提醒	custom-check			checkBoxDiv fl	false	false	false	[]
ERIN000	折扣卡统计（来自折扣卡）	https://beta18.pospal.cn/ShoppingCard/CustomerShoppingCardSummary	新会员注册通知	custom-check			checkBoxDiv on	false	false	true	[]
ERIN000	折扣卡统计（来自折扣卡）	https://beta18.pospal.cn/ShoppingCard/CustomerShoppingCardSummary	会员消费通知	custom-check			checkBoxDiv on	false	false	true	[]
ERIN000	折扣卡统计（来自折扣卡）	https://beta18.pospal.cn/ShoppingCard/CustomerShoppingCardSummary	网单发货通知	custom-check			checkBoxDiv on	false	false	true	[]
ERIN000	折扣卡统计（来自折扣卡）	https://beta18.pospal.cn/ShoppingCard/CustomerShoppingCardSummary	储值卡充值到账通知	custom-check			checkBoxDiv on	false	false	true	[]
ERIN000	折扣卡统计（来自折扣卡）	https://beta18.pospal.cn/ShoppingCard/CustomerShoppingCardSummary	搜问题…	text	txt_helpKeyword		HCSearchIpt	false	false		[]
ERIN000	折扣卡统计（来自折扣卡）	https://beta18.pospal.cn/ShoppingCard/CustomerShoppingCardSummary	请输入1000元以上金额	input			input quantity	false	false		[]
ERIN000	折扣卡统计（来自折扣卡）	https://beta18.pospal.cn/ShoppingCard/CustomerShoppingCardSummary	储值卡充值到账提醒	custom-check			checkBoxDiv on	false	false	true	[]
ERIN000	折扣卡统计（来自折扣卡）	https://beta18.pospal.cn/ShoppingCard/CustomerShoppingCardSummary	新会员注册-通知客户	custom-check			checkBoxDiv on	false	false	true	[]
ERIN000	折扣卡统计（来自折扣卡）	https://beta18.pospal.cn/ShoppingCard/CustomerShoppingCardSummary	请输入手机号	text			smsBalanceNoticeWidget_noticeTel edit_txt	false	false		[]
ERIN000	折扣卡统计（来自折扣卡）	https://beta18.pospal.cn/ShoppingCard/CustomerShoppingCardSummary	输入关键字，按回车搜索	text			searchInput	false	false		[]
ERIN000	折扣卡统计（来自折扣卡）	https://beta18.pospal.cn/ShoppingCard/CustomerShoppingCardSummary	请输入名称搜索	text			searchInput	false	false		[]
ERIN000	折扣卡统计（来自折扣卡）	https://beta18.pospal.cn/ShoppingCard/CustomerShoppingCardSummary	请输入门店账号，多个门店请用逗号、空格或换行分割	textarea			importSubStoreTextarea	false	false		[]
ERIN000	折扣卡统计（来自折扣卡）	https://beta18.pospal.cn/ShoppingCard/CustomerShoppingCardSummary	-	div	dateTimeRangeBox		dateTimeRangeBox	true	false		[]
ERIN000	折扣卡统计（来自折扣卡）	https://beta18.pospal.cn/ShoppingCard/CustomerShoppingCardSummary	-	span				true	false		[]
ERIN000	社群言论管理（来自社群活码）	https://beta18.pospal.cn/CDP/CDPWework/WeworkCustomerGroupSensitiveWord	* 防敏感词:	label			editLabel	true	false		[]
ERIN000	社群言论管理（来自社群活码）	https://beta18.pospal.cn/CDP/CDPWework/WeworkCustomerGroupSensitiveWord	消息内包含关键词，警告并拦截发送	div			btnNLabel	true	false		[]
ERIN000	社群言论管理（来自社群活码）	https://beta18.pospal.cn/CDP/CDPWework/WeworkCustomerGroupSensitiveWord	* 处理方式:	label			editLabel	true	false		[]
ERIN000	社群言论管理（来自社群活码）	https://beta18.pospal.cn/CDP/CDPWework/WeworkCustomerGroupSensitiveWord	* 选择成员:	label			editLabel	true	false		[]
ERIN000	社群言论管理（来自社群活码）	https://beta18.pospal.cn/CDP/CDPWework/WeworkCustomerGroupSensitiveWord	选择成员	div	assignWeworkMemberBtn		btnNOperation	true	false		[]
ERIN000	社群言论管理（来自社群活码）	https://beta18.pospal.cn/CDP/CDPWework/WeworkCustomerGroupSensitiveWord	保存	div	btnSave		btnNBlue btnN32	true	false		[]
ERIN000	社群言论管理（来自社群活码）	https://beta18.pospal.cn/CDP/CDPWework/WeworkCustomerGroupSensitiveWord	关键词：	label			editLabel	false	false		[]
ERIN000	社群言论管理（来自社群活码）	https://beta18.pospal.cn/CDP/CDPWework/WeworkCustomerGroupSensitiveWord	+ 添加敏感词	div	addNewTagBtn		addNewTagBtn	false	false		[]
ERIN000	社群言论管理（来自社群活码）	https://beta18.pospal.cn/CDP/CDPWework/WeworkCustomerGroupSensitiveWord		text				false	false		[]
ERIN000	社群言论管理（来自社群活码）	https://beta18.pospal.cn/CDP/CDPWework/WeworkCustomerGroupSensitiveWord	搜索成员	text			textInput clean txt_keyword	false	false		[]
ERIN000	社群言论管理（来自社群活码）	https://beta18.pospal.cn/CDP/CDPWework/WeworkCustomerGroupSensitiveWord		custom-check			checkBoxDiv checkBoxDivN selectAll	false	false	false	[]
ERIN000	社群言论管理（来自社群活码）	https://beta18.pospal.cn/CDP/CDPWework/WeworkCustomerGroupSensitiveWord	每页10条	custom-select			singleSelector pageSizeSelector	false	false		[{"label":"每页100条","value":"100","selected":false},{"label":"每页50条","value":"50","selected":false},{"label":"每页20条","value":"20","selected":false},{"label":"每页10条","value":"10","selected":true}]
ERIN000	社群言论管理（来自社群活码）	https://beta18.pospal.cn/CDP/CDPWework/WeworkCustomerGroupSensitiveWord	本页全选	custom-check			checkBoxDiv checkBoxDivN selectAll	false	false	false	[]
ERIN000	社群言论管理（来自社群活码）	https://beta18.pospal.cn/CDP/CDPWework/WeworkCustomerGroupSensitiveWord		textarea			textarea feedBackContent	false	false		[]
ERIN000	社群言论管理（来自社群活码）	https://beta18.pospal.cn/CDP/CDPWework/WeworkCustomerGroupSensitiveWord	输入手机验证码	text			clean quantity txt_telVerifyCode	false	false		[]
ERIN000	社群言论管理（来自社群活码）	https://beta18.pospal.cn/CDP/CDPWework/WeworkCustomerGroupSensitiveWord	不再提醒	custom-check			checkBoxDiv fl	false	false	false	[]
ERIN000	社群言论管理（来自社群活码）	https://beta18.pospal.cn/CDP/CDPWework/WeworkCustomerGroupSensitiveWord	新会员注册通知	custom-check			checkBoxDiv on	false	false	true	[]
ERIN000	社群言论管理（来自社群活码）	https://beta18.pospal.cn/CDP/CDPWework/WeworkCustomerGroupSensitiveWord	会员消费通知	custom-check			checkBoxDiv on	false	false	true	[]
ERIN000	社群言论管理（来自社群活码）	https://beta18.pospal.cn/CDP/CDPWework/WeworkCustomerGroupSensitiveWord	网单发货通知	custom-check			checkBoxDiv on	false	false	true	[]
ERIN000	社群言论管理（来自社群活码）	https://beta18.pospal.cn/CDP/CDPWework/WeworkCustomerGroupSensitiveWord	储值卡充值到账通知	custom-check			checkBoxDiv on	false	false	true	[]
ERIN000	社群言论管理（来自社群活码）	https://beta18.pospal.cn/CDP/CDPWework/WeworkCustomerGroupSensitiveWord	搜问题…	text	txt_helpKeyword		HCSearchIpt	false	false		[]
ERIN000	社群言论管理（来自社群活码）	https://beta18.pospal.cn/CDP/CDPWework/WeworkCustomerGroupSensitiveWord	请输入1000元以上金额	input			input quantity	false	false		[]
ERIN000	社群言论管理（来自社群活码）	https://beta18.pospal.cn/CDP/CDPWework/WeworkCustomerGroupSensitiveWord	储值卡充值到账提醒	custom-check			checkBoxDiv on	false	false	true	[]
ERIN000	社群言论管理（来自社群活码）	https://beta18.pospal.cn/CDP/CDPWework/WeworkCustomerGroupSensitiveWord	新会员注册-通知客户	custom-check			checkBoxDiv on	false	false	true	[]
ERIN000	社群言论管理（来自社群活码）	https://beta18.pospal.cn/CDP/CDPWework/WeworkCustomerGroupSensitiveWord	请输入手机号	text			smsBalanceNoticeWidget_noticeTel edit_txt	false	false		[]
ERIN000	社群言论管理（来自社群活码）	https://beta18.pospal.cn/CDP/CDPWework/WeworkCustomerGroupSensitiveWord	输入关键字，按回车搜索	text			searchInput	false	false		[]
ERIN000	社群言论管理（来自社群活码）	https://beta18.pospal.cn/CDP/CDPWework/WeworkCustomerGroupSensitiveWord	请输入名称搜索	text			searchInput	false	false		[]
ERIN000	社群言论管理（来自社群活码）	https://beta18.pospal.cn/CDP/CDPWework/WeworkCustomerGroupSensitiveWord	请输入门店账号，多个门店请用逗号、空格或换行分割	textarea			importSubStoreTextarea	false	false		[]
ERIN000	社群言论管理（来自社群活码）	https://beta18.pospal.cn/CDP/CDPWework/WeworkCustomerGroupSensitiveWord	编辑关键词	div			editKeyword	true	false		[]
ERIN000	社群言论管理（来自社群活码）	https://beta18.pospal.cn/CDP/CDPWework/WeworkCustomerGroupSensitiveWord	仅发送警告	div			rg_interceptType radioBoxDiv radioDivN on	true	false		[]
ERIN000	社群言论管理（来自社群活码）	https://beta18.pospal.cn/CDP/CDPWework/WeworkCustomerGroupSensitiveWord	仅发送警告	span				true	false		[]
ERIN000	社群言论管理（来自社群活码）	https://beta18.pospal.cn/CDP/CDPWework/WeworkCustomerGroupSensitiveWord	警告并拦截发送	div			rg_interceptType radioBoxDiv radioDivN	true	false		[]
ERIN000	社群言论管理（来自社群活码）	https://beta18.pospal.cn/CDP/CDPWework/WeworkCustomerGroupSensitiveWord	警告并拦截发送	span				true	false		[]
ERIN000	切换旧版（来自精准营销）	https://beta18.pospal.cn/CustomerSetting/CustomerAnalyzer	ERIN埃琳(总部)	custom-select	ddl_subUsers		singleSelector	true	false		[{"label":"ERIN埃琳(总部)","value":"4402557","selected":true},{"label":"001 - Mrs.HuaShi花诗肤人","value":"4402559","selected":false},{"label":"002 - erin002","value":"4402560","selected":false}]
ERIN000	切换旧版（来自精准营销）	https://beta18.pospal.cn/CustomerSetting/CustomerAnalyzer		text			textInput	false	false		[]
ERIN000	切换旧版（来自精准营销）	https://beta18.pospal.cn/CustomerSetting/CustomerAnalyzer	立即下达	a	newReviewBtn			true	false		[]
ERIN000	切换旧版（来自精准营销）	https://beta18.pospal.cn/CustomerSetting/CustomerAnalyzer	切换新版	a			operation2 toNew	true	false		[]
ERIN000	切换旧版（来自精准营销）	https://beta18.pospal.cn/CustomerSetting/CustomerAnalyzer	×	button			iv-close-disabled	false	true		[]
ERIN000	切换旧版（来自精准营销）	https://beta18.pospal.cn/CustomerSetting/CustomerAnalyzer	负责人姓名:	label			iv-label	false	false		[]
ERIN000	切换旧版（来自精准营销）	https://beta18.pospal.cn/CustomerSetting/CustomerAnalyzer	负责人姓名:	text	smsIdentityRealName		iv-input js-input	false	false		[]
ERIN000	切换旧版（来自精准营销）	https://beta18.pospal.cn/CustomerSetting/CustomerAnalyzer	手机号码:	label			iv-label	false	false		[]
ERIN000	切换旧版（来自精准营销）	https://beta18.pospal.cn/CustomerSetting/CustomerAnalyzer	手机号码:	text	smsIdentityMobile		iv-input js-input	false	false		[]
ERIN000	切换旧版（来自精准营销）	https://beta18.pospal.cn/CustomerSetting/CustomerAnalyzer	短信验证码:	label			iv-label	false	false		[]
ERIN000	切换旧版（来自精准营销）	https://beta18.pospal.cn/CustomerSetting/CustomerAnalyzer	短信验证码:	text	smsIdentityVerifyCode		iv-input js-input	false	false		[]
ERIN000	切换旧版（来自精准营销）	https://beta18.pospal.cn/CustomerSetting/CustomerAnalyzer	获取验证码	button			iv-send js-send-code	false	false		[]
ERIN000	切换旧版（来自精准营销）	https://beta18.pospal.cn/CustomerSetting/CustomerAnalyzer	我已阅读并同意签署《关于规范使用短信服务的承诺函》	label			iv-agreement-wrap	false	false		[]
ERIN000	切换旧版（来自精准营销）	https://beta18.pospal.cn/CustomerSetting/CustomerAnalyzer	我已阅读并同意签署《关于规范使用短信服务的承诺函》	checkbox	smsIdentityAgree		js-agree	false	false	false	[]
ERIN000	切换旧版（来自精准营销）	https://beta18.pospal.cn/CustomerSetting/CustomerAnalyzer	关于规范使用短信服务的承诺函	a				false	false		[]
ERIN000	切换旧版（来自精准营销）	https://beta18.pospal.cn/CustomerSetting/CustomerAnalyzer	提交认证	button			iv-submit js-submit	false	false		[]
ERIN000	切换旧版（来自精准营销）	https://beta18.pospal.cn/CustomerSetting/CustomerAnalyzer		textarea			textarea feedBackContent	false	false		[]
ERIN000	切换旧版（来自精准营销）	https://beta18.pospal.cn/CustomerSetting/CustomerAnalyzer	输入手机验证码	text			clean quantity txt_telVerifyCode	false	false		[]
ERIN000	切换旧版（来自精准营销）	https://beta18.pospal.cn/CustomerSetting/CustomerAnalyzer	不再提醒	custom-check			checkBoxDiv fl	false	false	false	[]
ERIN000	切换旧版（来自精准营销）	https://beta18.pospal.cn/CustomerSetting/CustomerAnalyzer	新会员注册通知	custom-check			checkBoxDiv on	false	false	true	[]
ERIN000	切换旧版（来自精准营销）	https://beta18.pospal.cn/CustomerSetting/CustomerAnalyzer	会员消费通知	custom-check			checkBoxDiv on	false	false	true	[]
ERIN000	切换旧版（来自精准营销）	https://beta18.pospal.cn/CustomerSetting/CustomerAnalyzer	网单发货通知	custom-check			checkBoxDiv on	false	false	true	[]
ERIN000	切换旧版（来自精准营销）	https://beta18.pospal.cn/CustomerSetting/CustomerAnalyzer	储值卡充值到账通知	custom-check			checkBoxDiv on	false	false	true	[]
ERIN000	切换旧版（来自精准营销）	https://beta18.pospal.cn/CustomerSetting/CustomerAnalyzer	搜问题…	text	txt_helpKeyword		HCSearchIpt	false	false		[]
ERIN000	切换旧版（来自精准营销）	https://beta18.pospal.cn/CustomerSetting/CustomerAnalyzer	请输入1000元以上金额	input			input quantity	false	false		[]
ERIN000	切换旧版（来自精准营销）	https://beta18.pospal.cn/CustomerSetting/CustomerAnalyzer	储值卡充值到账提醒	custom-check			checkBoxDiv on	false	false	true	[]
ERIN000	切换旧版（来自精准营销）	https://beta18.pospal.cn/CustomerSetting/CustomerAnalyzer	新会员注册-通知客户	custom-check			checkBoxDiv on	false	false	true	[]
ERIN000	切换旧版（来自精准营销）	https://beta18.pospal.cn/CustomerSetting/CustomerAnalyzer	请输入手机号	text			smsBalanceNoticeWidget_noticeTel edit_txt	false	false		[]
ERIN000	切换旧版（来自精准营销）	https://beta18.pospal.cn/CustomerSetting/CustomerAnalyzer	输入关键字，按回车搜索	text			searchInput	false	false		[]
ERIN000	切换旧版（来自精准营销）	https://beta18.pospal.cn/CustomerSetting/CustomerAnalyzer	请输入名称搜索	text			searchInput	false	false		[]
ERIN000	切换旧版（来自精准营销）	https://beta18.pospal.cn/CustomerSetting/CustomerAnalyzer	请输入门店账号，多个门店请用逗号、空格或换行分割	textarea			importSubStoreTextarea	false	false		[]
ERIN000	切换旧版（来自精准营销）	https://beta18.pospal.cn/CustomerSetting/CustomerAnalyzer	本周新客	li			red systemPortrayal	true	false		[]
ERIN000	切换旧版（来自精准营销）	https://beta18.pospal.cn/CustomerSetting/CustomerAnalyzer	本周新客	div			precise__content-cardTxt	true	false		[]
ERIN000	切换旧版（来自精准营销）	https://beta18.pospal.cn/CustomerSetting/CustomerAnalyzer	本月生日会员	li			red systemPortrayal	true	false		[]
ERIN000	切换旧版（来自精准营销）	https://beta18.pospal.cn/CustomerSetting/CustomerAnalyzer	本月生日会员	div			precise__content-cardTxt	true	false		[]
ERIN000	切换旧版（来自精准营销）	https://beta18.pospal.cn/CustomerSetting/CustomerAnalyzer	余额不足会员	li			red systemPortrayal	true	false		[]
ERIN000	切换旧版（来自精准营销）	https://beta18.pospal.cn/CustomerSetting/CustomerAnalyzer	余额不足会员	div			precise__content-cardTxt	true	false		[]
ERIN000	切换旧版（来自精准营销）	https://beta18.pospal.cn/CustomerSetting/CustomerAnalyzer	沉睡会员	li			red systemPortrayal	true	false		[]
ERIN000	切换旧版（来自精准营销）	https://beta18.pospal.cn/CustomerSetting/CustomerAnalyzer	沉睡会员	div			precise__content-cardTxt	true	false		[]
ERIN000	切换旧版（来自精准营销）	https://beta18.pospal.cn/CustomerSetting/CustomerAnalyzer	疏客挽救	li			red systemPortrayal	true	false		[]
ERIN000	切换旧版（来自精准营销）	https://beta18.pospal.cn/CustomerSetting/CustomerAnalyzer	疏客挽救	div			precise__content-cardTxt	true	false		[]
ERIN000	切换旧版（来自精准营销）	https://beta18.pospal.cn/CustomerSetting/CustomerAnalyzer	会员开卡纪念日	li			red systemPortrayal	true	false		[]
ERIN000	切换旧版（来自精准营销）	https://beta18.pospal.cn/CustomerSetting/CustomerAnalyzer	会员开卡纪念日	div			precise__content-cardTxt	true	false		[]
ERIN000	切换旧版（来自精准营销）	https://beta18.pospal.cn/CustomerSetting/CustomerAnalyzer	群发短信	li			yellow toOld	true	false		[]
ERIN000	切换旧版（来自精准营销）	https://beta18.pospal.cn/CustomerSetting/CustomerAnalyzer	群发短信	div			precise__content-cardTxt	true	false		[]
ERIN000	切换旧版（来自精准营销）	https://beta18.pospal.cn/CustomerSetting/CustomerAnalyzer	111	li			blue customPortrayal	true	false		[]
ERIN000	切换旧版（来自精准营销）	https://beta18.pospal.cn/CustomerSetting/CustomerAnalyzer	111	div			precise__content-cardTxt	true	false		[]
ERIN000	切换旧版（来自精准营销）	https://beta18.pospal.cn/CustomerSetting/CustomerAnalyzer	创建新方案	li			addNew	true	false		[]
ERIN000	切换旧版（来自精准营销）	https://beta18.pospal.cn/CustomerSetting/CustomerAnalyzer	创建新方案	div			precise__content-cardTxt	true	false		[]
ERIN000	关于规范使用短信服务的承诺函（来自推送通知设置）	https://beta18.pospal.cn/Sms/IdentityVerificationAgreement		text			edit_txt phone	false	false		[]
ERIN000	关于规范使用短信服务的承诺函（来自推送通知设置）	https://beta18.pospal.cn/Sms/IdentityVerificationAgreement		textarea			textarea feedBackContent	false	false		[]
ERIN000	关于规范使用短信服务的承诺函（来自推送通知设置）	https://beta18.pospal.cn/Sms/IdentityVerificationAgreement	输入手机验证码	text			clean quantity txt_telVerifyCode	false	false		[]
ERIN000	关于规范使用短信服务的承诺函（来自推送通知设置）	https://beta18.pospal.cn/Sms/IdentityVerificationAgreement	不再提醒	custom-check			checkBoxDiv fl	false	false	false	[]
ERIN000	关于规范使用短信服务的承诺函（来自推送通知设置）	https://beta18.pospal.cn/Sms/IdentityVerificationAgreement	新会员注册通知	custom-check			checkBoxDiv on	false	false	true	[]
ERIN000	关于规范使用短信服务的承诺函（来自推送通知设置）	https://beta18.pospal.cn/Sms/IdentityVerificationAgreement	会员消费通知	custom-check			checkBoxDiv on	false	false	true	[]
ERIN000	关于规范使用短信服务的承诺函（来自推送通知设置）	https://beta18.pospal.cn/Sms/IdentityVerificationAgreement	网单发货通知	custom-check			checkBoxDiv on	false	false	true	[]
ERIN000	关于规范使用短信服务的承诺函（来自推送通知设置）	https://beta18.pospal.cn/Sms/IdentityVerificationAgreement	储值卡充值到账通知	custom-check			checkBoxDiv on	false	false	true	[]
ERIN000	关于规范使用短信服务的承诺函（来自推送通知设置）	https://beta18.pospal.cn/Sms/IdentityVerificationAgreement	搜问题…	text	txt_helpKeyword		HCSearchIpt	false	false		[]
ERIN000	关于规范使用短信服务的承诺函（来自推送通知设置）	https://beta18.pospal.cn/Sms/IdentityVerificationAgreement	请输入1000元以上金额	input			input quantity	false	false		[]
ERIN000	关于规范使用短信服务的承诺函（来自推送通知设置）	https://beta18.pospal.cn/Sms/IdentityVerificationAgreement	储值卡充值到账提醒	custom-check			checkBoxDiv on	false	false	true	[]
ERIN000	关于规范使用短信服务的承诺函（来自推送通知设置）	https://beta18.pospal.cn/Sms/IdentityVerificationAgreement	新会员注册-通知客户	custom-check			checkBoxDiv on	false	false	true	[]
ERIN000	关于规范使用短信服务的承诺函（来自推送通知设置）	https://beta18.pospal.cn/Sms/IdentityVerificationAgreement	请输入手机号	text			smsBalanceNoticeWidget_noticeTel edit_txt	false	false		[]
ERIN000	关于规范使用短信服务的承诺函（来自推送通知设置）	https://beta18.pospal.cn/Sms/IdentityVerificationAgreement	输入关键字，按回车搜索	text			searchInput	false	false		[]
ERIN000	关于规范使用短信服务的承诺函（来自推送通知设置）	https://beta18.pospal.cn/Sms/IdentityVerificationAgreement	请输入名称搜索	text			searchInput	false	false		[]
ERIN000	关于规范使用短信服务的承诺函（来自推送通知设置）	https://beta18.pospal.cn/Sms/IdentityVerificationAgreement	请输入门店账号，多个门店请用逗号、空格或换行分割	textarea			importSubStoreTextarea	false	false		[]
ERIN000	效果分析（来自拼团）	https://beta18.pospal.cn/EshopMarketing/PeerPurchaseSummary	ERIN埃琳(总部)	custom-select	ddl_subUsers		singleSelector	true	false		[{"label":"ERIN埃琳(总部)","value":"4402557","selected":true},{"label":"001 - Mrs.HuaShi花诗肤人","value":"4402559","selected":false},{"label":"002 - erin002","value":"4402560","selected":false}]
ERIN000	效果分析（来自拼团）	https://beta18.pospal.cn/EshopMarketing/PeerPurchaseSummary		text			textInput	false	false		[]
ERIN000	效果分析（来自拼团）	https://beta18.pospal.cn/EshopMarketing/PeerPurchaseSummary		custom-select	ddl_products		singleSelector	true	false		[]
ERIN000	效果分析（来自拼团）	https://beta18.pospal.cn/EshopMarketing/PeerPurchaseSummary	开始日期	text	ui-timePicker-begin-431015		timeInput hasDatepicker	true	false		[]
ERIN000	效果分析（来自拼团）	https://beta18.pospal.cn/EshopMarketing/PeerPurchaseSummary	结束日期	text	ui-timePicker-end-165349		timeInput hasDatepicker	true	false		[]
ERIN000	效果分析（来自拼团）	https://beta18.pospal.cn/EshopMarketing/PeerPurchaseSummary	查询	div			submitBtn	true	false		[]
ERIN000	效果分析（来自拼团）	https://beta18.pospal.cn/EshopMarketing/PeerPurchaseSummary		textarea			textarea feedBackContent	false	false		[]
ERIN000	效果分析（来自拼团）	https://beta18.pospal.cn/EshopMarketing/PeerPurchaseSummary	输入手机验证码	text			clean quantity txt_telVerifyCode	false	false		[]
ERIN000	效果分析（来自拼团）	https://beta18.pospal.cn/EshopMarketing/PeerPurchaseSummary	不再提醒	custom-check			checkBoxDiv fl	false	false	false	[]
ERIN000	效果分析（来自拼团）	https://beta18.pospal.cn/EshopMarketing/PeerPurchaseSummary	新会员注册通知	custom-check			checkBoxDiv on	false	false	true	[]
ERIN000	效果分析（来自拼团）	https://beta18.pospal.cn/EshopMarketing/PeerPurchaseSummary	会员消费通知	custom-check			checkBoxDiv on	false	false	true	[]
ERIN000	效果分析（来自拼团）	https://beta18.pospal.cn/EshopMarketing/PeerPurchaseSummary	网单发货通知	custom-check			checkBoxDiv on	false	false	true	[]
ERIN000	效果分析（来自拼团）	https://beta18.pospal.cn/EshopMarketing/PeerPurchaseSummary	储值卡充值到账通知	custom-check			checkBoxDiv on	false	false	true	[]
ERIN000	效果分析（来自拼团）	https://beta18.pospal.cn/EshopMarketing/PeerPurchaseSummary	搜问题…	text	txt_helpKeyword		HCSearchIpt	false	false		[]
ERIN000	效果分析（来自拼团）	https://beta18.pospal.cn/EshopMarketing/PeerPurchaseSummary	请输入1000元以上金额	input			input quantity	false	false		[]
ERIN000	效果分析（来自拼团）	https://beta18.pospal.cn/EshopMarketing/PeerPurchaseSummary	储值卡充值到账提醒	custom-check			checkBoxDiv on	false	false	true	[]
ERIN000	效果分析（来自拼团）	https://beta18.pospal.cn/EshopMarketing/PeerPurchaseSummary	新会员注册-通知客户	custom-check			checkBoxDiv on	false	false	true	[]
ERIN000	效果分析（来自拼团）	https://beta18.pospal.cn/EshopMarketing/PeerPurchaseSummary	请输入手机号	text			smsBalanceNoticeWidget_noticeTel edit_txt	false	false		[]
ERIN000	效果分析（来自拼团）	https://beta18.pospal.cn/EshopMarketing/PeerPurchaseSummary	输入关键字，按回车搜索	text			searchInput	false	false		[]
ERIN000	效果分析（来自拼团）	https://beta18.pospal.cn/EshopMarketing/PeerPurchaseSummary	请输入名称搜索	text			searchInput	false	false		[]
ERIN000	效果分析（来自拼团）	https://beta18.pospal.cn/EshopMarketing/PeerPurchaseSummary	请输入门店账号，多个门店请用逗号、空格或换行分割	textarea			importSubStoreTextarea	false	false		[]
ERIN000	效果分析（来自拼团）	https://beta18.pospal.cn/EshopMarketing/PeerPurchaseSummary	-	div	dateTimeRangeBox		dateTimeRangeBox	true	false		[]
ERIN000	效果分析（来自拼团）	https://beta18.pospal.cn/EshopMarketing/PeerPurchaseSummary	-	span				true	false		[]
ERIN000	效果分析（来自团购）	https://beta18.pospal.cn/EshopMarketing/GroupPurchaseSummary	ERIN埃琳(总部)	custom-select	ddl_subUsers		singleSelector	true	false		[{"label":"ERIN埃琳(总部)","value":"4402557","selected":true},{"label":"001 - Mrs.HuaShi花诗肤人","value":"4402559","selected":false},{"label":"002 - erin002","value":"4402560","selected":false}]
ERIN000	效果分析（来自团购）	https://beta18.pospal.cn/EshopMarketing/GroupPurchaseSummary		text			textInput	false	false		[]
ERIN000	效果分析（来自团购）	https://beta18.pospal.cn/EshopMarketing/GroupPurchaseSummary	无相关选项	custom-select	ddl_products		singleSelector	false	false		[{"label":"无相关选项","value":"null","selected":true}]
ERIN000	效果分析（来自团购）	https://beta18.pospal.cn/EshopMarketing/GroupPurchaseSummary	开始日期	text	ui-timePicker-begin-375660		timeInput hasDatepicker	false	false		[]
ERIN000	效果分析（来自团购）	https://beta18.pospal.cn/EshopMarketing/GroupPurchaseSummary	结束日期	text	ui-timePicker-end-744029		timeInput hasDatepicker	false	false		[]
ERIN000	效果分析（来自团购）	https://beta18.pospal.cn/EshopMarketing/GroupPurchaseSummary	查询	div			submitBtn	false	false		[]
ERIN000	效果分析（来自团购）	https://beta18.pospal.cn/EshopMarketing/GroupPurchaseSummary		textarea			textarea feedBackContent	false	false		[]
ERIN000	效果分析（来自团购）	https://beta18.pospal.cn/EshopMarketing/GroupPurchaseSummary	输入手机验证码	text			clean quantity txt_telVerifyCode	false	false		[]
ERIN000	效果分析（来自团购）	https://beta18.pospal.cn/EshopMarketing/GroupPurchaseSummary	不再提醒	custom-check			checkBoxDiv fl	false	false	false	[]
ERIN000	效果分析（来自团购）	https://beta18.pospal.cn/EshopMarketing/GroupPurchaseSummary	新会员注册通知	custom-check			checkBoxDiv on	false	false	true	[]
ERIN000	效果分析（来自团购）	https://beta18.pospal.cn/EshopMarketing/GroupPurchaseSummary	会员消费通知	custom-check			checkBoxDiv on	false	false	true	[]
ERIN000	效果分析（来自团购）	https://beta18.pospal.cn/EshopMarketing/GroupPurchaseSummary	网单发货通知	custom-check			checkBoxDiv on	false	false	true	[]
ERIN000	效果分析（来自团购）	https://beta18.pospal.cn/EshopMarketing/GroupPurchaseSummary	储值卡充值到账通知	custom-check			checkBoxDiv on	false	false	true	[]
ERIN000	效果分析（来自团购）	https://beta18.pospal.cn/EshopMarketing/GroupPurchaseSummary	搜问题…	text	txt_helpKeyword		HCSearchIpt	false	false		[]
ERIN000	效果分析（来自团购）	https://beta18.pospal.cn/EshopMarketing/GroupPurchaseSummary	请输入1000元以上金额	input			input quantity	false	false		[]
ERIN000	效果分析（来自团购）	https://beta18.pospal.cn/EshopMarketing/GroupPurchaseSummary	储值卡充值到账提醒	custom-check			checkBoxDiv on	false	false	true	[]
ERIN000	效果分析（来自团购）	https://beta18.pospal.cn/EshopMarketing/GroupPurchaseSummary	新会员注册-通知客户	custom-check			checkBoxDiv on	false	false	true	[]
ERIN000	效果分析（来自团购）	https://beta18.pospal.cn/EshopMarketing/GroupPurchaseSummary	请输入手机号	text			smsBalanceNoticeWidget_noticeTel edit_txt	false	false		[]
ERIN000	效果分析（来自团购）	https://beta18.pospal.cn/EshopMarketing/GroupPurchaseSummary	输入关键字，按回车搜索	text			searchInput	false	false		[]
ERIN000	效果分析（来自团购）	https://beta18.pospal.cn/EshopMarketing/GroupPurchaseSummary	请输入名称搜索	text			searchInput	false	false		[]
ERIN000	效果分析（来自团购）	https://beta18.pospal.cn/EshopMarketing/GroupPurchaseSummary	请输入门店账号，多个门店请用逗号、空格或换行分割	textarea			importSubStoreTextarea	false	false		[]
ERIN000	效果分析（来自团购）	https://beta18.pospal.cn/EshopMarketing/GroupPurchaseSummary	���材料配置	li			yb-tmenu-item 	true	false		[]
ERIN000	效果分析（来自砍价）	https://beta18.pospal.cn/EshopMarketing/BargainSummary	全部门店	custom-select	ddl_subUsers		singleSelector	true	false		[{"label":"全部门店","value":"","selected":true},{"label":"ERIN埃琳(总部)","value":"4402557","selected":false},{"label":"001 - Mrs.HuaShi花诗肤人","value":"4402559","selected":false},{"label":"002 - erin002","value":"4402560","selected":false}]
ERIN000	效果分析（来自砍价）	https://beta18.pospal.cn/EshopMarketing/BargainSummary		text			textInput	false	false		[]
ERIN000	效果分析（来自砍价）	https://beta18.pospal.cn/EshopMarketing/BargainSummary	无相关选项	custom-select	ddl_products		singleSelector	false	false		[{"label":"无相关选项","value":"null","selected":true}]
ERIN000	效果分析（来自砍价）	https://beta18.pospal.cn/EshopMarketing/BargainSummary	开始日期	text	ui-timePicker-begin-859125		timeInput hasDatepicker	false	false		[]
ERIN000	效果分析（来自砍价）	https://beta18.pospal.cn/EshopMarketing/BargainSummary	结束日期	text	ui-timePicker-end-170648		timeInput hasDatepicker	false	false		[]
ERIN000	效果分析（来自砍价）	https://beta18.pospal.cn/EshopMarketing/BargainSummary	查询	div			submitBtn	false	false		[]
ERIN000	效果分析（来自砍价）	https://beta18.pospal.cn/EshopMarketing/BargainSummary		textarea			textarea feedBackContent	false	false		[]
ERIN000	效果分析（来自砍价）	https://beta18.pospal.cn/EshopMarketing/BargainSummary	输入手机验证码	text			clean quantity txt_telVerifyCode	false	false		[]
ERIN000	效果分析（来自砍价）	https://beta18.pospal.cn/EshopMarketing/BargainSummary	不再提醒	custom-check			checkBoxDiv fl	false	false	false	[]
ERIN000	效果分析（来自砍价）	https://beta18.pospal.cn/EshopMarketing/BargainSummary	新会员注册通知	custom-check			checkBoxDiv on	false	false	true	[]
ERIN000	效果分析（来自砍价）	https://beta18.pospal.cn/EshopMarketing/BargainSummary	会员消费通知	custom-check			checkBoxDiv on	false	false	true	[]
ERIN000	效果分析（来自砍价）	https://beta18.pospal.cn/EshopMarketing/BargainSummary	网单发货通知	custom-check			checkBoxDiv on	false	false	true	[]
ERIN000	效果分析（来自砍价）	https://beta18.pospal.cn/EshopMarketing/BargainSummary	储值卡充值到账通知	custom-check			checkBoxDiv on	false	false	true	[]
ERIN000	效果分析（来自砍价）	https://beta18.pospal.cn/EshopMarketing/BargainSummary	搜问题…	text	txt_helpKeyword		HCSearchIpt	false	false		[]
ERIN000	效果分析（来自砍价）	https://beta18.pospal.cn/EshopMarketing/BargainSummary	请输入1000元以上金额	input			input quantity	false	false		[]
ERIN000	效果分析（来自砍价）	https://beta18.pospal.cn/EshopMarketing/BargainSummary	储值卡充值到账提醒	custom-check			checkBoxDiv on	false	false	true	[]
ERIN000	效果分析（来自砍价）	https://beta18.pospal.cn/EshopMarketing/BargainSummary	新会员注册-通知客户	custom-check			checkBoxDiv on	false	false	true	[]
ERIN000	效果分析（来自砍价）	https://beta18.pospal.cn/EshopMarketing/BargainSummary	请输入手机号	text			smsBalanceNoticeWidget_noticeTel edit_txt	false	false		[]
ERIN000	效果分析（来自砍价）	https://beta18.pospal.cn/EshopMarketing/BargainSummary	输入关键字，按回车搜索	text			searchInput	false	false		[]
ERIN000	效果分析（来自砍价）	https://beta18.pospal.cn/EshopMarketing/BargainSummary	请输入名称搜索	text			searchInput	false	false		[]
ERIN000	效果分析（来自砍价）	https://beta18.pospal.cn/EshopMarketing/BargainSummary	请输入门店账号，多个门店请用逗号、空格或换行分割	textarea			importSubStoreTextarea	false	false		[]
ERIN000	砍价订单（来自砍价）	https://beta18.pospal.cn/EshopMarketing/BargainAllOrder	导出	div			conditionLeft textBtn	true	false		[]
ERIN000	砍价订单（来自砍价）	https://beta18.pospal.cn/EshopMarketing/BargainAllOrder	ERIN埃琳(总部)	custom-select			singleSelector	true	false		[{"label":"ERIN埃琳(总部)","value":"4402557","selected":true},{"label":"001 - Mrs.HuaShi花诗肤人","value":"4402559","selected":false},{"label":"002 - erin002","value":"4402560","selected":false}]
ERIN000	砍价订单（来自砍价）	https://beta18.pospal.cn/EshopMarketing/BargainAllOrder		text			textInput	false	false		[]
ERIN000	砍价订单（来自砍价）	https://beta18.pospal.cn/EshopMarketing/BargainAllOrder	全部状态	custom-select			singleSelector	true	false		[{"label":"全部状态","value":"","selected":true},{"label":"砍价中","value":"0","selected":false},{"label":"砍价成功","value":"1","selected":false},{"label":"已购买","value":"2","selected":false},{"label":"已核销","value":"3","selected":false},{"label":"网单超时自动取消","value":"-2","selected":false},{"label":"取消","value":"-1","selected":false}]
ERIN000	砍价订单（来自砍价）	https://beta18.pospal.cn/EshopMarketing/BargainAllOrder	开始日期	text	ui-timePicker-begin-810499		timeInput hasDatepicker	true	false		[]
ERIN000	砍价订单（来自砍价）	https://beta18.pospal.cn/EshopMarketing/BargainAllOrder	结束日期	text	ui-timePicker-end-98490		timeInput hasDatepicker	true	false		[]
ERIN000	砍价订单（来自砍价）	https://beta18.pospal.cn/EshopMarketing/BargainAllOrder	订单号/会员信息	text	txt_keyword		textInput placeholder	true	false		[]
ERIN000	砍价订单（来自砍价）	https://beta18.pospal.cn/EshopMarketing/BargainAllOrder	查询	div			submitBtn	true	false		[]
ERIN000	砍价订单（来自砍价）	https://beta18.pospal.cn/EshopMarketing/BargainAllOrder	首页前一页第页共4页下一页尾页每页50条清除内容每页100条每页50条每页20条每页10条	div			pRight textBtn	false	false		[]
ERIN000	砍价订单（来自砍价）	https://beta18.pospal.cn/EshopMarketing/BargainAllOrder	每页50条	custom-select			pageSize singleSelector	false	false		[{"label":"每页100条","value":"100","selected":false},{"label":"每页50条","value":"50","selected":true},{"label":"每页20条","value":"20","selected":false},{"label":"每页10条","value":"10","selected":false}]
ERIN000	砍价订单（来自砍价）	https://beta18.pospal.cn/EshopMarketing/BargainAllOrder		textarea			textarea feedBackContent	false	false		[]
ERIN000	砍价订单（来自砍价）	https://beta18.pospal.cn/EshopMarketing/BargainAllOrder	输入手机验证码	text			clean quantity txt_telVerifyCode	false	false		[]
ERIN000	砍价订单（来自砍价）	https://beta18.pospal.cn/EshopMarketing/BargainAllOrder	不再提醒	custom-check			checkBoxDiv fl	false	false	false	[]
ERIN000	砍价订单（来自砍价）	https://beta18.pospal.cn/EshopMarketing/BargainAllOrder	新会员注册通知	custom-check			checkBoxDiv on	false	false	true	[]
ERIN000	砍价订单（来自砍价）	https://beta18.pospal.cn/EshopMarketing/BargainAllOrder	会员消费通知	custom-check			checkBoxDiv on	false	false	true	[]
ERIN000	砍价订单（来自砍价）	https://beta18.pospal.cn/EshopMarketing/BargainAllOrder	网单发货通知	custom-check			checkBoxDiv on	false	false	true	[]
ERIN000	砍价订单（来自砍价）	https://beta18.pospal.cn/EshopMarketing/BargainAllOrder	储值卡充值到账通知	custom-check			checkBoxDiv on	false	false	true	[]
ERIN000	砍价订单（来自砍价）	https://beta18.pospal.cn/EshopMarketing/BargainAllOrder	搜问题…	text	txt_helpKeyword		HCSearchIpt	false	false		[]
ERIN000	砍价订单（来自砍价）	https://beta18.pospal.cn/EshopMarketing/BargainAllOrder	请输入1000元以上金额	input			input quantity	false	false		[]
ERIN000	砍价订单（来自砍价）	https://beta18.pospal.cn/EshopMarketing/BargainAllOrder	储值卡充值到账提醒	custom-check			checkBoxDiv on	false	false	true	[]
ERIN000	砍价订单（来自砍价）	https://beta18.pospal.cn/EshopMarketing/BargainAllOrder	新会员注册-通知客户	custom-check			checkBoxDiv on	false	false	true	[]
ERIN000	砍价订单（来自砍价）	https://beta18.pospal.cn/EshopMarketing/BargainAllOrder	请输入手机号	text			smsBalanceNoticeWidget_noticeTel edit_txt	false	false		[]
ERIN000	砍价订单（来自砍价）	https://beta18.pospal.cn/EshopMarketing/BargainAllOrder	输入关键字，按回车搜索	text			searchInput	false	false		[]
ERIN000	砍价订单（来自砍价）	https://beta18.pospal.cn/EshopMarketing/BargainAllOrder	请输入名称搜索	text			searchInput	false	false		[]
ERIN000	砍价订单（来自砍价）	https://beta18.pospal.cn/EshopMarketing/BargainAllOrder	请输入门店账号，多个门店请用逗号、空格或换行分割	textarea			importSubStoreTextarea	false	false		[]
ERIN000	砍价订单（来自砍价）	https://beta18.pospal.cn/EshopMarketing/BargainAllOrder	-	div			dateTimeRangeBox	true	false		[]
ERIN000	砍价订单（来自砍价）	https://beta18.pospal.cn/EshopMarketing/BargainAllOrder	-	span				true	false		[]
ERIN000	效果分析（来自秒杀）	https://beta18.pospal.cn/EshopMarketing/SeckillRuleSummary	ERIN埃琳(总部)	custom-select	ddl_subUsers		singleSelector	true	false		[{"label":"ERIN埃琳(总部)","value":"4402557","selected":true},{"label":"001 - Mrs.HuaShi花诗肤人","value":"4402559","selected":false},{"label":"002 - erin002","value":"4402560","selected":false}]
ERIN000	效果分析（来自秒杀）	https://beta18.pospal.cn/EshopMarketing/SeckillRuleSummary		text			textInput	false	false		[]
ERIN000	效果分析（来自秒杀）	https://beta18.pospal.cn/EshopMarketing/SeckillRuleSummary		custom-select	ddl_products		singleSelector	true	false		[]
ERIN000	效果分析（来自秒杀）	https://beta18.pospal.cn/EshopMarketing/SeckillRuleSummary	开始日期	text	ui-timePicker-begin-522985		timeInput hasDatepicker	true	false		[]
ERIN000	效果分析（来自秒杀）	https://beta18.pospal.cn/EshopMarketing/SeckillRuleSummary	结束日期	text	ui-timePicker-end-208368		timeInput hasDatepicker	true	false		[]
ERIN000	效果分析（来自秒杀）	https://beta18.pospal.cn/EshopMarketing/SeckillRuleSummary	查询	div			submitBtn	true	false		[]
ERIN000	效果分析（来自秒杀）	https://beta18.pospal.cn/EshopMarketing/SeckillRuleSummary		textarea			textarea feedBackContent	false	false		[]
ERIN000	效果分析（来自秒杀）	https://beta18.pospal.cn/EshopMarketing/SeckillRuleSummary	输入手机验证码	text			clean quantity txt_telVerifyCode	false	false		[]
ERIN000	效果分析（来自秒杀）	https://beta18.pospal.cn/EshopMarketing/SeckillRuleSummary	不再提醒	custom-check			checkBoxDiv fl	false	false	false	[]
ERIN000	效果分析（来自秒杀）	https://beta18.pospal.cn/EshopMarketing/SeckillRuleSummary	新会员注册通知	custom-check			checkBoxDiv on	false	false	true	[]
ERIN000	效果分析（来自秒杀）	https://beta18.pospal.cn/EshopMarketing/SeckillRuleSummary	会员消费通知	custom-check			checkBoxDiv on	false	false	true	[]
ERIN000	效果分析（来自秒杀）	https://beta18.pospal.cn/EshopMarketing/SeckillRuleSummary	网单发货通知	custom-check			checkBoxDiv on	false	false	true	[]
ERIN000	效果分析（来自秒杀）	https://beta18.pospal.cn/EshopMarketing/SeckillRuleSummary	储值卡充值到账通知	custom-check			checkBoxDiv on	false	false	true	[]
ERIN000	效果分析（来自秒杀）	https://beta18.pospal.cn/EshopMarketing/SeckillRuleSummary	搜问题…	text	txt_helpKeyword		HCSearchIpt	false	false		[]
ERIN000	效果分析（来自秒杀）	https://beta18.pospal.cn/EshopMarketing/SeckillRuleSummary	请输入1000元以上金额	input			input quantity	false	false		[]
ERIN000	效果分析（来自秒杀）	https://beta18.pospal.cn/EshopMarketing/SeckillRuleSummary	储值卡充值到账提醒	custom-check			checkBoxDiv on	false	false	true	[]
ERIN000	效果分析（来自秒杀）	https://beta18.pospal.cn/EshopMarketing/SeckillRuleSummary	新会员注册-通知客户	custom-check			checkBoxDiv on	false	false	true	[]
ERIN000	效果分析（来自秒杀）	https://beta18.pospal.cn/EshopMarketing/SeckillRuleSummary	请输入手机号	text			smsBalanceNoticeWidget_noticeTel edit_txt	false	false		[]
ERIN000	效果分析（来自秒杀）	https://beta18.pospal.cn/EshopMarketing/SeckillRuleSummary	输入关键字，按回车搜索	text			searchInput	false	false		[]
ERIN000	效果分析（来自秒杀）	https://beta18.pospal.cn/EshopMarketing/SeckillRuleSummary	请输入名称搜索	text			searchInput	false	false		[]
ERIN000	效果分析（来自秒杀）	https://beta18.pospal.cn/EshopMarketing/SeckillRuleSummary	请输入门店账号，多个门店请用逗号、空格或换行分割	textarea			importSubStoreTextarea	false	false		[]
ERIN000	效果分析（来自秒杀）	https://beta18.pospal.cn/EshopMarketing/SeckillRuleSummary	-	div	dateTimeRangeBox		dateTimeRangeBox	true	false		[]
ERIN000	效果分析（来自秒杀）	https://beta18.pospal.cn/EshopMarketing/SeckillRuleSummary	-	span				true	false		[]
ERIN000	积点卡统计（来自积点卡）	https://beta18.pospal.cn/CustomerReport/StampLog	导出	div			conditionLeft textBtn	true	false		[]
ERIN000	积点卡统计（来自积点卡）	https://beta18.pospal.cn/CustomerReport/StampLog	导出	div	btnExport		btnBlue	true	false		[]
ERIN000	积点卡统计（来自积点卡）	https://beta18.pospal.cn/CustomerReport/StampLog	全部门店	custom-select	ddl_subUsers		singleSelector	true	false		[{"label":"全部门店","value":"","selected":true},{"label":"ERIN埃琳(总部)","value":"4402557","selected":false},{"label":"001 - Mrs.HuaShi花诗肤人","value":"4402559","selected":false},{"label":"002 - erin002","value":"4402560","selected":false}]
ERIN000	积点卡统计（来自积点卡）	https://beta18.pospal.cn/CustomerReport/StampLog		text			textInput	false	false		[]
ERIN000	积点卡统计（来自积点卡）	https://beta18.pospal.cn/CustomerReport/StampLog	开始日期	text	ui-timePicker-begin-222925		timeInput hasDatepicker	true	false		[]
ERIN000	积点卡统计（来自积点卡）	https://beta18.pospal.cn/CustomerReport/StampLog	结束日期	text	ui-timePicker-end-54110		timeInput hasDatepicker	true	false		[]
ERIN000	积点卡统计（来自积点卡）	https://beta18.pospal.cn/CustomerReport/StampLog	会员号/姓名/电话	text	nav_keyword		textInput placeholder merge	true	false		[]
ERIN000	积点卡统计（来自积点卡）	https://beta18.pospal.cn/CustomerReport/StampLog	查询	div			submitBtn	true	false		[]
ERIN000	积点卡统计（来自积点卡）	https://beta18.pospal.cn/CustomerReport/StampLog	首页前一页第页共4页下一页尾页每页50条清除内容每页100条每页50条每页20条每页10条	div			pRight textBtn	false	false		[]
ERIN000	积点卡统计（来自积点卡）	https://beta18.pospal.cn/CustomerReport/StampLog	每页50条	custom-select			pageSize singleSelector	false	false		[{"label":"每页100条","value":"100","selected":false},{"label":"每页50条","value":"50","selected":true},{"label":"每页20条","value":"20","selected":false},{"label":"每页10条","value":"10","selected":false}]
ERIN000	积点卡统计（来自积点卡）	https://beta18.pospal.cn/CustomerReport/StampLog		textarea			textarea feedBackContent	false	false		[]
ERIN000	积点卡统计（来自积点卡）	https://beta18.pospal.cn/CustomerReport/StampLog	输入手机验证码	text			clean quantity txt_telVerifyCode	false	false		[]
ERIN000	积点卡统计（来自积点卡）	https://beta18.pospal.cn/CustomerReport/StampLog	不再提醒	custom-check			checkBoxDiv fl	false	false	false	[]
ERIN000	积点卡统计（来自积点卡）	https://beta18.pospal.cn/CustomerReport/StampLog	新会员注册通知	custom-check			checkBoxDiv on	false	false	true	[]
ERIN000	积点卡统计（来自积点卡）	https://beta18.pospal.cn/CustomerReport/StampLog	会员消费通知	custom-check			checkBoxDiv on	false	false	true	[]
ERIN000	积点卡统计（来自积点卡）	https://beta18.pospal.cn/CustomerReport/StampLog	网单发货通知	custom-check			checkBoxDiv on	false	false	true	[]
ERIN000	积点卡统计（来自积点卡）	https://beta18.pospal.cn/CustomerReport/StampLog	储值卡充值到账通知	custom-check			checkBoxDiv on	false	false	true	[]
ERIN000	积点卡统计（来自积点卡）	https://beta18.pospal.cn/CustomerReport/StampLog	搜问题…	text	txt_helpKeyword		HCSearchIpt	false	false		[]
ERIN000	积点卡统计（来自积点卡）	https://beta18.pospal.cn/CustomerReport/StampLog	请输入1000元以上金额	input			input quantity	false	false		[]
ERIN000	积点卡统计（来自积点卡）	https://beta18.pospal.cn/CustomerReport/StampLog	储值卡充值到账提醒	custom-check			checkBoxDiv on	false	false	true	[]
ERIN000	积点卡统计（来自积点卡）	https://beta18.pospal.cn/CustomerReport/StampLog	新会员注册-通知客户	custom-check			checkBoxDiv on	false	false	true	[]
ERIN000	积点卡统计（来自积点卡）	https://beta18.pospal.cn/CustomerReport/StampLog	请输入手机号	text			smsBalanceNoticeWidget_noticeTel edit_txt	false	false		[]
ERIN000	积点卡统计（来自积点卡）	https://beta18.pospal.cn/CustomerReport/StampLog	输入关键字，按回车搜索	text			searchInput	false	false		[]
ERIN000	积点卡统计（来自积点卡）	https://beta18.pospal.cn/CustomerReport/StampLog	请输入名称搜索	text			searchInput	false	false		[]
ERIN000	积点卡统计（来自积点卡）	https://beta18.pospal.cn/CustomerReport/StampLog	请输入门店账号，多个门店请用逗号、空格或换行分割	textarea			importSubStoreTextarea	false	false		[]
ERIN000	积点卡统计（来自积点卡）	https://beta18.pospal.cn/CustomerReport/StampLog	-	div	dateTimeRangeBox		dateTimeRangeBox	true	false		[]
ERIN000	积点卡统计（来自积点卡）	https://beta18.pospal.cn/CustomerReport/StampLog	-	span				true	false		[]
ERIN000	团购订单（来自社区团购）	https://beta18.pospal.cn/EshopMarketing/CommunityGroupPurchaseOrder	导出 显示明细	div			conditionLeft textBtn	true	false		[]
ERIN000	团购订单（来自社区团购）	https://beta18.pospal.cn/EshopMarketing/CommunityGroupPurchaseOrder	导出	div			btnBlue	true	false		[]
ERIN000	团购订单（来自社区团购）	https://beta18.pospal.cn/EshopMarketing/CommunityGroupPurchaseOrder	显示明细	custom-check	showDetailRadioBox		radioBox	true	false	false	[]
ERIN000	团购订单（来自社区团购）	https://beta18.pospal.cn/EshopMarketing/CommunityGroupPurchaseOrder	ERIN埃琳(总部)	custom-select			singleSelector	true	false		[{"label":"ERIN埃琳(总部)","value":"4402557","selected":true},{"label":"001 - Mrs.HuaShi花诗肤人","value":"4402559","selected":false},{"label":"002 - erin002","value":"4402560","selected":false}]
ERIN000	团购订单（来自社区团购）	https://beta18.pospal.cn/EshopMarketing/CommunityGroupPurchaseOrder		text			textInput	false	false		[]
ERIN000	团购订单（来自社区团购）	https://beta18.pospal.cn/EshopMarketing/CommunityGroupPurchaseOrder	开始日期	text	ui-timePicker-begin-897507		timeInput hasDatepicker	true	false		[]
ERIN000	团购订单（来自社区团购）	https://beta18.pospal.cn/EshopMarketing/CommunityGroupPurchaseOrder	结束日期	text	ui-timePicker-end-142987		timeInput hasDatepicker	true	false		[]
ERIN000	团购订单（来自社区团购）	https://beta18.pospal.cn/EshopMarketing/CommunityGroupPurchaseOrder	全部	custom-select			singleSelector	true	false		[{"label":"全部","value":"","selected":true},{"label":"未支付","value":"0","selected":false},{"label":"已支付","value":"1","selected":false},{"label":"待退款","value":"2","selected":false},{"label":"退款失败","value":"3","selected":false},{"label":"待提货","value":"4","selected":false},{"label":"已完成","value":"5","selected":false},{"label":"已退款","value":"6","selected":false}]
ERIN000	团购订单（来自社区团购）	https://beta18.pospal.cn/EshopMarketing/CommunityGroupPurchaseOrder	订单号	text	txt_keyword		textInput placeholder	true	false		[]
ERIN000	团购订单（来自社区团购）	https://beta18.pospal.cn/EshopMarketing/CommunityGroupPurchaseOrder	查询	div			submitBtn	true	false		[]
ERIN000	团购订单（来自社区团购）	https://beta18.pospal.cn/EshopMarketing/CommunityGroupPurchaseOrder	高级搜索	div	advancedBtn		advancedBtn	true	false		[]
ERIN000	团购订单（来自社区团购）	https://beta18.pospal.cn/EshopMarketing/CommunityGroupPurchaseOrder	重新搜索	div	btnAdvanceResearch		reSeachBtn	false	false		[]
ERIN000	团购订单（来自社区团购）	https://beta18.pospal.cn/EshopMarketing/CommunityGroupPurchaseOrder	输入关键字查询	text			edit_txt edit-search	false	false		[]
ERIN000	团购订单（来自社区团购）	https://beta18.pospal.cn/EshopMarketing/CommunityGroupPurchaseOrder	搜索	div	btnAdvanceSearch		btnBlue14	false	false		[]
ERIN000	团购订单（来自社区团购）	https://beta18.pospal.cn/EshopMarketing/CommunityGroupPurchaseOrder	取消	div	btnAdvanceClose		btnGrey14	false	false		[]
ERIN000	团购订单（来自社区团购）	https://beta18.pospal.cn/EshopMarketing/CommunityGroupPurchaseOrder	清空条件	div	btnAdvanceClear		btnGrey14 clearBtn	false	false		[]
ERIN000	团购订单（来自社区团购）	https://beta18.pospal.cn/EshopMarketing/CommunityGroupPurchaseOrder	首页前一页第页共4页下一页尾页每页50条清除内容每页100条每页50条每页20条每页10条	div			pRight textBtn	false	false		[]
ERIN000	团购订单（来自社区团购）	https://beta18.pospal.cn/EshopMarketing/CommunityGroupPurchaseOrder	每页50条	custom-select			pageSize singleSelector	false	false		[{"label":"每页100条","value":"100","selected":false},{"label":"每页50条","value":"50","selected":true},{"label":"每页20条","value":"20","selected":false},{"label":"每页10条","value":"10","selected":false}]
ERIN000	团购订单（来自社区团购）	https://beta18.pospal.cn/EshopMarketing/CommunityGroupPurchaseOrder	导出的订单是否包含商品明细项	checkbox	chk_showItems		showItems	false	false	false	[]
ERIN000	团购订单（来自社区团购）	https://beta18.pospal.cn/EshopMarketing/CommunityGroupPurchaseOrder	导出的订单是否包含商品明细项	label			itemLabel	false	false		[]
ERIN000	团购订单（来自社区团购）	https://beta18.pospal.cn/EshopMarketing/CommunityGroupPurchaseOrder		textarea			textarea feedBackContent	false	false		[]
ERIN000	团购订单（来自社区团购）	https://beta18.pospal.cn/EshopMarketing/CommunityGroupPurchaseOrder	输入手机验证码	text			clean quantity txt_telVerifyCode	false	false		[]
ERIN000	团购订单（来自社区团购）	https://beta18.pospal.cn/EshopMarketing/CommunityGroupPurchaseOrder	不再提醒	custom-check			checkBoxDiv fl	false	false	false	[]
ERIN000	团购订单（来自社区团购）	https://beta18.pospal.cn/EshopMarketing/CommunityGroupPurchaseOrder	新会员注册通知	custom-check			checkBoxDiv on	false	false	true	[]
ERIN000	团购订单（来自社区团购）	https://beta18.pospal.cn/EshopMarketing/CommunityGroupPurchaseOrder	会员消费通知	custom-check			checkBoxDiv on	false	false	true	[]
ERIN000	团购订单（来自社区团购）	https://beta18.pospal.cn/EshopMarketing/CommunityGroupPurchaseOrder	网单发货通知	custom-check			checkBoxDiv on	false	false	true	[]
ERIN000	团购订单（来自社区团购）	https://beta18.pospal.cn/EshopMarketing/CommunityGroupPurchaseOrder	储值卡充值到账通知	custom-check			checkBoxDiv on	false	false	true	[]
ERIN000	团购订单（来自社区团购）	https://beta18.pospal.cn/EshopMarketing/CommunityGroupPurchaseOrder	搜问题…	text	txt_helpKeyword		HCSearchIpt	false	false		[]
ERIN000	团购订单（来自社区团购）	https://beta18.pospal.cn/EshopMarketing/CommunityGroupPurchaseOrder	请输入1000元以上金额	input			input quantity	false	false		[]
ERIN000	团购订单（来自社区团购）	https://beta18.pospal.cn/EshopMarketing/CommunityGroupPurchaseOrder	储值卡充值到账提醒	custom-check			checkBoxDiv on	false	false	true	[]
ERIN000	团购订单（来自社区团购）	https://beta18.pospal.cn/EshopMarketing/CommunityGroupPurchaseOrder	新会员注册-通知客户	custom-check			checkBoxDiv on	false	false	true	[]
ERIN000	团购订单（来自社区团购）	https://beta18.pospal.cn/EshopMarketing/CommunityGroupPurchaseOrder	请输入手机号	text			smsBalanceNoticeWidget_noticeTel edit_txt	false	false		[]
ERIN000	团购订单（来自社区团购）	https://beta18.pospal.cn/EshopMarketing/CommunityGroupPurchaseOrder	输入关键字，按回车搜索	text			searchInput	false	false		[]
ERIN000	团购订单（来自社区团购）	https://beta18.pospal.cn/EshopMarketing/CommunityGroupPurchaseOrder	请输入名称搜索	text			searchInput	false	false		[]
ERIN000	团购订单（来自社区团购）	https://beta18.pospal.cn/EshopMarketing/CommunityGroupPurchaseOrder	请输入门店账号，多个门店请用逗号、空格或换行分割	textarea			importSubStoreTextarea	false	false		[]
ERIN000	团购订单（来自社区团购）	https://beta18.pospal.cn/EshopMarketing/CommunityGroupPurchaseOrder	-	div			dateTimeRangeBox	true	false		[]
ERIN000	团购订单（来自社区团购）	https://beta18.pospal.cn/EshopMarketing/CommunityGroupPurchaseOrder	-	span				true	false		[]
ERIN000	佣金结算（来自社区团购）	https://beta18.pospal.cn/CommunityGroupHead/CashRequest	ERIN埃琳(总部)	custom-select			singleSelector	true	false		[{"label":"ERIN埃琳(总部)","value":"4402557","selected":true},{"label":"001 - Mrs.HuaShi花诗肤人","value":"4402559","selected":false},{"label":"002 - erin002","value":"4402560","selected":false}]
ERIN000	佣金结算（来自社区团购）	https://beta18.pospal.cn/CommunityGroupHead/CashRequest		text			textInput	false	false		[]
ERIN000	佣金结算（来自社区团购）	https://beta18.pospal.cn/CommunityGroupHead/CashRequest	全部状态	custom-select			singleSelector	true	false		[{"label":"全部状态","value":"","selected":true},{"label":"未完成","value":"0","selected":false},{"label":"完成","value":"1","selected":false}]
ERIN000	佣金结算（来自社区团购）	https://beta18.pospal.cn/CommunityGroupHead/CashRequest	开始日期	text	ui-timePicker-begin-119970		timeInput hasDatepicker	true	false		[]
ERIN000	佣金结算（来自社区团购）	https://beta18.pospal.cn/CommunityGroupHead/CashRequest	结束日期	text	ui-timePicker-end-537363		timeInput hasDatepicker	true	false		[]
ERIN000	佣金结算（来自社区团购）	https://beta18.pospal.cn/CommunityGroupHead/CashRequest	团长姓名	text			textInput placeholder	true	false		[]
ERIN000	佣金结算（来自社区团购）	https://beta18.pospal.cn/CommunityGroupHead/CashRequest	查询	div			submitBtn	true	false		[]
ERIN000	佣金结算（来自社区团购）	https://beta18.pospal.cn/CommunityGroupHead/CashRequest	首页前一页第页共4页下一页尾页每页50条清除内容每页100条每页50条每页20条每页10条	div			pRight textBtn	false	false		[]
ERIN000	佣金结算（来自社区团购）	https://beta18.pospal.cn/CommunityGroupHead/CashRequest	每页50条	custom-select			pageSize singleSelector	false	false		[{"label":"每页100条","value":"100","selected":false},{"label":"每页50条","value":"50","selected":true},{"label":"每页20条","value":"20","selected":false},{"label":"每页10条","value":"10","selected":false}]
ERIN000	佣金结算（来自社区团购）	https://beta18.pospal.cn/CommunityGroupHead/CashRequest	结算金额：	label				false	false		[]
ERIN000	佣金结算（来自社区团购）	https://beta18.pospal.cn/CommunityGroupHead/CashRequest	结算备注：	label				false	false		[]
ERIN000	佣金结算（来自社区团购）	https://beta18.pospal.cn/CommunityGroupHead/CashRequest	请输入结算备注...	textarea				false	false		[]
ERIN000	佣金结算（来自社区团购）	https://beta18.pospal.cn/CommunityGroupHead/CashRequest		textarea			textarea feedBackContent	false	false		[]
ERIN000	佣金结算（来自社区团购）	https://beta18.pospal.cn/CommunityGroupHead/CashRequest	输入手机验证码	text			clean quantity txt_telVerifyCode	false	false		[]
ERIN000	佣金结算（来自社区团购）	https://beta18.pospal.cn/CommunityGroupHead/CashRequest	不再提醒	custom-check			checkBoxDiv fl	false	false	false	[]
ERIN000	佣金结算（来自社区团购）	https://beta18.pospal.cn/CommunityGroupHead/CashRequest	新会员注册通知	custom-check			checkBoxDiv on	false	false	true	[]
ERIN000	佣金结算（来自社区团购）	https://beta18.pospal.cn/CommunityGroupHead/CashRequest	会员消费通知	custom-check			checkBoxDiv on	false	false	true	[]
ERIN000	佣金结算（来自社区团购）	https://beta18.pospal.cn/CommunityGroupHead/CashRequest	网单发货通知	custom-check			checkBoxDiv on	false	false	true	[]
ERIN000	佣金结算（来自社区团购）	https://beta18.pospal.cn/CommunityGroupHead/CashRequest	储值卡充值到账通知	custom-check			checkBoxDiv on	false	false	true	[]
ERIN000	佣金结算（来自社区团购）	https://beta18.pospal.cn/CommunityGroupHead/CashRequest	搜问题…	text	txt_helpKeyword		HCSearchIpt	false	false		[]
ERIN000	佣金结算（来自社区团购）	https://beta18.pospal.cn/CommunityGroupHead/CashRequest	请输入1000元以上金额	input			input quantity	false	false		[]
ERIN000	佣金结算（来自社区团购）	https://beta18.pospal.cn/CommunityGroupHead/CashRequest	储值卡充值到账提醒	custom-check			checkBoxDiv on	false	false	true	[]
ERIN000	佣金结算（来自社区团购）	https://beta18.pospal.cn/CommunityGroupHead/CashRequest	新会员注册-通知客户	custom-check			checkBoxDiv on	false	false	true	[]
ERIN000	佣金结算（来自社区团购）	https://beta18.pospal.cn/CommunityGroupHead/CashRequest	请输入手机号	text			smsBalanceNoticeWidget_noticeTel edit_txt	false	false		[]
ERIN000	佣金结算（来自社区团购）	https://beta18.pospal.cn/CommunityGroupHead/CashRequest	输入关键字，按回车搜索	text			searchInput	false	false		[]
ERIN000	佣金结算（来自社区团购）	https://beta18.pospal.cn/CommunityGroupHead/CashRequest	请输入名称搜索	text			searchInput	false	false		[]
ERIN000	佣金结算（来自社区团购）	https://beta18.pospal.cn/CommunityGroupHead/CashRequest	请输入门店账号，多个门店请用逗号、空格或换行分割	textarea			importSubStoreTextarea	false	false		[]
ERIN000	佣金结算（来自社区团购）	https://beta18.pospal.cn/CommunityGroupHead/CashRequest	-	div			dateTimeRangeBox	true	false		[]
ERIN000	佣金结算（来自社区团购）	https://beta18.pospal.cn/CommunityGroupHead/CashRequest	-	span				true	false		[]
ERIN000	团长管理（来自社区团购）	https://beta18.pospal.cn/CommunityGroupHead/GroupHead	团长标签管理	div	btnTagManage		btnBlue	true	false		[]
ERIN000	团长管理（来自社区团购）	https://beta18.pospal.cn/CommunityGroupHead/GroupHead	团长信息设置	div	btnAttributeManage		btnBlue	true	false		[]
ERIN000	团长管理（来自社区团购）	https://beta18.pospal.cn/CommunityGroupHead/GroupHead	导出	div	btnExport		btnBlue	true	false		[]
ERIN000	团长管理（来自社区团购）	https://beta18.pospal.cn/CommunityGroupHead/GroupHead	全部门店	custom-select	ddl_subUsers		singleSelector	true	false		[]
ERIN000	团长管理（来自社区团购）	https://beta18.pospal.cn/CommunityGroupHead/GroupHead	全部状态	custom-select			singleSelector	true	false		[{"label":"全部状态","value":"","selected":true},{"label":"有效","value":"1","selected":false},{"label":"待审核","value":"0","selected":false},{"label":"审核失败","value":"2","selected":false}]
ERIN000	团长管理（来自社区团购）	https://beta18.pospal.cn/CommunityGroupHead/GroupHead		text			textInput	false	false		[]
ERIN000	团长管理（来自社区团购）	https://beta18.pospal.cn/CommunityGroupHead/GroupHead	开始日期	text	ui-timePicker-begin-280645		timeInput hasDatepicker	true	false		[]
ERIN000	团长管理（来自社区团购）	https://beta18.pospal.cn/CommunityGroupHead/GroupHead	结束日期	text	ui-timePicker-end-37204		timeInput hasDatepicker	true	false		[]
ERIN000	团长管理（来自社区团购）	https://beta18.pospal.cn/CommunityGroupHead/GroupHead	开始日期	text	ui-timePicker-begin-932065		timeInput hasDatepicker	true	false		[]
ERIN000	团长管理（来自社区团购）	https://beta18.pospal.cn/CommunityGroupHead/GroupHead	结束日期	text	ui-timePicker-end-193841		timeInput hasDatepicker	true	false		[]
ERIN000	团长管理（来自社区团购）	https://beta18.pospal.cn/CommunityGroupHead/GroupHead	团长姓名/手机号	text			textInput placeholder	true	false		[]
ERIN000	团长管理（来自社区团购）	https://beta18.pospal.cn/CommunityGroupHead/GroupHead	查询	div			submitBtn	true	false		[]
ERIN000	团长管理（来自社区团购）	https://beta18.pospal.cn/CommunityGroupHead/GroupHead	首页前一页第页共4页下一页尾页每页50条清除内容每页100条每页50条每页20条每页10条	div			pRight textBtn	false	false		[]
ERIN000	团长管理（来自社区团购）	https://beta18.pospal.cn/CommunityGroupHead/GroupHead	每页50条	custom-select			pageSize singleSelector	false	false		[{"label":"每页100条","value":"100","selected":false},{"label":"每页50条","value":"50","selected":true},{"label":"每页20条","value":"20","selected":false},{"label":"每页10条","value":"10","selected":false}]
ERIN000	团长管理（来自社区团购）	https://beta18.pospal.cn/CommunityGroupHead/GroupHead	地区限制:	label				false	false		[]
ERIN000	团长管理（来自社区团购）	https://beta18.pospal.cn/CommunityGroupHead/GroupHead		text	edit_addr_third		edit_txt	false	false		[]
ERIN000	团长管理（来自社区团购）	https://beta18.pospal.cn/CommunityGroupHead/GroupHead	分润率:	label				false	false		[]
ERIN000	团长管理（来自社区团购）	https://beta18.pospal.cn/CommunityGroupHead/GroupHead		text	edit_profitSharingRate		edit_txt	false	false		[]
ERIN000	团长管理（来自社区团购）	https://beta18.pospal.cn/CommunityGroupHead/GroupHead	备注:	label				false	false		[]
ERIN000	团长管理（来自社区团购）	https://beta18.pospal.cn/CommunityGroupHead/GroupHead		textarea	edit_remarks		edit_txt	false	false		[]
ERIN000	团长管理（来自社区团购）	https://beta18.pospal.cn/CommunityGroupHead/GroupHead	团长标签	label				false	false		[]
ERIN000	团长管理（来自社区团购）	https://beta18.pospal.cn/CommunityGroupHead/GroupHead	+选择标签	div	edit_btnSelectTags		btnBlue12 btnGrey	false	false		[]
ERIN000	团长管理（来自社区团购）	https://beta18.pospal.cn/CommunityGroupHead/GroupHead	审核	div			btn audit	false	false		[]
ERIN000	团长管理（来自社区团购）	https://beta18.pospal.cn/CommunityGroupHead/GroupHead	删除	div			btn del	false	false		[]
ERIN000	团长管理（来自社区团购）	https://beta18.pospal.cn/CommunityGroupHead/GroupHead	搜索	input			search_Input	false	false		[]
ERIN000	团长管理（来自社区团购）	https://beta18.pospal.cn/CommunityGroupHead/GroupHead	搜索清空	div			btn	false	false		[]
ERIN000	团长管理（来自社区团购）	https://beta18.pospal.cn/CommunityGroupHead/GroupHead	搜索	div			btnBlue btnSearch	false	false		[]
ERIN000	团长管理（来自社区团购）	https://beta18.pospal.cn/CommunityGroupHead/GroupHead	清空	div			btnWhite btnClear	false	false		[]
ERIN000	团长管理（来自社区团购）	https://beta18.pospal.cn/CommunityGroupHead/GroupHead	ERIN埃琳(总部)	custom-check	997_store_checkBoxDiv_4402557		checkBoxDiv 	false	false	false	[]
ERIN000	团长管理（来自社区团购）	https://beta18.pospal.cn/CommunityGroupHead/GroupHead	001 - Mrs.HuaShi花诗肤人	custom-check	997_store_checkBoxDiv_4402559		checkBoxDiv 	false	false	false	[]
ERIN000	团长管理（来自社区团购）	https://beta18.pospal.cn/CommunityGroupHead/GroupHead	002 - erin002	custom-check	997_store_checkBoxDiv_4402560		checkBoxDiv 	false	false	false	[]
ERIN000	团长管理（来自社区团购）	https://beta18.pospal.cn/CommunityGroupHead/GroupHead	全选	custom-check			checkBoxDiv	false	false	false	[]
ERIN000	团长管理（来自社区团购）	https://beta18.pospal.cn/CommunityGroupHead/GroupHead	ERIN埃琳(总部)	custom-check	916_store_checkBoxDiv_4402557		checkBoxDiv  on	false	false	true	[]
ERIN000	团长管理（来自社区团购）	https://beta18.pospal.cn/CommunityGroupHead/GroupHead	001 - Mrs.HuaShi花诗肤人	custom-check	916_store_checkBoxDiv_4402559		checkBoxDiv 	false	false	false	[]
ERIN000	团长管理（来自社区团购）	https://beta18.pospal.cn/CommunityGroupHead/GroupHead	002 - erin002	custom-check	916_store_checkBoxDiv_4402560		checkBoxDiv 	false	false	false	[]
ERIN000	团长管理（来自社区团购）	https://beta18.pospal.cn/CommunityGroupHead/GroupHead	ERIN埃琳(总部)	custom-check	349_store_checkBoxDiv_4402557		checkBoxDiv  on	false	false	true	[]
ERIN000	团长管理（来自社区团购）	https://beta18.pospal.cn/CommunityGroupHead/GroupHead	001 - Mrs.HuaShi花诗肤人	custom-check	349_store_checkBoxDiv_4402559		checkBoxDiv 	false	false	false	[]
ERIN000	团长管理（来自社区团购）	https://beta18.pospal.cn/CommunityGroupHead/GroupHead	002 - erin002	custom-check	349_store_checkBoxDiv_4402560		checkBoxDiv 	false	false	false	[]
ERIN000	团长管理（来自社区团购）	https://beta18.pospal.cn/CommunityGroupHead/GroupHead		textarea			txt_remarks	false	false		[]
ERIN000	团长管理（来自社区团购）	https://beta18.pospal.cn/CommunityGroupHead/GroupHead	审核不通过	div			btn btnBlue14	false	false		[]
ERIN000	团长管理（来自社区团购）	https://beta18.pospal.cn/CommunityGroupHead/GroupHead	审核通过	div			btn btnBlue14	false	false		[]
ERIN000	团长管理（来自社区团购）	https://beta18.pospal.cn/CommunityGroupHead/GroupHead	新增信息	div	addNewAttribute		btnBlue	false	false		[]
ERIN000	团长管理（来自社区团购）	https://beta18.pospal.cn/CommunityGroupHead/GroupHead	ERIN埃琳(总部)	custom-select			js_ddl_user css_nav_ddl singleSelector	false	false		[]
ERIN000	团长管理（来自社区团购）	https://beta18.pospal.cn/CommunityGroupHead/GroupHead		input	attributeNameInput		rowInput	false	false		[]
ERIN000	团长管理（来自社区团购）	https://beta18.pospal.cn/CommunityGroupHead/GroupHead	单行文本	custom-select	attributeTypeSelector		singleSelector	false	false		[{"label":"单行文本","value":"1","selected":true},{"label":"多行文本","value":"2","selected":false},{"label":"图片","value":"3","selected":false}]
ERIN000	团长管理（来自社区团购）	https://beta18.pospal.cn/CommunityGroupHead/GroupHead	团长姓名/手机号	text	search_groupHead_input		textInput clean	false	false		[]
ERIN000	团长管理（来自社区团购）	https://beta18.pospal.cn/CommunityGroupHead/GroupHead	清除内容	custom-select	GroupSelect		group-select-input singleSelector	false	false		[]
ERIN000	团长管理（来自社区团购）	https://beta18.pospal.cn/CommunityGroupHead/GroupHead	新增	div			btnBlue14 add-btn btnAddTag	false	false		[]
ERIN000	团长管理（来自社区团购）	https://beta18.pospal.cn/CommunityGroupHead/GroupHead	新增标签组 关闭	div			bottom-btn__wrap	false	false		[]
ERIN000	团长管理（来自社区团购）	https://beta18.pospal.cn/CommunityGroupHead/GroupHead	新增标签组	div			btnPure pure-btn btnAddview	false	false		[]
ERIN000	团长管理（来自社区团购）	https://beta18.pospal.cn/CommunityGroupHead/GroupHead	输入关键字搜索	text			textInput	false	false		[]
ERIN000	团长管理（来自社区团购）	https://beta18.pospal.cn/CommunityGroupHead/GroupHead	确认	div			btnBlue12 popupClose	false	false		[]
ERIN000	团长管理（来自社区团购）	https://beta18.pospal.cn/CommunityGroupHead/GroupHead	输入手机验证码	text			clean quantity txt_telVerifyCode	false	false		[]
ERIN000	团长管理（来自社区团购）	https://beta18.pospal.cn/CommunityGroupHead/GroupHead	不再提醒	custom-check			checkBoxDiv fl	false	false	false	[]
ERIN000	团长管理（来自社区团购）	https://beta18.pospal.cn/CommunityGroupHead/GroupHead	新会员注册通知	custom-check			checkBoxDiv on	false	false	true	[]
ERIN000	团长管理（来自社区团购）	https://beta18.pospal.cn/CommunityGroupHead/GroupHead	会员消费通知	custom-check			checkBoxDiv on	false	false	true	[]
ERIN000	团长管理（来自社区团购）	https://beta18.pospal.cn/CommunityGroupHead/GroupHead	网单发货通知	custom-check			checkBoxDiv on	false	false	true	[]
ERIN000	团长管理（来自社区团购）	https://beta18.pospal.cn/CommunityGroupHead/GroupHead	储值卡充值到账通知	custom-check			checkBoxDiv on	false	false	true	[]
ERIN000	团长管理（来自社区团购）	https://beta18.pospal.cn/CommunityGroupHead/GroupHead	搜问题…	text	txt_helpKeyword		HCSearchIpt	false	false		[]
ERIN000	团长管理（来自社区团购）	https://beta18.pospal.cn/CommunityGroupHead/GroupHead	请输入1000元以上金额	input			input quantity	false	false		[]
ERIN000	团长管理（来自社区团购）	https://beta18.pospal.cn/CommunityGroupHead/GroupHead	储值卡充值到账提醒	custom-check			checkBoxDiv on	false	false	true	[]
ERIN000	团长管理（来自社区团购）	https://beta18.pospal.cn/CommunityGroupHead/GroupHead	新会员注册-通知客户	custom-check			checkBoxDiv on	false	false	true	[]
ERIN000	团长管理（来自社区团购）	https://beta18.pospal.cn/CommunityGroupHead/GroupHead	请输入手机号	text			smsBalanceNoticeWidget_noticeTel edit_txt	false	false		[]
ERIN000	团长管理（来自社区团购）	https://beta18.pospal.cn/CommunityGroupHead/GroupHead	输入关键字，按回车搜索	text			searchInput	false	false		[]
ERIN000	团长管理（来自社区团购）	https://beta18.pospal.cn/CommunityGroupHead/GroupHead	请输入名称搜索	text			searchInput	false	false		[]
ERIN000	团长管理（来自社区团购）	https://beta18.pospal.cn/CommunityGroupHead/GroupHead	请输入门店账号，多个门店请用逗号、空格或换行分割	textarea			importSubStoreTextarea	false	false		[]
ERIN000	团长管理（来自社区团购）	https://beta18.pospal.cn/CommunityGroupHead/GroupHead	-	div			dateTimeRangeBox	true	false		[]
ERIN000	团长管理（来自社区团购）	https://beta18.pospal.cn/CommunityGroupHead/GroupHead	-	span				true	false		[]
ERIN000	叠加规则设置（来自优惠券）	https://beta18.pospal.cn/Promotion/StackableRule	创建叠加组	div	btnAddNewGroup		btnBlue12 is-new	true	false		[]
ERIN000	叠加规则设置（来自优惠券）	https://beta18.pospal.cn/Promotion/StackableRule	ERIN埃琳(总部)	custom-select	ddl_subUsers		singleSelector	false	false		[{"label":"ERIN埃琳(总部)","value":"4402557","selected":true},{"label":"001 - Mrs.HuaShi花诗肤人","value":"4402559","selected":false},{"label":"002 - erin002","value":"4402560","selected":false}]
ERIN000	叠加规则设置（来自优惠券）	https://beta18.pospal.cn/Promotion/StackableRule		text			textInput	false	false		[]
ERIN000	叠加规则设置（来自优惠券）	https://beta18.pospal.cn/Promotion/StackableRule	搜索	input			search_Input	false	false		[]
ERIN000	叠加规则设置（来自优惠券）	https://beta18.pospal.cn/Promotion/StackableRule	搜索清空	div			btn	false	false		[]
ERIN000	叠加规则设置（来自优惠券）	https://beta18.pospal.cn/Promotion/StackableRule	搜索	div			btnBlue btnSearch	false	false		[]
ERIN000	叠加规则设置（来自优惠券）	https://beta18.pospal.cn/Promotion/StackableRule	清空	div			btnWhite btnClear	false	false		[]
ERIN000	叠加规则设置（来自优惠券）	https://beta18.pospal.cn/Promotion/StackableRule	ERIN埃琳(总部)	custom-check	3_store_checkBoxDiv_4402557		checkBoxDiv 	false	false	false	[]
ERIN000	叠加规则设置（来自优惠券）	https://beta18.pospal.cn/Promotion/StackableRule	001 - Mrs.HuaShi花诗肤人	custom-check	3_store_checkBoxDiv_4402559		checkBoxDiv 	false	false	false	[]
ERIN000	叠加规则设置（来自优惠券）	https://beta18.pospal.cn/Promotion/StackableRule	002 - erin002	custom-check	3_store_checkBoxDiv_4402560		checkBoxDiv 	false	false	false	[]
ERIN000	叠加规则设置（来自优惠券）	https://beta18.pospal.cn/Promotion/StackableRule	全选	custom-check			checkBoxDiv	false	false	false	[]
ERIN000	叠加规则设置（来自优惠券）	https://beta18.pospal.cn/Promotion/StackableRule	确定	div	btnDeleteRule		btnBlue14 height-31 is-new	false	false		[]
ERIN000	叠加规则设置（来自优惠券）	https://beta18.pospal.cn/Promotion/StackableRule	优惠券名称	text			textInput clean	false	false		[]
ERIN000	叠加规则设置（来自优惠券）	https://beta18.pospal.cn/Promotion/StackableRule	全部类型	custom-select			singleSelector	false	false		[{"label":"全部类型","value":"","selected":true},{"label":"全场抵现券","value":"10","selected":false},{"label":"品类抵现券","value":"11","selected":false},{"label":"单品抵现券","value":"12","selected":false},{"label":"全场打折券","value":"20","selected":false},{"label":"品类打折券","value":"21","selected":false},{"label":"单品打折券","value":"22","selected":false},{"label":"赠品提货券","value":"24","selected":false},{"label":"运费抵扣券","value":"30","selected":false},{"label":"促销优惠券","value":"-1","selected":false}]
ERIN000	叠加规则设置（来自优惠券）	https://beta18.pospal.cn/Promotion/StackableRule		custom-check			checkBoxDiv queryPromotionCouponsCheckAll	false	false	false	[]
ERIN000	叠加规则设置（来自优惠券）	https://beta18.pospal.cn/Promotion/StackableRule	取消	div	btnCancel		btn cancel	false	false		[]
ERIN000	叠加规则设置（来自优惠券）	https://beta18.pospal.cn/Promotion/StackableRule	确定	div	btnQueryPromotionCouponsSubmit		btnBlue12 is-new	false	false		[]
ERIN000	叠加规则设置（来自优惠券）	https://beta18.pospal.cn/Promotion/StackableRule		textarea			textarea feedBackContent	false	false		[]
ERIN000	叠加规则设置（来自优惠券）	https://beta18.pospal.cn/Promotion/StackableRule	输入手机验证码	text			clean quantity txt_telVerifyCode	false	false		[]
ERIN000	叠加规则设置（来自优惠券）	https://beta18.pospal.cn/Promotion/StackableRule	不再提醒	custom-check			checkBoxDiv fl	false	false	false	[]
ERIN000	叠加规则设置（来自优惠券）	https://beta18.pospal.cn/Promotion/StackableRule	新会员注册通知	custom-check			checkBoxDiv on	false	false	true	[]
ERIN000	叠加规则设置（来自优惠券）	https://beta18.pospal.cn/Promotion/StackableRule	会员消费通知	custom-check			checkBoxDiv on	false	false	true	[]
ERIN000	叠加规则设置（来自优惠券）	https://beta18.pospal.cn/Promotion/StackableRule	网单发货通知	custom-check			checkBoxDiv on	false	false	true	[]
ERIN000	叠加规则设置（来自优惠券）	https://beta18.pospal.cn/Promotion/StackableRule	储值卡充值到账通知	custom-check			checkBoxDiv on	false	false	true	[]
ERIN000	叠加规则设置（来自优惠券）	https://beta18.pospal.cn/Promotion/StackableRule	搜问题…	text	txt_helpKeyword		HCSearchIpt	false	false		[]
ERIN000	叠加规则设置（来自优惠券）	https://beta18.pospal.cn/Promotion/StackableRule	请输入1000元以上金额	input			input quantity	false	false		[]
ERIN000	叠加规则设置（来自优惠券）	https://beta18.pospal.cn/Promotion/StackableRule	储值卡充值到账提醒	custom-check			checkBoxDiv on	false	false	true	[]
ERIN000	叠加规则设置（来自优惠券）	https://beta18.pospal.cn/Promotion/StackableRule	新会员注册-通知客户	custom-check			checkBoxDiv on	false	false	true	[]
ERIN000	叠加规则设置（来自优惠券）	https://beta18.pospal.cn/Promotion/StackableRule	请输入手机号	text			smsBalanceNoticeWidget_noticeTel edit_txt	false	false		[]
ERIN000	叠加规则设置（来自优惠券）	https://beta18.pospal.cn/Promotion/StackableRule	输入关键字，按回车搜索	text			searchInput	false	false		[]
ERIN000	叠加规则设置（来自优惠券）	https://beta18.pospal.cn/Promotion/StackableRule	请输入名称搜索	text			searchInput	false	false		[]
ERIN000	叠加规则设置（来自优惠券）	https://beta18.pospal.cn/Promotion/StackableRule	请输入门店账号，多个门店请用逗号、空格或换行分割	textarea			importSubStoreTextarea	false	false		[]
ERIN000	优惠券统计（来自优惠券）	https://beta18.pospal.cn/Promotion/PromotionCouponSummary	导出	div	btnExport		btnBlue	true	false		[]
ERIN000	优惠券统计（来自优惠券）	https://beta18.pospal.cn/Promotion/PromotionCouponSummary	全部门店	custom-select	ddl_subUsers		singleSelector	true	false		[{"label":"全部门店","value":"","selected":true},{"label":"ERIN埃琳(总部)","value":"4402557","selected":false},{"label":"001 - Mrs.HuaShi花诗肤人","value":"4402559","selected":false},{"label":"002 - erin002","value":"4402560","selected":false}]
ERIN000	优惠券统计（来自优惠券）	https://beta18.pospal.cn/Promotion/PromotionCouponSummary		text			textInput	false	false		[]
ERIN000	优惠券统计（来自优惠券）	https://beta18.pospal.cn/Promotion/PromotionCouponSummary	全部类型	custom-select	ddl_types		singleSelector	true	false		[{"label":"全部类型","value":"","selected":true},{"label":"全场抵现券","value":"10","selected":false},{"label":"品类抵现券","value":"11","selected":false},{"label":"单品抵现券","value":"12","selected":false},{"label":"全场打折券","value":"20","selected":false},{"label":"品类打折券","value":"21","selected":false},{"label":"单品打折券","value":"22","selected":false},{"label":"赠品提货券","value":"24","selected":false},{"label":"运费抵扣券","value":"30","selected":false}]
ERIN000	优惠券统计（来自优惠券）	https://beta18.pospal.cn/Promotion/PromotionCouponSummary	全部	custom-select	ddl_salable		singleSelector	true	false		[{"label":"全部","value":"","selected":true},{"label":"有价券","value":"true","selected":false},{"label":"免费券","value":"false","selected":false}]
ERIN000	优惠券统计（来自优惠券）	https://beta18.pospal.cn/Promotion/PromotionCouponSummary	开始日期	text	ui-timePicker-begin-457920		timeInput hasDatepicker	true	false		[]
ERIN000	优惠券统计（来自优惠券）	https://beta18.pospal.cn/Promotion/PromotionCouponSummary	结束日期	text	ui-timePicker-end-339687		timeInput hasDatepicker	true	false		[]
ERIN000	优惠券统计（来自优惠券）	https://beta18.pospal.cn/Promotion/PromotionCouponSummary	优惠券名称	text	txt_keyword		textInput	true	false		[]
ERIN000	优惠券统计（来自优惠券）	https://beta18.pospal.cn/Promotion/PromotionCouponSummary	查询	div	btnSerach		submitBtn	true	false		[]
ERIN000	优惠券统计（来自优惠券）	https://beta18.pospal.cn/Promotion/PromotionCouponSummary		textarea			textarea feedBackContent	false	false		[]
ERIN000	优惠券统计（来自优惠券）	https://beta18.pospal.cn/Promotion/PromotionCouponSummary	输入手机验证码	text			clean quantity txt_telVerifyCode	false	false		[]
ERIN000	优惠券统计（来自优惠券）	https://beta18.pospal.cn/Promotion/PromotionCouponSummary	不再提醒	custom-check			checkBoxDiv fl	false	false	false	[]
ERIN000	优惠券统计（来自优惠券）	https://beta18.pospal.cn/Promotion/PromotionCouponSummary	新会员注册通知	custom-check			checkBoxDiv on	false	false	true	[]
ERIN000	优惠券统计（来自优惠券）	https://beta18.pospal.cn/Promotion/PromotionCouponSummary	会员消费通知	custom-check			checkBoxDiv on	false	false	true	[]
ERIN000	优惠券统计（来自优惠券）	https://beta18.pospal.cn/Promotion/PromotionCouponSummary	网单发货通知	custom-check			checkBoxDiv on	false	false	true	[]
ERIN000	优惠券统计（来自优惠券）	https://beta18.pospal.cn/Promotion/PromotionCouponSummary	储值卡充值到账通知	custom-check			checkBoxDiv on	false	false	true	[]
ERIN000	优惠券统计（来自优惠券）	https://beta18.pospal.cn/Promotion/PromotionCouponSummary	搜问题…	text	txt_helpKeyword		HCSearchIpt	false	false		[]
ERIN000	优惠券统计（来自优惠券）	https://beta18.pospal.cn/Promotion/PromotionCouponSummary	请输入1000元以上金额	input			input quantity	false	false		[]
ERIN000	优惠券统计（来自优惠券）	https://beta18.pospal.cn/Promotion/PromotionCouponSummary	储值卡充值到账提醒	custom-check			checkBoxDiv on	false	false	true	[]
ERIN000	优惠券统计（来自优惠券）	https://beta18.pospal.cn/Promotion/PromotionCouponSummary	新会员注册-通知客户	custom-check			checkBoxDiv on	false	false	true	[]
ERIN000	优惠券统计（来自优惠券）	https://beta18.pospal.cn/Promotion/PromotionCouponSummary	请输入手机号	text			smsBalanceNoticeWidget_noticeTel edit_txt	false	false		[]
ERIN000	优惠券统计（来自优惠券）	https://beta18.pospal.cn/Promotion/PromotionCouponSummary	输入关键字，按回车搜索	text			searchInput	false	false		[]
ERIN000	优惠券统计（来自优惠券）	https://beta18.pospal.cn/Promotion/PromotionCouponSummary	请输入名称搜索	text			searchInput	false	false		[]
ERIN000	优惠券统计（来自优惠券）	https://beta18.pospal.cn/Promotion/PromotionCouponSummary	请输入门店账号，多个门店请用逗号、空格或换行分割	textarea			importSubStoreTextarea	false	false		[]
ERIN000	优惠券统计（来自优惠券）	https://beta18.pospal.cn/Promotion/PromotionCouponSummary	-	div	dateTimeRangeBox		dateTimeRangeBox	true	false		[]
ERIN000	优惠券统计（来自优惠券）	https://beta18.pospal.cn/Promotion/PromotionCouponSummary	-	span				true	false		[]
ERIN000	核销明细（来自优惠券）	https://beta18.pospal.cn/CouponReport/CouponUseLog	导出	div	btnExport		btnBlue	true	false		[]
ERIN000	核销明细（来自优惠券）	https://beta18.pospal.cn/CouponReport/CouponUseLog	全部门店	custom-select	ddl_subUsers		singleSelector multiple	true	false		[{"label":"ERIN埃琳(总部)","value":"4402557","selected":false},{"label":"001 - Mrs.HuaShi花诗肤人","value":"4402559","selected":false},{"label":"002 - erin002","value":"4402560","selected":false}]
ERIN000	核销明细（来自优惠券）	https://beta18.pospal.cn/CouponReport/CouponUseLog		text			textInput	false	false		[]
ERIN000	核销明细（来自优惠券）	https://beta18.pospal.cn/CouponReport/CouponUseLog	高级	span			btnMultipleAdvanced	true	false		[]
ERIN000	核销明细（来自优惠券）	https://beta18.pospal.cn/CouponReport/CouponUseLog	开始日期	text	ui-timePicker-begin-142677		timeInput hasDatepicker	true	false		[]
ERIN000	核销明细（来自优惠券）	https://beta18.pospal.cn/CouponReport/CouponUseLog	结束日期	text	ui-timePicker-end-642448		timeInput hasDatepicker	true	false		[]
ERIN000	核销明细（来自优惠券）	https://beta18.pospal.cn/CouponReport/CouponUseLog	优惠券名称/号	text	txt_keyword		textInput clean	true	false		[]
ERIN000	核销明细（来自优惠券）	https://beta18.pospal.cn/CouponReport/CouponUseLog	查询	div	btnSerach		submitBtn	true	false		[]
ERIN000	核销明细（来自优惠券）	https://beta18.pospal.cn/CouponReport/CouponUseLog	核销门店	custom-check			checkBoxDiv on	false	false	true	[]
ERIN000	核销明细（来自优惠券）	https://beta18.pospal.cn/CouponReport/CouponUseLog	优惠券名称	custom-check			checkBoxDiv on	false	false	true	[]
ERIN000	核销明细（来自优惠券）	https://beta18.pospal.cn/CouponReport/CouponUseLog	优惠券号	custom-check			checkBoxDiv on	false	false	true	[]
ERIN000	核销明细（来自优惠券）	https://beta18.pospal.cn/CouponReport/CouponUseLog	核销会员号	custom-check			checkBoxDiv on	false	false	true	[]
ERIN000	核销明细（来自优惠券）	https://beta18.pospal.cn/CouponReport/CouponUseLog	核销会员姓名	custom-check			checkBoxDiv on	false	false	true	[]
ERIN000	核销明细（来自优惠券）	https://beta18.pospal.cn/CouponReport/CouponUseLog	核销会员手机号	custom-check			checkBoxDiv on	false	false	true	[]
ERIN000	核销明细（来自优惠券）	https://beta18.pospal.cn/CouponReport/CouponUseLog	制券日期	custom-check			checkBoxDiv on	false	false	true	[]
ERIN000	核销明细（来自优惠券）	https://beta18.pospal.cn/CouponReport/CouponUseLog	有效期截止日期	custom-check			checkBoxDiv on	false	false	true	[]
ERIN000	核销明细（来自优惠券）	https://beta18.pospal.cn/CouponReport/CouponUseLog	核销日期	custom-check			checkBoxDiv on	false	false	true	[]
ERIN000	核销明细（来自优惠券）	https://beta18.pospal.cn/CouponReport/CouponUseLog	销售单据号	custom-check			checkBoxDiv on	false	false	true	[]
ERIN000	核销明细（来自优惠券）	https://beta18.pospal.cn/CouponReport/CouponUseLog	数量	custom-check			checkBoxDiv on	false	false	true	[]
ERIN000	核销明细（来自优惠券）	https://beta18.pospal.cn/CouponReport/CouponUseLog	优惠券类型	custom-check			checkBoxDiv on	false	false	true	[]
ERIN000	核销明细（来自优惠券）	https://beta18.pospal.cn/CouponReport/CouponUseLog	抖音次卡主券码	custom-check			checkBoxDiv	false	false	false	[]
ERIN000	核销明细（来自优惠券）	https://beta18.pospal.cn/CouponReport/CouponUseLog	首页前一页第页共4页下一页尾页每页50条清除内容每页100条每页50条每页20条每页10条	div			pRight textBtn	false	false		[]
ERIN000	核销明细（来自优惠券）	https://beta18.pospal.cn/CouponReport/CouponUseLog	每页50条	custom-select			pageSize singleSelector	false	false		[{"label":"每页100条","value":"100","selected":false},{"label":"每页50条","value":"50","selected":true},{"label":"每页20条","value":"20","selected":false},{"label":"每页10条","value":"10","selected":false}]
ERIN000	核销明细（来自优惠券）	https://beta18.pospal.cn/CouponReport/CouponUseLog		textarea			textarea feedBackContent	false	false		[]
ERIN000	核销明细（来自优惠券）	https://beta18.pospal.cn/CouponReport/CouponUseLog	输入手机验证码	text			clean quantity txt_telVerifyCode	false	false		[]
ERIN000	核销明细（来自优惠券）	https://beta18.pospal.cn/CouponReport/CouponUseLog	不再提醒	custom-check			checkBoxDiv fl	false	false	false	[]
ERIN000	核销明细（来自优惠券）	https://beta18.pospal.cn/CouponReport/CouponUseLog	新会员注册通知	custom-check			checkBoxDiv on	false	false	true	[]
ERIN000	核销明细（来自优惠券）	https://beta18.pospal.cn/CouponReport/CouponUseLog	会员消费通知	custom-check			checkBoxDiv on	false	false	true	[]
ERIN000	核销明细（来自优惠券）	https://beta18.pospal.cn/CouponReport/CouponUseLog	网单发货通知	custom-check			checkBoxDiv on	false	false	true	[]
ERIN000	核销明细（来自优惠券）	https://beta18.pospal.cn/CouponReport/CouponUseLog	储值卡充值到账通知	custom-check			checkBoxDiv on	false	false	true	[]
ERIN000	核销明细（来自优惠券）	https://beta18.pospal.cn/CouponReport/CouponUseLog	搜问题…	text	txt_helpKeyword		HCSearchIpt	false	false		[]
ERIN000	核销明细（来自优惠券）	https://beta18.pospal.cn/CouponReport/CouponUseLog	请输入1000元以上金额	input			input quantity	false	false		[]
ERIN000	核销明细（来自优惠券）	https://beta18.pospal.cn/CouponReport/CouponUseLog	储值卡充值到账提醒	custom-check			checkBoxDiv on	false	false	true	[]
ERIN000	核销明细（来自优惠券）	https://beta18.pospal.cn/CouponReport/CouponUseLog	新会员注册-通知客户	custom-check			checkBoxDiv on	false	false	true	[]
ERIN000	核销明细（来自优惠券）	https://beta18.pospal.cn/CouponReport/CouponUseLog	请输入手机号	text			smsBalanceNoticeWidget_noticeTel edit_txt	false	false		[]
ERIN000	核销明细（来自优惠券）	https://beta18.pospal.cn/CouponReport/CouponUseLog	输入关键字，按回车搜索	text			searchInput	false	false		[]
ERIN000	核销明细（来自优惠券）	https://beta18.pospal.cn/CouponReport/CouponUseLog	请输入名称搜索	text			searchInput	false	false		[]
ERIN000	核销明细（来自优惠券）	https://beta18.pospal.cn/CouponReport/CouponUseLog	请输入门店账号，多个门店请用逗号、空格或换行分割	textarea			importSubStoreTextarea	false	false		[]
ERIN000	核销明细（来自优惠券）	https://beta18.pospal.cn/CouponReport/CouponUseLog	-	div	dateTimeRangeBox		dateTimeRangeBox	true	false		[]
ERIN000	核销明细（来自优惠券）	https://beta18.pospal.cn/CouponReport/CouponUseLog	-	span				true	false		[]
ERIN000	销售明细（来自优惠券）	https://beta18.pospal.cn/CouponReport/CouponOrder	导出 显示单据明细	div			conditionLeft textBtn	true	false		[]
ERIN000	销售明细（来自优惠券）	https://beta18.pospal.cn/CouponReport/CouponOrder	导出	div	btnExport		btnBlue	true	false		[]
ERIN000	销售明细（来自优惠券）	https://beta18.pospal.cn/CouponReport/CouponOrder	显示单据明细	custom-check	radioBox		radioBox	true	false	false	[]
ERIN000	销售明细（来自优惠券）	https://beta18.pospal.cn/CouponReport/CouponOrder	- 全部门店 -	custom-select	ddl_subUsers		singleSelector	true	false		[{"label":"- 全部门店 -","value":"","selected":true},{"label":"ERIN埃琳(总部)","value":"4402557","selected":false},{"label":"001 - Mrs.HuaShi花诗肤人","value":"4402559","selected":false},{"label":"002 - erin002","value":"4402560","selected":false}]
ERIN000	销售明细（来自优惠券）	https://beta18.pospal.cn/CouponReport/CouponOrder		text			textInput	false	false		[]
ERIN000	销售明细（来自优惠券）	https://beta18.pospal.cn/CouponReport/CouponOrder	- 全部单据 -	custom-select	ddl_orderType		singleSelector	true	false		[{"label":"- 全部单据 -","value":"","selected":true},{"label":"销售","value":"0","selected":false},{"label":"退还","value":"1","selected":false}]
ERIN000	销售明细（来自优惠券）	https://beta18.pospal.cn/CouponReport/CouponOrder	- 全部状态 -	custom-select	ddl_orderStatus		singleSelector	true	false		[{"label":"- 全部状态 -","value":"","selected":true},{"label":"有效单据","value":"0","selected":false},{"label":"作废单据","value":"3","selected":false},{"label":"退款成功","value":"11","selected":false}]
ERIN000	销售明细（来自优惠券）	https://beta18.pospal.cn/CouponReport/CouponOrder	- 全部导购 -	custom-select	ddl_guiders		singleSelector	false	false		[{"label":"- 全部导购 -","value":"","selected":true}]
ERIN000	销售明细（来自优惠券）	https://beta18.pospal.cn/CouponReport/CouponOrder	开始日期	text	ui-timePicker-begin-919192		timeInput hasDatepicker	true	false		[]
ERIN000	销售明细（来自优惠券）	https://beta18.pospal.cn/CouponReport/CouponOrder	结束日期	text	ui-timePicker-end-506929		timeInput hasDatepicker	true	false		[]
ERIN000	销售明细（来自优惠券）	https://beta18.pospal.cn/CouponReport/CouponOrder	查询	div			submitBtn	true	false		[]
ERIN000	销售明细（来自优惠券）	https://beta18.pospal.cn/CouponReport/CouponOrder	首页前一页第页共4页下一页尾页每页50条清除内容每页100条每页50条每页20条每页10条	div			pRight textBtn	false	false		[]
ERIN000	销售明细（来自优惠券）	https://beta18.pospal.cn/CouponReport/CouponOrder	每页50条	custom-select			pageSize singleSelector	false	false		[{"label":"每页100条","value":"100","selected":false},{"label":"每页50条","value":"50","selected":true},{"label":"每页20条","value":"20","selected":false},{"label":"每页10条","value":"10","selected":false}]
ERIN000	销售明细（来自优惠券）	https://beta18.pospal.cn/CouponReport/CouponOrder		textarea			textarea feedBackContent	false	false		[]
ERIN000	销售明细（来自优惠券）	https://beta18.pospal.cn/CouponReport/CouponOrder	输入手机验证码	text			clean quantity txt_telVerifyCode	false	false		[]
ERIN000	销售明细（来自优惠券）	https://beta18.pospal.cn/CouponReport/CouponOrder	不再提醒	custom-check			checkBoxDiv fl	false	false	false	[]
ERIN000	销售明细（来自优惠券）	https://beta18.pospal.cn/CouponReport/CouponOrder	新会员注册通知	custom-check			checkBoxDiv on	false	false	true	[]
ERIN000	销售明细（来自优惠券）	https://beta18.pospal.cn/CouponReport/CouponOrder	会员消费通知	custom-check			checkBoxDiv on	false	false	true	[]
ERIN000	销售明细（来自优惠券）	https://beta18.pospal.cn/CouponReport/CouponOrder	网单发货通知	custom-check			checkBoxDiv on	false	false	true	[]
ERIN000	销售明细（来自优惠券）	https://beta18.pospal.cn/CouponReport/CouponOrder	储值卡充值到账通知	custom-check			checkBoxDiv on	false	false	true	[]
ERIN000	销售明细（来自优惠券）	https://beta18.pospal.cn/CouponReport/CouponOrder	搜问题…	text	txt_helpKeyword		HCSearchIpt	false	false		[]
ERIN000	销售明细（来自优惠券）	https://beta18.pospal.cn/CouponReport/CouponOrder	请输入1000元以上金额	input			input quantity	false	false		[]
ERIN000	销售明细（来自优惠券）	https://beta18.pospal.cn/CouponReport/CouponOrder	储值卡充值到账提醒	custom-check			checkBoxDiv on	false	false	true	[]
ERIN000	销售明细（来自优惠券）	https://beta18.pospal.cn/CouponReport/CouponOrder	新会员注册-通知客户	custom-check			checkBoxDiv on	false	false	true	[]
ERIN000	销售明细（来自优惠券）	https://beta18.pospal.cn/CouponReport/CouponOrder	请输入手机号	text			smsBalanceNoticeWidget_noticeTel edit_txt	false	false		[]
ERIN000	销售明细（来自优惠券）	https://beta18.pospal.cn/CouponReport/CouponOrder	输入关键字，按回车搜索	text			searchInput	false	false		[]
ERIN000	销售明细（来自优惠券）	https://beta18.pospal.cn/CouponReport/CouponOrder	请输入名称搜索	text			searchInput	false	false		[]
ERIN000	销售明细（来自优惠券）	https://beta18.pospal.cn/CouponReport/CouponOrder	请输入门店账号，多个门店请用逗号、空格或换行分割	textarea			importSubStoreTextarea	false	false		[]
ERIN000	销售明细（来自优惠券）	https://beta18.pospal.cn/CouponReport/CouponOrder	-	div	dateTimeRangeBox		dateTimeRangeBox	true	false		[]
ERIN000	销售明细（来自优惠券）	https://beta18.pospal.cn/CouponReport/CouponOrder	-	span				true	false		[]
ERIN000	会员持卡统计（来自折扣卡）	https://beta18.pospal.cn/CustomerReport/CustomerShoppingCardReport	ERIN埃琳(总部)	custom-select	ddl_subUsers		singleSelector	true	false		[{"label":"ERIN埃琳(总部)","value":"4402557","selected":true},{"label":"001 - Mrs.HuaShi花诗肤人","value":"4402559","selected":false},{"label":"002 - erin002","value":"4402560","selected":false}]
ERIN000	会员持卡统计（来自折扣卡）	https://beta18.pospal.cn/CustomerReport/CustomerShoppingCardReport		text			textInput	false	false		[]
ERIN000	会员持卡统计（来自折扣卡）	https://beta18.pospal.cn/CustomerReport/CustomerShoppingCardReport	已选择1张	custom-select	ddl_shoppingCards		singleSelector multiple	true	false		[{"label":"会员卡","value":"4402557_1649850910975878235","selected":true}]
ERIN000	会员持卡统计（来自折扣卡）	https://beta18.pospal.cn/CustomerReport/CustomerShoppingCardReport	会员卡号/姓名/电话	text	txt_keyword		textInput placeholder	true	false		[]
ERIN000	会员持卡统计（来自折扣卡）	https://beta18.pospal.cn/CustomerReport/CustomerShoppingCardReport	查询	div	btnSerach		submitBtn	true	false		[]
ERIN000	会员持卡统计（来自折扣卡）	https://beta18.pospal.cn/CustomerReport/CustomerShoppingCardReport	首页 前一页 第 页 共1页 下一页 尾页 每页50条	div			pRight textBtn	true	false		[]
ERIN000	会员持卡统计（来自折扣卡）	https://beta18.pospal.cn/CustomerReport/CustomerShoppingCardReport	每页50条	custom-select			pageSize singleSelector	true	false		[{"label":"每页100条","value":"100","selected":false},{"label":"每页50条","value":"50","selected":true},{"label":"每页20条","value":"20","selected":false},{"label":"每页10条","value":"10","selected":false}]
ERIN000	会员持卡统计（来自折扣卡）	https://beta18.pospal.cn/CustomerReport/CustomerShoppingCardReport		textarea			textarea feedBackContent	false	false		[]
ERIN000	会员持卡统计（来自折扣卡）	https://beta18.pospal.cn/CustomerReport/CustomerShoppingCardReport	输入手机验证码	text			clean quantity txt_telVerifyCode	false	false		[]
ERIN000	会员持卡统计（来自折扣卡）	https://beta18.pospal.cn/CustomerReport/CustomerShoppingCardReport	不再提醒	custom-check			checkBoxDiv fl	false	false	false	[]
ERIN000	会员持卡统计（来自折扣卡）	https://beta18.pospal.cn/CustomerReport/CustomerShoppingCardReport	新会员注册通知	custom-check			checkBoxDiv on	false	false	true	[]
ERIN000	会员持卡统计（来自折扣卡）	https://beta18.pospal.cn/CustomerReport/CustomerShoppingCardReport	会员消费通知	custom-check			checkBoxDiv on	false	false	true	[]
ERIN000	会员持卡统计（来自折扣卡）	https://beta18.pospal.cn/CustomerReport/CustomerShoppingCardReport	网单发货通知	custom-check			checkBoxDiv on	false	false	true	[]
ERIN000	会员持卡统计（来自折扣卡）	https://beta18.pospal.cn/CustomerReport/CustomerShoppingCardReport	储值卡充值到账通知	custom-check			checkBoxDiv on	false	false	true	[]
ERIN000	会员持卡统计（来自折扣卡）	https://beta18.pospal.cn/CustomerReport/CustomerShoppingCardReport	搜问题…	text	txt_helpKeyword		HCSearchIpt	false	false		[]
ERIN000	会员持卡统计（来自折扣卡）	https://beta18.pospal.cn/CustomerReport/CustomerShoppingCardReport	请输入1000元以上金额	input			input quantity	false	false		[]
ERIN000	会员持卡统计（来自折扣卡）	https://beta18.pospal.cn/CustomerReport/CustomerShoppingCardReport	储值卡充值到账提醒	custom-check			checkBoxDiv on	false	false	true	[]
ERIN000	会员持卡统计（来自折扣卡）	https://beta18.pospal.cn/CustomerReport/CustomerShoppingCardReport	新会员注册-通知客户	custom-check			checkBoxDiv on	false	false	true	[]
ERIN000	会员持卡统计（来自折扣卡）	https://beta18.pospal.cn/CustomerReport/CustomerShoppingCardReport	请输入手机号	text			smsBalanceNoticeWidget_noticeTel edit_txt	false	false		[]
ERIN000	会员持卡统计（来自折扣卡）	https://beta18.pospal.cn/CustomerReport/CustomerShoppingCardReport	输入关键字，按回车搜索	text			searchInput	false	false		[]
ERIN000	会员持卡统计（来自折扣卡）	https://beta18.pospal.cn/CustomerReport/CustomerShoppingCardReport	请输入名称搜索	text			searchInput	false	false		[]
ERIN000	会员持卡统计（来自折扣卡）	https://beta18.pospal.cn/CustomerReport/CustomerShoppingCardReport	请输入门店账号，多个门店请用逗号、空格或换行分割	textarea			importSubStoreTextarea	false	false		[]
ERIN000	会员持卡统计（来自折扣卡）	https://beta18.pospal.cn/CustomerReport/CustomerShoppingCardReport	首页	span			first	true	false		[]
ERIN000	会员持卡统计（来自折扣卡）	https://beta18.pospal.cn/CustomerReport/CustomerShoppingCardReport	前一页	span			prev	true	false		[]
ERIN000	会员持卡统计（来自折扣卡）	https://beta18.pospal.cn/CustomerReport/CustomerShoppingCardReport	下一页	span			next	true	false		[]
ERIN000	会员持卡统计（来自折扣卡）	https://beta18.pospal.cn/CustomerReport/CustomerShoppingCardReport	尾页	span			end	true	false		[]
ERIN000	售退卡明细（来自预付卡）	https://beta18.pospal.cn/PrepaidCard/SalesRecords	导出	div			conditionLeft textBtn	true	false		[]
ERIN000	售退卡明细（来自预付卡）	https://beta18.pospal.cn/PrepaidCard/SalesRecords	导出	div	btnExport		btnBlue	true	false		[]
ERIN000	售退卡明细（来自预付卡）	https://beta18.pospal.cn/PrepaidCard/SalesRecords	- 全部门店 -	custom-select	ddl_subUsers		singleSelector	true	false		[{"label":"- 全部门店 -","value":"","selected":true},{"label":"ERIN埃琳(总部)","value":"4402557","selected":false},{"label":"001 - Mrs.HuaShi花诗肤人","value":"4402559","selected":false},{"label":"002 - erin002","value":"4402560","selected":false}]
ERIN000	售退卡明细（来自预付卡）	https://beta18.pospal.cn/PrepaidCard/SalesRecords		text			textInput	false	false		[]
ERIN000	售退卡明细（来自预付卡）	https://beta18.pospal.cn/PrepaidCard/SalesRecords	全部类型	custom-select	ddl_activateTypes		singleSelector	true	false		[{"label":"全部类型","value":"","selected":true},{"label":"售卡","value":"1","selected":false},{"label":"退卡","value":"2","selected":false}]
ERIN000	售退卡明细（来自预付卡）	https://beta18.pospal.cn/PrepaidCard/SalesRecords	开始日期	text	ui-timePicker-begin-859563		timeInput hasDatepicker	true	false		[]
ERIN000	售退卡明细（来自预付卡）	https://beta18.pospal.cn/PrepaidCard/SalesRecords	结束日期	text	ui-timePicker-end-347983		timeInput hasDatepicker	true	false		[]
ERIN000	售退卡明细（来自预付卡）	https://beta18.pospal.cn/PrepaidCard/SalesRecords		text	txt_keyword		textInput placeholder	true	false		[]
ERIN000	售退卡明细（来自预付卡）	https://beta18.pospal.cn/PrepaidCard/SalesRecords	查询	div			submitBtn	true	false		[]
ERIN000	售退卡明细（来自预付卡）	https://beta18.pospal.cn/PrepaidCard/SalesRecords	首页前一页第页共4页下一页尾页每页50条清除内容每页100条每页50条每页20条每页10条	div			pRight textBtn	false	false		[]
ERIN000	售退卡明细（来自预付卡）	https://beta18.pospal.cn/PrepaidCard/SalesRecords	每页50条	custom-select			pageSize singleSelector	false	false		[{"label":"每页100条","value":"100","selected":false},{"label":"每页50条","value":"50","selected":true},{"label":"每页20条","value":"20","selected":false},{"label":"每页10条","value":"10","selected":false}]
ERIN000	售退卡明细（来自预付卡）	https://beta18.pospal.cn/PrepaidCard/SalesRecords		textarea			textarea feedBackContent	false	false		[]
ERIN000	售退卡明细（来自预付卡）	https://beta18.pospal.cn/PrepaidCard/SalesRecords	输入手机验证码	text			clean quantity txt_telVerifyCode	false	false		[]
ERIN000	售退卡明细（来自预付卡）	https://beta18.pospal.cn/PrepaidCard/SalesRecords	不再提醒	custom-check			checkBoxDiv fl	false	false	false	[]
ERIN000	售退卡明细（来自预付卡）	https://beta18.pospal.cn/PrepaidCard/SalesRecords	新会员注册通知	custom-check			checkBoxDiv on	false	false	true	[]
ERIN000	售退卡明细（来自预付卡）	https://beta18.pospal.cn/PrepaidCard/SalesRecords	会员消费通知	custom-check			checkBoxDiv on	false	false	true	[]
ERIN000	售退卡明细（来自预付卡）	https://beta18.pospal.cn/PrepaidCard/SalesRecords	网单发货通知	custom-check			checkBoxDiv on	false	false	true	[]
ERIN000	售退卡明细（来自预付卡）	https://beta18.pospal.cn/PrepaidCard/SalesRecords	储值卡充值到账通知	custom-check			checkBoxDiv on	false	false	true	[]
ERIN000	售退卡明细（来自预付卡）	https://beta18.pospal.cn/PrepaidCard/SalesRecords	搜问题…	text	txt_helpKeyword		HCSearchIpt	false	false		[]
ERIN000	售退卡明细（来自预付卡）	https://beta18.pospal.cn/PrepaidCard/SalesRecords	请输入1000元以上金额	input			input quantity	false	false		[]
ERIN000	售退卡明细（来自预付卡）	https://beta18.pospal.cn/PrepaidCard/SalesRecords	储值卡充值到账提醒	custom-check			checkBoxDiv on	false	false	true	[]
ERIN000	售退卡明细（来自预付卡）	https://beta18.pospal.cn/PrepaidCard/SalesRecords	新会员注册-通知客户	custom-check			checkBoxDiv on	false	false	true	[]
ERIN000	售退卡明细（来自预付卡）	https://beta18.pospal.cn/PrepaidCard/SalesRecords	请输入手机号	text			smsBalanceNoticeWidget_noticeTel edit_txt	false	false		[]
ERIN000	售退卡明细（来自预付卡）	https://beta18.pospal.cn/PrepaidCard/SalesRecords	输入关键字，按回车搜索	text			searchInput	false	false		[]
ERIN000	售退卡明细（来自预付卡）	https://beta18.pospal.cn/PrepaidCard/SalesRecords	请输入名称搜索	text			searchInput	false	false		[]
ERIN000	售退卡明细（来自预付卡）	https://beta18.pospal.cn/PrepaidCard/SalesRecords	请输入门店账号，多个门店请用逗号、空格或换行分割	textarea			importSubStoreTextarea	false	false		[]
ERIN000	售退卡明细（来自预付卡）	https://beta18.pospal.cn/PrepaidCard/SalesRecords	-	div	dateTimeRangeBox		dateTimeRangeBox	true	false		[]
ERIN000	售退卡明细（来自预付卡）	https://beta18.pospal.cn/PrepaidCard/SalesRecords	-	span				true	false		[]
ERIN000	预付卡消费明细（来自预付卡）	https://beta18.pospal.cn/PrepaidCard/BalanceUsedLog	导出	div			conditionLeft textBtn	true	false		[]
ERIN000	预付卡消费明细（来自预付卡）	https://beta18.pospal.cn/PrepaidCard/BalanceUsedLog	全部门店	custom-select			singleSelector	true	false		[{"label":"全部门店","value":"","selected":true},{"label":"ERIN埃琳(总部)","value":"4402557","selected":false},{"label":"001 - Mrs.HuaShi花诗肤人","value":"4402559","selected":false},{"label":"002 - erin002","value":"4402560","selected":false}]
ERIN000	预付卡消费明细（来自预付卡）	https://beta18.pospal.cn/PrepaidCard/BalanceUsedLog		text			textInput	false	false		[]
ERIN000	预付卡消费明细（来自预付卡）	https://beta18.pospal.cn/PrepaidCard/BalanceUsedLog	全部制卡门店	custom-select			singleSelector	true	false		[{"label":"全部制卡门店","value":"","selected":true},{"label":"ERIN埃琳(总部)","value":"4402557","selected":false},{"label":"001 - Mrs.HuaShi花诗肤人","value":"4402559","selected":false},{"label":"002 - erin002","value":"4402560","selected":false}]
ERIN000	预付卡消费明细（来自预付卡）	https://beta18.pospal.cn/PrepaidCard/BalanceUsedLog	开始日期	text	ui-timePicker-begin-502676		timeInput hasDatepicker	true	false		[]
ERIN000	预付卡消费明细（来自预付卡）	https://beta18.pospal.cn/PrepaidCard/BalanceUsedLog	结束日期	text	ui-timePicker-end-861000		timeInput hasDatepicker	true	false		[]
ERIN000	预付卡消费明细（来自预付卡）	https://beta18.pospal.cn/PrepaidCard/BalanceUsedLog	单号	custom-select			merge singleSelector	true	false		[{"label":"单号","value":"0","selected":true},{"label":"卡号/名称","value":"1","selected":false}]
ERIN000	预付卡消费明细（来自预付卡）	https://beta18.pospal.cn/PrepaidCard/BalanceUsedLog	请输入单号	text			textInput merge	true	false		[]
ERIN000	预付卡消费明细（来自预付卡）	https://beta18.pospal.cn/PrepaidCard/BalanceUsedLog	查询	div			submitBtn	true	false		[]
ERIN000	预付卡消费明细（来自预付卡）	https://beta18.pospal.cn/PrepaidCard/BalanceUsedLog	消费类型	custom-check			checkBoxDiv on	false	false	true	[]
ERIN000	预付卡消费明细（来自预付卡）	https://beta18.pospal.cn/PrepaidCard/BalanceUsedLog	单据号	custom-check			checkBoxDiv on	false	false	true	[]
ERIN000	预付卡消费明细（来自预付卡）	https://beta18.pospal.cn/PrepaidCard/BalanceUsedLog	归属会员姓名	custom-check			checkBoxDiv on	false	false	true	[]
ERIN000	预付卡消费明细（来自预付卡）	https://beta18.pospal.cn/PrepaidCard/BalanceUsedLog	当前会员等级	custom-check			checkBoxDiv on	false	false	true	[]
ERIN000	预付卡消费明细（来自预付卡）	https://beta18.pospal.cn/PrepaidCard/BalanceUsedLog	当前会员来源	custom-check			checkBoxDiv on	false	false	true	[]
ERIN000	预付卡消费明细（来自预付卡）	https://beta18.pospal.cn/PrepaidCard/BalanceUsedLog	初始会员姓名	custom-check			checkBoxDiv	false	false	false	[]
ERIN000	预付卡消费明细（来自预付卡）	https://beta18.pospal.cn/PrepaidCard/BalanceUsedLog	初始绑定时间	custom-check			checkBoxDiv	false	false	false	[]
ERIN000	预付卡消费明细（来自预付卡）	https://beta18.pospal.cn/PrepaidCard/BalanceUsedLog	初始会员等级	custom-check			checkBoxDiv	false	false	false	[]
ERIN000	预付卡消费明细（来自预付卡）	https://beta18.pospal.cn/PrepaidCard/BalanceUsedLog	制卡时间	custom-check			checkBoxDiv on	false	false	true	[]
ERIN000	预付卡消费明细（来自预付卡）	https://beta18.pospal.cn/PrepaidCard/BalanceUsedLog	首页前一页第页共4页下一页尾页每页50条清除内容每页100条每页50条每页20条每页10条	div			pRight textBtn	false	false		[]
ERIN000	预付卡消费明细（来自预付卡）	https://beta18.pospal.cn/PrepaidCard/BalanceUsedLog	每页50条	custom-select			pageSize singleSelector	false	false		[{"label":"每页100条","value":"100","selected":false},{"label":"每页50条","value":"50","selected":true},{"label":"每页20条","value":"20","selected":false},{"label":"每页10条","value":"10","selected":false}]
ERIN000	预付卡消费明细（来自预付卡）	https://beta18.pospal.cn/PrepaidCard/BalanceUsedLog		textarea			textarea feedBackContent	false	false		[]
ERIN000	预付卡消费明细（来自预付卡）	https://beta18.pospal.cn/PrepaidCard/BalanceUsedLog	输入手机验证码	text			clean quantity txt_telVerifyCode	false	false		[]
ERIN000	预付卡消费明细（来自预付卡）	https://beta18.pospal.cn/PrepaidCard/BalanceUsedLog	不再提醒	custom-check			checkBoxDiv fl	false	false	false	[]
ERIN000	预付卡消费明细（来自预付卡）	https://beta18.pospal.cn/PrepaidCard/BalanceUsedLog	新会员注册通知	custom-check			checkBoxDiv on	false	false	true	[]
ERIN000	预付卡消费明细（来自预付卡）	https://beta18.pospal.cn/PrepaidCard/BalanceUsedLog	会员消费通知	custom-check			checkBoxDiv on	false	false	true	[]
ERIN000	预付卡消费明细（来自预付卡）	https://beta18.pospal.cn/PrepaidCard/BalanceUsedLog	网单发货通知	custom-check			checkBoxDiv on	false	false	true	[]
ERIN000	预付卡消费明细（来自预付卡）	https://beta18.pospal.cn/PrepaidCard/BalanceUsedLog	储值卡充值到账通知	custom-check			checkBoxDiv on	false	false	true	[]
ERIN000	预付卡消费明细（来自预付卡）	https://beta18.pospal.cn/PrepaidCard/BalanceUsedLog	搜问题…	text	txt_helpKeyword		HCSearchIpt	false	false		[]
ERIN000	预付卡消费明细（来自预付卡）	https://beta18.pospal.cn/PrepaidCard/BalanceUsedLog	请输入1000元以上金额	input			input quantity	false	false		[]
ERIN000	预付卡消费明细（来自预付卡）	https://beta18.pospal.cn/PrepaidCard/BalanceUsedLog	储值卡充值到账提醒	custom-check			checkBoxDiv on	false	false	true	[]
ERIN000	预付卡消费明细（来自预付卡）	https://beta18.pospal.cn/PrepaidCard/BalanceUsedLog	新会员注册-通知客户	custom-check			checkBoxDiv on	false	false	true	[]
ERIN000	预付卡消费明细（来自预付卡）	https://beta18.pospal.cn/PrepaidCard/BalanceUsedLog	请输入手机号	text			smsBalanceNoticeWidget_noticeTel edit_txt	false	false		[]
ERIN000	预付卡消费明细（来自预付卡）	https://beta18.pospal.cn/PrepaidCard/BalanceUsedLog	输入关键字，按回车搜索	text			searchInput	false	false		[]
ERIN000	预付卡消费明细（来自预付卡）	https://beta18.pospal.cn/PrepaidCard/BalanceUsedLog	请输入名称搜索	text			searchInput	false	false		[]
ERIN000	预付卡消费明细（来自预付卡）	https://beta18.pospal.cn/PrepaidCard/BalanceUsedLog	请输入门店账号，多个门店请用逗号、空格或换行分割	textarea			importSubStoreTextarea	false	false		[]
ERIN000	预付卡消费明细（来自预付卡）	https://beta18.pospal.cn/PrepaidCard/BalanceUsedLog	-	div			dateTimeRangeBox	true	false		[]
ERIN000	预付卡消费明细（来自预付卡）	https://beta18.pospal.cn/PrepaidCard/BalanceUsedLog	-	span				true	false		[]
ERIN000	门店统计（来自预付卡）	https://beta18.pospal.cn/PrepaidCard/StorePrepaidCardSummary	导出	div			conditionLeft textBtn	true	false		[]
ERIN000	门店统计（来自预付卡）	https://beta18.pospal.cn/PrepaidCard/StorePrepaidCardSummary	导出	div	btnExport		btnBlue	true	false		[]
ERIN000	门店统计（来自预付卡）	https://beta18.pospal.cn/PrepaidCard/StorePrepaidCardSummary	开始日期	text	ui-timePicker-begin-489289		timeInput hasDatepicker	true	false		[]
ERIN000	门店统计（来自预付卡）	https://beta18.pospal.cn/PrepaidCard/StorePrepaidCardSummary	结束日期	text	ui-timePicker-end-970263		timeInput hasDatepicker	true	false		[]
ERIN000	门店统计（来自预付卡）	https://beta18.pospal.cn/PrepaidCard/StorePrepaidCardSummary	查询	div			submitBtn	true	false		[]
ERIN000	门店统计（来自预付卡）	https://beta18.pospal.cn/PrepaidCard/StorePrepaidCardSummary		text			edit_txt phone	false	false		[]
ERIN000	门店统计（来自预付卡）	https://beta18.pospal.cn/PrepaidCard/StorePrepaidCardSummary		textarea			textarea feedBackContent	false	false		[]
ERIN000	门店统计（来自预付卡）	https://beta18.pospal.cn/PrepaidCard/StorePrepaidCardSummary	输入手机验证码	text			clean quantity txt_telVerifyCode	false	false		[]
ERIN000	门店统计（来自预付卡）	https://beta18.pospal.cn/PrepaidCard/StorePrepaidCardSummary	不再提醒	custom-check			checkBoxDiv fl	false	false	false	[]
ERIN000	门店统计（来自预付卡）	https://beta18.pospal.cn/PrepaidCard/StorePrepaidCardSummary	新会员注册通知	custom-check			checkBoxDiv on	false	false	true	[]
ERIN000	门店统计（来自预付卡）	https://beta18.pospal.cn/PrepaidCard/StorePrepaidCardSummary	会员消费通知	custom-check			checkBoxDiv on	false	false	true	[]
ERIN000	门店统计（来自预付卡）	https://beta18.pospal.cn/PrepaidCard/StorePrepaidCardSummary	网单发货通知	custom-check			checkBoxDiv on	false	false	true	[]
ERIN000	门店统计（来自预付卡）	https://beta18.pospal.cn/PrepaidCard/StorePrepaidCardSummary	储值卡充值到账通知	custom-check			checkBoxDiv on	false	false	true	[]
ERIN000	门店统计（来自预付卡）	https://beta18.pospal.cn/PrepaidCard/StorePrepaidCardSummary	搜问题…	text	txt_helpKeyword		HCSearchIpt	false	false		[]
ERIN000	门店统计（来自预付卡）	https://beta18.pospal.cn/PrepaidCard/StorePrepaidCardSummary	请输入1000元以上金额	input			input quantity	false	false		[]
ERIN000	门店统计（来自预付卡）	https://beta18.pospal.cn/PrepaidCard/StorePrepaidCardSummary	储值卡充值到账提醒	custom-check			checkBoxDiv on	false	false	true	[]
ERIN000	门店统计（来自预付卡）	https://beta18.pospal.cn/PrepaidCard/StorePrepaidCardSummary	新会员注册-通知客户	custom-check			checkBoxDiv on	false	false	true	[]
ERIN000	门店统计（来自预付卡）	https://beta18.pospal.cn/PrepaidCard/StorePrepaidCardSummary	请输入手机号	text			smsBalanceNoticeWidget_noticeTel edit_txt	false	false		[]
ERIN000	门店统计（来自预付卡）	https://beta18.pospal.cn/PrepaidCard/StorePrepaidCardSummary	输入关键字，按回车搜索	text			searchInput	false	false		[]
ERIN000	门店统计（来自预付卡）	https://beta18.pospal.cn/PrepaidCard/StorePrepaidCardSummary	请输入名称搜索	text			searchInput	false	false		[]
ERIN000	门店统计（来自预付卡）	https://beta18.pospal.cn/PrepaidCard/StorePrepaidCardSummary	请输入门店账号，多个门店请用逗号、空格或换行分割	textarea			importSubStoreTextarea	false	false		[]
ERIN000	门店统计（来自预付卡）	https://beta18.pospal.cn/PrepaidCard/StorePrepaidCardSummary	-	div	dateTimeRangeBox		dateTimeRangeBox	true	false		[]
ERIN000	门店统计（来自预付卡）	https://beta18.pospal.cn/PrepaidCard/StorePrepaidCardSummary	-	span				true	false		[]
ERIN000	绑定记录（来自预付卡）	https://beta18.pospal.cn/PrepaidCard/BindLogList	开始日期	text	ui-timePicker-begin-563268		timeInput hasDatepicker	true	false		[]
ERIN000	绑定记录（来自预付卡）	https://beta18.pospal.cn/PrepaidCard/BindLogList	结束日期	text	ui-timePicker-end-512840		timeInput hasDatepicker	true	false		[]
ERIN000	绑定记录（来自预付卡）	https://beta18.pospal.cn/PrepaidCard/BindLogList	按操作会员	custom-select	ddl_keywordType		merge singleSelector	true	false		[{"label":"按操作会员","value":"1","selected":true},{"label":"按卡号","value":"2","selected":false},{"label":"按操作/变更会员","value":"3","selected":false}]
ERIN000	绑定记录（来自预付卡）	https://beta18.pospal.cn/PrepaidCard/BindLogList		text			textInput	false	false		[]
ERIN000	绑定记录（来自预付卡）	https://beta18.pospal.cn/PrepaidCard/BindLogList	持卡会员号/会员姓名	text	txt_keyword		textInput placeholder	true	false		[]
ERIN000	绑定记录（来自预付卡）	https://beta18.pospal.cn/PrepaidCard/BindLogList	查询	div			submitBtn	true	false		[]
ERIN000	绑定记录（来自预付卡）	https://beta18.pospal.cn/PrepaidCard/BindLogList	首页前一页第页共4页下一页尾页每页50条清除内容每页100条每页50条每页20条每页10条	div			pRight textBtn	false	false		[]
ERIN000	绑定记录（来自预付卡）	https://beta18.pospal.cn/PrepaidCard/BindLogList	每页50条	custom-select			pageSize singleSelector	false	false		[{"label":"每页100条","value":"100","selected":false},{"label":"每页50条","value":"50","selected":true},{"label":"每页20条","value":"20","selected":false},{"label":"每页10条","value":"10","selected":false}]
ERIN000	绑定记录（来自预付卡）	https://beta18.pospal.cn/PrepaidCard/BindLogList		textarea			textarea feedBackContent	false	false		[]
ERIN000	绑定记录（来自预付卡）	https://beta18.pospal.cn/PrepaidCard/BindLogList	输入手机验证码	text			clean quantity txt_telVerifyCode	false	false		[]
ERIN000	绑定记录（来自预付卡）	https://beta18.pospal.cn/PrepaidCard/BindLogList	不再提醒	custom-check			checkBoxDiv fl	false	false	false	[]
ERIN000	绑定记录（来自预付卡）	https://beta18.pospal.cn/PrepaidCard/BindLogList	新会员注册通知	custom-check			checkBoxDiv on	false	false	true	[]
ERIN000	绑定记录（来自预付卡）	https://beta18.pospal.cn/PrepaidCard/BindLogList	会员消费通知	custom-check			checkBoxDiv on	false	false	true	[]
ERIN000	绑定记录（来自预付卡）	https://beta18.pospal.cn/PrepaidCard/BindLogList	网单发货通知	custom-check			checkBoxDiv on	false	false	true	[]
ERIN000	绑定记录（来自预付卡）	https://beta18.pospal.cn/PrepaidCard/BindLogList	储值卡充值到账通知	custom-check			checkBoxDiv on	false	false	true	[]
ERIN000	绑定记录（来自预付卡）	https://beta18.pospal.cn/PrepaidCard/BindLogList	搜问题…	text	txt_helpKeyword		HCSearchIpt	false	false		[]
ERIN000	绑定记录（来自预付卡）	https://beta18.pospal.cn/PrepaidCard/BindLogList	请输入1000元以上金额	input			input quantity	false	false		[]
ERIN000	绑定记录（来自预付卡）	https://beta18.pospal.cn/PrepaidCard/BindLogList	储值卡充值到账提醒	custom-check			checkBoxDiv on	false	false	true	[]
ERIN000	绑定记录（来自预付卡）	https://beta18.pospal.cn/PrepaidCard/BindLogList	新会员注册-通知客户	custom-check			checkBoxDiv on	false	false	true	[]
ERIN000	绑定记录（来自预付卡）	https://beta18.pospal.cn/PrepaidCard/BindLogList	请输入手机号	text			smsBalanceNoticeWidget_noticeTel edit_txt	false	false		[]
ERIN000	绑定记录（来自预付卡）	https://beta18.pospal.cn/PrepaidCard/BindLogList	输入关键字，按回车搜索	text			searchInput	false	false		[]
ERIN000	绑定记录（来自预付卡）	https://beta18.pospal.cn/PrepaidCard/BindLogList	请输入名称搜索	text			searchInput	false	false		[]
ERIN000	绑定记录（来自预付卡）	https://beta18.pospal.cn/PrepaidCard/BindLogList	请输入门店账号，多个门店请用逗号、空格或换行分割	textarea			importSubStoreTextarea	false	false		[]
ERIN000	绑定记录（来自预付卡）	https://beta18.pospal.cn/PrepaidCard/BindLogList	操作时间 -	div	dateTimeRangeBox		dateTimeRangeBox	true	false		[]
ERIN000	绑定记录（来自预付卡）	https://beta18.pospal.cn/PrepaidCard/BindLogList	操作时间	div			boxTitle	true	false		[]
ERIN000	绑定记录（来自预付卡）	https://beta18.pospal.cn/PrepaidCard/BindLogList	-	span				true	false		[]
ERIN000	销售明细（来自礼品包）	https://beta18.pospal.cn/GiftPackage/SellInfoItem	导出 显示单据明细	div			conditionLeft textBtn	true	false		[]
ERIN000	销售明细（来自礼品包）	https://beta18.pospal.cn/GiftPackage/SellInfoItem	导出	div			btnBlue	true	false		[]
ERIN000	销售明细（来自礼品包）	https://beta18.pospal.cn/GiftPackage/SellInfoItem	显示单据明细	custom-check	rb_showItem		radioBox	true	false	false	[]
ERIN000	销售明细（来自礼品包）	https://beta18.pospal.cn/GiftPackage/SellInfoItem	全部门店	custom-select			singleSelector	true	false		[{"label":"全部门店","value":"","selected":true},{"label":"ERIN埃琳(总部)","value":"4402557","selected":false},{"label":"001 - Mrs.HuaShi花诗肤人","value":"4402559","selected":false},{"label":"002 - erin002","value":"4402560","selected":false}]
ERIN000	销售明细（来自礼品包）	https://beta18.pospal.cn/GiftPackage/SellInfoItem		text			textInput	false	false		[]
ERIN000	销售明细（来自礼品包）	https://beta18.pospal.cn/GiftPackage/SellInfoItem	全部礼品包	custom-select			singleSelector	false	false		[{"label":"全部礼品包","value":"","selected":true}]
ERIN000	销售明细（来自礼品包）	https://beta18.pospal.cn/GiftPackage/SellInfoItem	有效单据	custom-select			singleSelector	true	false		[{"label":"有效单据","value":"1","selected":true},{"label":"反结账单据","value":"-1","selected":false}]
ERIN000	销售明细（来自礼品包）	https://beta18.pospal.cn/GiftPackage/SellInfoItem	购买时间	custom-select	dateTimeTypeFilter		singleSelector	false	false		[{"label":"购买时间","value":"1","selected":true},{"label":"反结账时间","value":"2","selected":false}]
ERIN000	销售明细（来自礼品包）	https://beta18.pospal.cn/GiftPackage/SellInfoItem	开始日期	text	ui-timePicker-begin-285551		timeInput hasDatepicker	true	false		[]
ERIN000	销售明细（来自礼品包）	https://beta18.pospal.cn/GiftPackage/SellInfoItem	结束日期	text	ui-timePicker-end-114094		timeInput hasDatepicker	true	false		[]
ERIN000	销售明细（来自礼品包）	https://beta18.pospal.cn/GiftPackage/SellInfoItem	会员卡号/姓名/电话	text			textInput	true	false		[]
ERIN000	销售明细（来自礼品包）	https://beta18.pospal.cn/GiftPackage/SellInfoItem	查询	div			submitBtn	true	false		[]
ERIN000	销售明细（来自礼品包）	https://beta18.pospal.cn/GiftPackage/SellInfoItem	会员姓名	custom-check			checkBoxDiv on	false	false	true	[]
ERIN000	销售明细（来自礼品包）	https://beta18.pospal.cn/GiftPackage/SellInfoItem	手机号	custom-check			checkBoxDiv on	false	false	true	[]
ERIN000	销售明细（来自礼品包）	https://beta18.pospal.cn/GiftPackage/SellInfoItem	会员卡号	custom-check			checkBoxDiv on	false	false	true	[]
ERIN000	销售明细（来自礼品包）	https://beta18.pospal.cn/GiftPackage/SellInfoItem	导购员	custom-check			checkBoxDiv on	false	false	true	[]
ERIN000	销售明细（来自礼品包）	https://beta18.pospal.cn/GiftPackage/SellInfoItem	收银员	custom-check			checkBoxDiv	false	false	false	[]
ERIN000	销售明细（来自礼品包）	https://beta18.pospal.cn/GiftPackage/SellInfoItem	单据类型	custom-check			checkBoxDiv on	false	false	true	[]
ERIN000	销售明细（来自礼品包）	https://beta18.pospal.cn/GiftPackage/SellInfoItem	成交金额	custom-check			checkBoxDiv on	false	false	true	[]
ERIN000	销售明细（来自礼品包）	https://beta18.pospal.cn/GiftPackage/SellInfoItem	支付方式	custom-check			checkBoxDiv on	false	false	true	[]
ERIN000	销售明细（来自礼品包）	https://beta18.pospal.cn/GiftPackage/SellInfoItem	首页前一页第页共4页下一页尾页每页50条清除内容每页100条每页50条每页20条每页10条	div			pRight textBtn	false	false		[]
ERIN000	销售明细（来自礼品包）	https://beta18.pospal.cn/GiftPackage/SellInfoItem	每页50条	custom-select			pageSize singleSelector	false	false		[{"label":"每页100条","value":"100","selected":false},{"label":"每页50条","value":"50","selected":true},{"label":"每页20条","value":"20","selected":false},{"label":"每页10条","value":"10","selected":false}]
ERIN000	销售明细（来自礼品包）	https://beta18.pospal.cn/GiftPackage/SellInfoItem		textarea			textarea feedBackContent	false	false		[]
ERIN000	销售明细（来自礼品包）	https://beta18.pospal.cn/GiftPackage/SellInfoItem	输入手机验证码	text			clean quantity txt_telVerifyCode	false	false		[]
ERIN000	销售明细（来自礼品包）	https://beta18.pospal.cn/GiftPackage/SellInfoItem	不再提醒	custom-check			checkBoxDiv fl	false	false	false	[]
ERIN000	销售明细（来自礼品包）	https://beta18.pospal.cn/GiftPackage/SellInfoItem	新会员注册通知	custom-check			checkBoxDiv on	false	false	true	[]
ERIN000	销售明细（来自礼品包）	https://beta18.pospal.cn/GiftPackage/SellInfoItem	会员消费通知	custom-check			checkBoxDiv on	false	false	true	[]
ERIN000	销售明细（来自礼品包）	https://beta18.pospal.cn/GiftPackage/SellInfoItem	网单发货通知	custom-check			checkBoxDiv on	false	false	true	[]
ERIN000	销售明细（来自礼品包）	https://beta18.pospal.cn/GiftPackage/SellInfoItem	储值卡充值到账通知	custom-check			checkBoxDiv on	false	false	true	[]
ERIN000	销售明细（来自礼品包）	https://beta18.pospal.cn/GiftPackage/SellInfoItem	搜问题…	text	txt_helpKeyword		HCSearchIpt	false	false		[]
ERIN000	销售明细（来自礼品包）	https://beta18.pospal.cn/GiftPackage/SellInfoItem	请输入1000元以上金额	input			input quantity	false	false		[]
ERIN000	销售明细（来自礼品包）	https://beta18.pospal.cn/GiftPackage/SellInfoItem	储值卡充值到账提醒	custom-check			checkBoxDiv on	false	false	true	[]
ERIN000	销售明细（来自礼品包）	https://beta18.pospal.cn/GiftPackage/SellInfoItem	新会员注册-通知客户	custom-check			checkBoxDiv on	false	false	true	[]
ERIN000	销售明细（来自礼品包）	https://beta18.pospal.cn/GiftPackage/SellInfoItem	请输入手机号	text			smsBalanceNoticeWidget_noticeTel edit_txt	false	false		[]
ERIN000	销售明细（来自礼品包）	https://beta18.pospal.cn/GiftPackage/SellInfoItem	输入关键字，按回车搜索	text			searchInput	false	false		[]
ERIN000	销售明细（来自礼品包）	https://beta18.pospal.cn/GiftPackage/SellInfoItem	请输入名称搜索	text			searchInput	false	false		[]
ERIN000	销售明细（来自礼品包）	https://beta18.pospal.cn/GiftPackage/SellInfoItem	请输入门店账号，多个门店请用逗号、空格或换行分割	textarea			importSubStoreTextarea	false	false		[]
ERIN000	销售明细（来自礼品包）	https://beta18.pospal.cn/GiftPackage/SellInfoItem	-	div			dateTimeRangeBox	true	false		[]
ERIN000	销售明细（来自礼品包）	https://beta18.pospal.cn/GiftPackage/SellInfoItem	-	span				true	false		[]
ERIN000	角色管理（来自员工资料）	https://beta18.pospal.cn/Employee/Role	新增角色 复制到..	div			conditionLeft textBtn	true	false		[]
ERIN000	角色管理（来自员工资料）	https://beta18.pospal.cn/Employee/Role	新增角色	div	btnAddRole		btnBlue	true	false		[]
ERIN000	角色管理（来自员工资料）	https://beta18.pospal.cn/Employee/Role	复制到..	div	btnCopy		btnBlue	true	false		[]
ERIN000	角色管理（来自员工资料）	https://beta18.pospal.cn/Employee/Role	ERIN埃琳(总部)	custom-select	ddl_subUsers		singleSelector	true	false		[{"label":"ERIN埃琳(总部)","value":"4402557","selected":true},{"label":"001 - Mrs.HuaShi花诗肤人","value":"4402559","selected":false},{"label":"002 - erin002","value":"4402560","selected":false}]
ERIN000	角色管理（来自员工资料）	https://beta18.pospal.cn/Employee/Role		text			textInput	false	false		[]
ERIN000	角色管理（来自员工资料）	https://beta18.pospal.cn/Employee/Role	是否启用	label				false	false		[]
ERIN000	角色管理（来自员工资料）	https://beta18.pospal.cn/Employee/Role	启用禁用	custom-switch	edit_sb_enable		swicth	false	false	true	[]
ERIN000	角色管理（来自员工资料）	https://beta18.pospal.cn/Employee/Role	角色名称:	label				false	false		[]
ERIN000	角色管理（来自员工资料）	https://beta18.pospal.cn/Employee/Role	角色名称: / 编号:	text	edit_name		edit_txt	false	false		[]
ERIN000	角色管理（来自员工资料）	https://beta18.pospal.cn/Employee/Role	编号:	label				false	false		[]
ERIN000	角色管理（来自员工资料）	https://beta18.pospal.cn/Employee/Role		text	edit_number		edit_txt	false	false		[]
ERIN000	角色管理（来自员工资料）	https://beta18.pospal.cn/Employee/Role	同时更新相应收银员权限	label				false	false		[]
ERIN000	角色管理（来自员工资料）	https://beta18.pospal.cn/Employee/Role	是否	custom-switch	edit_sb_syncAuth		swicth	false	false	true	[]
ERIN000	角色管理（来自员工资料）	https://beta18.pospal.cn/Employee/Role	默认角色	label				false	false		[]
ERIN000	角色管理（来自员工资料）	https://beta18.pospal.cn/Employee/Role	是否	custom-switch	edit_sb_isDefault		swicth off	false	false	false	[]
ERIN000	角色管理（来自员工资料）	https://beta18.pospal.cn/Employee/Role	自定义支付方式权限:	label				false	false		[]
ERIN000	角色管理（来自员工资料）	https://beta18.pospal.cn/Employee/Role	全部支付方式	custom-select	ddl_customPayMethod		singleSelector multiple	false	false		[{"label":"美团","value":"101","selected":false},{"label":"POS机","value":"102","selected":false}]
ERIN000	角色管理（来自员工资料）	https://beta18.pospal.cn/Employee/Role	通用券码使用权限:	label				false	false		[]
ERIN000	角色管理（来自员工资料）	https://beta18.pospal.cn/Employee/Role	全部优惠券	custom-select	ddl_prmotionCoupons		singleSelector multiple	false	false		[]
ERIN000	角色管理（来自员工资料）	https://beta18.pospal.cn/Employee/Role	客户端登录方式:	label				false	false		[]
ERIN000	角色管理（来自员工资料）	https://beta18.pospal.cn/Employee/Role	仅密码登录	custom-select	ddl_clientLoginType		singleSelector	false	false		[{"label":"仅密码登录","value":"0","selected":true},{"label":"密码或手机号验证码登录","value":"1","selected":false},{"label":"仅手机号验证码登录","value":"2","selected":false}]
ERIN000	角色管理（来自员工资料）	https://beta18.pospal.cn/Employee/Role	（?）	a	help_allowCashier			false	false		[]
ERIN000	角色管理（来自员工资料）	https://beta18.pospal.cn/Employee/Role	（?）	a	help_marketingTicket			false	false		[]
ERIN000	角色管理（来自员工资料）	https://beta18.pospal.cn/Employee/Role		checkbox	auth_employeeMng		option	false	false	false	[]
ERIN000	角色管理（来自员工资料）	https://beta18.pospal.cn/Employee/Role		checkbox	auth_forbidDelEmployee		option	false	false	false	[]
ERIN000	角色管理（来自员工资料）	https://beta18.pospal.cn/Employee/Role		checkbox	auth_inputAmount		option	false	false	false	[]
ERIN000	角色管理（来自员工资料）	https://beta18.pospal.cn/Employee/Role		checkbox	auth_showHandoverDetail		option	false	false	false	[]
ERIN000	角色管理（来自员工资料）	https://beta18.pospal.cn/Employee/Role		checkbox	cb_itemDiscount		option	false	false	false	[]
ERIN000	角色管理（来自员工资料）	https://beta18.pospal.cn/Employee/Role		checkbox	cb_wholeTicketDiscount		option	false	false	false	[]
ERIN000	角色管理（来自员工资料）	https://beta18.pospal.cn/Employee/Role		checkbox	cb_stockFlowAllocatePrice		option	false	false	false	[]
ERIN000	角色管理（来自员工资料）	https://beta18.pospal.cn/Employee/Role		checkbox	saleTicketRefundAuth		option unselect_for_new	false	false	false	[]
ERIN000	角色管理（来自员工资料）	https://beta18.pospal.cn/Employee/Role		checkbox	noneTicketRefundAuth		option	false	false	false	[]
ERIN000	角色管理（来自员工资料）	https://beta18.pospal.cn/Employee/Role		checkbox	cb_cancelTicket		option	false	false	false	[]
ERIN000	角色管理（来自员工资料）	https://beta18.pospal.cn/Employee/Role		checkbox	auth_stockTaking		option	false	false	false	[]
ERIN000	角色管理（来自员工资料）	https://beta18.pospal.cn/Employee/Role		checkbox	auth_submitStockTaking		option	false	false	false	[]
ERIN000	角色管理（来自员工资料）	https://beta18.pospal.cn/Employee/Role		checkbox	auth_confirmStockTaking		option	false	false	false	[]
ERIN000	角色管理（来自员工资料）	https://beta18.pospal.cn/Employee/Role		checkbox	auth_showStock		option	false	false	false	[]
ERIN000	角色管理（来自员工资料）	https://beta18.pospal.cn/Employee/Role		checkbox	auth_changeToZero		option	false	false	false	[]
ERIN000	角色管理（来自员工资料）	https://beta18.pospal.cn/Employee/Role		checkbox	auth_stockTakingHistory		option	false	false	false	[]
ERIN000	角色管理（来自员工资料）	https://beta18.pospal.cn/Employee/Role		checkbox	discardNotAllowAuth		option	false	false	false	[]
ERIN000	角色管理（来自员工资料）	https://beta18.pospal.cn/Employee/Role		checkbox	requestDiscardAuth		option	false	false	false	[]
ERIN000	角色管理（来自员工资料）	https://beta18.pospal.cn/Employee/Role		checkbox	comfirmDiscardAuth		option	false	false	false	[]
ERIN000	角色管理（来自员工资料）	https://beta18.pospal.cn/Employee/Role		checkbox	auth_editProductAuth		option	false	false	false	[]
ERIN000	角色管理（来自员工资料）	https://beta18.pospal.cn/Employee/Role		checkbox	auth_editSupplierAuth		option	false	false	false	[]
ERIN000	角色管理（来自员工资料）	https://beta18.pospal.cn/Employee/Role		checkbox	auth_deleteSupplierAuth		option	false	false	false	[]
ERIN000	角色管理（来自员工资料）	https://beta18.pospal.cn/Employee/Role		checkbox	cb_stockFlowInBill		option	false	false	false	[]
ERIN000	角色管理（来自员工资料）	https://beta18.pospal.cn/Employee/Role		checkbox	cb_stockFlowIn		option	false	false	false	[]
ERIN000	角色管理（来自员工资料）	https://beta18.pospal.cn/Employee/Role		checkbox	cb_stockFlowAllocate		option	false	false	false	[]
ERIN000	角色管理（来自员工资料）	https://beta18.pospal.cn/Employee/Role		checkbox	cb_editCustomer		option	false	false	false	[]
ERIN000	角色管理（来自员工资料）	https://beta18.pospal.cn/Employee/Role		checkbox	cb_forbidEditCustomerCategory		option unselect_for_new unselect_for_all	false	false	false	[]
ERIN000	角色管理（来自员工资料）	https://beta18.pospal.cn/Employee/Role		checkbox	auth_editShoppingCardBalance		option unselect_for_new	false	false	false	[]
ERIN000	角色管理（来自员工资料）	https://beta18.pospal.cn/Employee/Role		checkbox	cb_scanRequestPrice		option	false	false	false	[]
ERIN000	角色管理（来自员工资料）	https://beta18.pospal.cn/Employee/Role		checkbox	cb_editRequestPrice		option	false	false	false	[]
ERIN000	角色管理（来自员工资料）	https://beta18.pospal.cn/Employee/Role		checkbox	cb_exportCustomer		option select_for_new	false	false	false	[]
ERIN000	角色管理（来自员工资料）	https://beta18.pospal.cn/Employee/Role	最低折扣:	label				false	false		[]
ERIN000	角色管理（来自员工资料）	https://beta18.pospal.cn/Employee/Role	最低折扣:	text	edit_lowestDiscount		edit_txt quantity	false	false		[]
ERIN000	角色管理（来自员工资料）	https://beta18.pospal.cn/Employee/Role	折让限额:	label				false	false		[]
ERIN000	角色管理（来自员工资料）	https://beta18.pospal.cn/Employee/Role	折让限额:	text	edit_lowestDiscountPrice		edit_txt quantity	false	false		[]
ERIN000	角色管理（来自员工资料）	https://beta18.pospal.cn/Employee/Role	限制单笔抹零金额上限:	label				false	false		[]
ERIN000	角色管理（来自员工资料）	https://beta18.pospal.cn/Employee/Role	限制单笔抹零金额上限:	text	edit_limitRoundingMaxAmount		edit_txt quantity	false	false		[]
ERIN000	角色管理（来自员工资料）	https://beta18.pospal.cn/Employee/Role	限制可撤销:	label				false	false		[]
ERIN000	角色管理（来自员工资料）	https://beta18.pospal.cn/Employee/Role	限制可撤销:	text	edit_cancelTicketDaysLimit		edit_txt quantity	false	false		[]
ERIN000	角色管理（来自员工资料）	https://beta18.pospal.cn/Employee/Role	开启后，可设置商品分类数据权限	label				false	false		[]
ERIN000	角色管理（来自员工资料）	https://beta18.pospal.cn/Employee/Role	开启关闭	custom-switch	edit_sb_limitProductAuth		swicth	false	false	true	[]
ERIN000	角色管理（来自员工资料）	https://beta18.pospal.cn/Employee/Role	已授权 0 个分类 去设置	label				false	false		[]
ERIN000	角色管理（来自员工资料）	https://beta18.pospal.cn/Employee/Role	我的店铺APP登录权限	label				false	false		[]
ERIN000	角色管理（来自员工资料）	https://beta18.pospal.cn/Employee/Role	开启关闭	custom-switch	edit_sb_allowMyShopLoginAuth		swicth	false	false	true	[]
ERIN000	角色管理（来自员工资料）	https://beta18.pospal.cn/Employee/Role	删除	div			btn del	false	false		[]
ERIN000	角色管理（来自员工资料）	https://beta18.pospal.cn/Employee/Role	无	custom-check	350_option_checkBoxDiv_0		checkBoxDiv	false	false	false	[]
ERIN000	角色管理（来自员工资料）	https://beta18.pospal.cn/Employee/Role	卸妆洁面	custom-check	350_option_checkBoxDiv_1622366110201787444		checkBoxDiv	false	false	false	[]
ERIN000	角色管理（来自员工资料）	https://beta18.pospal.cn/Employee/Role	养护套餐次卡	custom-check	350_option_checkBoxDiv_1779244559662142154		checkBoxDiv	false	false	false	[]
ERIN000	角色管理（来自员工资料）	https://beta18.pospal.cn/Employee/Role	水类	custom-check	350_option_checkBoxDiv_1622366110201656852		checkBoxDiv	false	false	false	[]
ERIN000	角色管理（来自员工资料）	https://beta18.pospal.cn/Employee/Role	基础养护次卡	custom-check	350_option_checkBoxDiv_1779244536604603867		checkBoxDiv	false	false	false	[]
ERIN000	角色管理（来自员工资料）	https://beta18.pospal.cn/Employee/Role	乳液类	custom-check	350_option_checkBoxDiv_1622366110201879120		checkBoxDiv	false	false	false	[]
ERIN000	角色管理（来自员工资料）	https://beta18.pospal.cn/Employee/Role	深层养护次卡	custom-check	350_option_checkBoxDiv_1779244552008816401		checkBoxDiv	false	false	false	[]
ERIN000	角色管理（来自员工资料）	https://beta18.pospal.cn/Employee/Role	精华液	custom-check	350_option_checkBoxDiv_1622366110201918667		checkBoxDiv	false	false	false	[]
ERIN000	角色管理（来自员工资料）	https://beta18.pospal.cn/Employee/Role	肤质调理次卡	custom-check	350_option_checkBoxDiv_1779244578971200080		checkBoxDiv	false	false	false	[]
ERIN000	角色管理（来自员工资料）	https://beta18.pospal.cn/Employee/Role	纯液原液	custom-check	350_option_checkBoxDiv_1622366110201603017		checkBoxDiv	false	false	false	[]
ERIN000	角色管理（来自员工资料）	https://beta18.pospal.cn/Employee/Role	苗方调理次卡	custom-check	350_option_checkBoxDiv_1708596044867640374		checkBoxDiv	false	false	false	[]
ERIN000	角色管理（来自员工资料）	https://beta18.pospal.cn/Employee/Role	面霜	custom-check	350_option_checkBoxDiv_1622366110201951648		checkBoxDiv	false	false	false	[]
ERIN000	角色管理（来自员工资料）	https://beta18.pospal.cn/Employee/Role	身体养护次卡	custom-check	350_option_checkBoxDiv_1779244679582401737		checkBoxDiv	false	false	false	[]
ERIN000	角色管理（来自员工资料）	https://beta18.pospal.cn/Employee/Role	面膜类	custom-check	350_option_checkBoxDiv_1622366110201468600		checkBoxDiv	false	false	false	[]
ERIN000	角色管理（来自员工资料）	https://beta18.pospal.cn/Employee/Role	DPL脱毛疗程	custom-check	350_option_checkBoxDiv_1735898236282441961		checkBoxDiv	false	false	false	[]
ERIN000	角色管理（来自员工资料）	https://beta18.pospal.cn/Employee/Role	其他	custom-check	350_option_checkBoxDiv_1622366110201935999		checkBoxDiv	false	false	false	[]
ERIN000	角色管理（来自员工资料）	https://beta18.pospal.cn/Employee/Role	深层疗肤次卡	custom-check	350_option_checkBoxDiv_1779244665511938118		checkBoxDiv	false	false	false	[]
ERIN000	角色管理（来自员工资料）	https://beta18.pospal.cn/Employee/Role	面部套盒	custom-check	350_option_checkBoxDiv_1630326352164538105		checkBoxDiv	false	false	false	[]
ERIN000	角色管理（来自员工资料）	https://beta18.pospal.cn/Employee/Role	历史卡项	custom-check	350_option_checkBoxDiv_1735894490221823890		checkBoxDiv	false	false	false	[]
ERIN000	角色管理（来自员工资料）	https://beta18.pospal.cn/Employee/Role	身体套盒	custom-check	350_option_checkBoxDiv_1630322255767593456		checkBoxDiv	false	false	false	[]
ERIN000	角色管理（来自员工资料）	https://beta18.pospal.cn/Employee/Role	院用消耗	custom-check	350_option_checkBoxDiv_1623544791996298963		checkBoxDiv	false	false	false	[]
ERIN000	角色管理（来自员工资料）	https://beta18.pospal.cn/Employee/Role	礼品	custom-check	350_option_checkBoxDiv_1638004128236515854		checkBoxDiv	false	false	false	[]
ERIN000	角色管理（来自员工资料）	https://beta18.pospal.cn/Employee/Role	苗方调理	custom-check	350_option_checkBoxDiv_1708595411221691850		checkBoxDiv	false	false	false	[]
ERIN000	角色管理（来自员工资料）	https://beta18.pospal.cn/Employee/Role	DPL冰点无痛脱毛	custom-check	350_option_checkBoxDiv_1735889664984956581		checkBoxDiv	false	false	false	[]
ERIN000	角色管理（来自员工资料）	https://beta18.pospal.cn/Employee/Role	历史项目	custom-check	350_option_checkBoxDiv_1735895126767999772		checkBoxDiv	false	false	false	[]
ERIN000	角色管理（来自员工资料）	https://beta18.pospal.cn/Employee/Role	历史产品	custom-check	350_option_checkBoxDiv_1735901465701590916		checkBoxDiv	false	false	false	[]
ERIN000	角色管理（来自员工资料）	https://beta18.pospal.cn/Employee/Role	基础养护	custom-check	350_option_checkBoxDiv_1779244896628309560		checkBoxDiv	false	false	false	[]
ERIN000	角色管理（来自员工资料）	https://beta18.pospal.cn/Employee/Role	深层养护	custom-check	350_option_checkBoxDiv_1779244905308934257		checkBoxDiv	false	false	false	[]
ERIN000	角色管理（来自员工资料）	https://beta18.pospal.cn/Employee/Role	肤质调理	custom-check	350_option_checkBoxDiv_1779244911724161478		checkBoxDiv	false	false	false	[]
ERIN000	角色管理（来自员工资料）	https://beta18.pospal.cn/Employee/Role	深层疗肤	custom-check	350_option_checkBoxDiv_1779244925423145537		checkBoxDiv	false	false	false	[]
ERIN000	角色管理（来自员工资料）	https://beta18.pospal.cn/Employee/Role	身体养护	custom-check	350_option_checkBoxDiv_1779244941470574268		checkBoxDiv	false	false	false	[]
ERIN000	角色管理（来自员工资料）	https://beta18.pospal.cn/Employee/Role	养护套餐	custom-check	350_option_checkBoxDiv_1780282819961840614		checkBoxDiv	false	false	false	[]
ERIN000	角色管理（来自员工资料）	https://beta18.pospal.cn/Employee/Role	确认	div			btnBlue14 confirm	false	false		[]
ERIN000	角色管理（来自员工资料）	https://beta18.pospal.cn/Employee/Role	已选 0 个分类	custom-check			checkBoxDiv	false	false	false	[]
ERIN000	角色管理（来自员工资料）	https://beta18.pospal.cn/Employee/Role		custom-check			roleCheckBoxAll checkBoxDiv all checkBoxDivN	false	false	false	[]
ERIN000	角色管理（来自员工资料）	https://beta18.pospal.cn/Employee/Role		textarea			textarea feedBackContent	false	false		[]
ERIN000	角色管理（来自员工资料）	https://beta18.pospal.cn/Employee/Role	输入手机验证码	text			clean quantity txt_telVerifyCode	false	false		[]
ERIN000	角色管理（来自员工资料）	https://beta18.pospal.cn/Employee/Role	不再提醒	custom-check			checkBoxDiv fl	false	false	false	[]
ERIN000	角色管理（来自员工资料）	https://beta18.pospal.cn/Employee/Role	新会员注册通知	custom-check			checkBoxDiv on	false	false	true	[]
ERIN000	角色管理（来自员工资料）	https://beta18.pospal.cn/Employee/Role	会员消费通知	custom-check			checkBoxDiv on	false	false	true	[]
ERIN000	角色管理（来自员工资料）	https://beta18.pospal.cn/Employee/Role	网单发货通知	custom-check			checkBoxDiv on	false	false	true	[]
ERIN000	角色管理（来自员工资料）	https://beta18.pospal.cn/Employee/Role	储值卡充值到账通知	custom-check			checkBoxDiv on	false	false	true	[]
ERIN000	角色管理（来自员工资料）	https://beta18.pospal.cn/Employee/Role	搜问题…	text	txt_helpKeyword		HCSearchIpt	false	false		[]
ERIN000	角色管理（来自员工资料）	https://beta18.pospal.cn/Employee/Role	请输入1000元以上金额	input			input quantity	false	false		[]
ERIN000	角色管理（来自员工资料）	https://beta18.pospal.cn/Employee/Role	储值卡充值到账提醒	custom-check			checkBoxDiv on	false	false	true	[]
ERIN000	角色管理（来自员工资料）	https://beta18.pospal.cn/Employee/Role	新会员注册-通知客户	custom-check			checkBoxDiv on	false	false	true	[]
ERIN000	角色管理（来自员工资料）	https://beta18.pospal.cn/Employee/Role	请输入手机号	text			smsBalanceNoticeWidget_noticeTel edit_txt	false	false		[]
ERIN000	角色管理（来自员工资料）	https://beta18.pospal.cn/Employee/Role	输入关键字，按回车搜索	text			searchInput	false	false		[]
ERIN000	角色管理（来自员工资料）	https://beta18.pospal.cn/Employee/Role	请输入名称搜索	text			searchInput	false	false		[]
ERIN000	角色管理（来自员工资料）	https://beta18.pospal.cn/Employee/Role	请输入门店账号，多个门店请用逗号、空格或换行分割	textarea			importSubStoreTextarea	false	false		[]
ERIN000	去设置（来自配送管理）	https://beta18.pospal.cn/Eshop/Product	导出	span			btnExport btnBlue	true	false		[]
ERIN000	去设置（来自配送管理）	https://beta18.pospal.cn/Eshop/Product	导入售价	span			btnImport	true	false		[]
ERIN000	去设置（来自配送管理）	https://beta18.pospal.cn/Eshop/Product	同步到...	span			btnCopy	true	false		[]
ERIN000	去设置（来自配送管理）	https://beta18.pospal.cn/Eshop/Product	合并多规格商品	custom-check	groupRadioBox		radioBox radioBoxOn	false	false	false	[]
ERIN000	去设置（来自配送管理）	https://beta18.pospal.cn/Eshop/Product	ERIN埃琳(总部)	custom-select	ddl_subUsers		singleSelector	true	false		[{"label":"ERIN埃琳(总部)","value":"4402557","selected":true},{"label":"001 - Mrs.HuaShi花诗肤人","value":"4402559","selected":false},{"label":"002 - erin002","value":"4402560","selected":false}]
ERIN000	去设置（来自配送管理）	https://beta18.pospal.cn/Eshop/Product		text			textInput	false	false		[]
ERIN000	去设置（来自配送管理）	https://beta18.pospal.cn/Eshop/Product	显示与隐藏	custom-select	ddl_visible		singleSelector	true	false		[{"label":"显示与隐藏","value":"","selected":true},{"label":"隐藏商品","value":"1","selected":false},{"label":"显示商品","value":"0","selected":false}]
ERIN000	去设置（来自配送管理）	https://beta18.pospal.cn/Eshop/Product	全部分类	custom-select	ddl_category		singleSelector	true	false		[{"label":"全部分类","value":"","selected":true},{"label":"产品","value":"-10000","selected":false},{"label":"卸妆洁面","value":"1622366110201787444","selected":false},{"label":"水类","value":"1622366110201656852","selected":false},{"label":"乳液类","value":"1622366110201879120","selected":false},{"label":"精华液","value":"1622366110201918667","selected":false},{"label":"纯液原液","value":"1622366110201603017","selected":false},{"label":"面霜","value":"1622366110201951648","selected":false},{"label":"面膜类","value":"1622366110201468600","selected":false},{"label":"其他","value":"1622366110201935999","selected":false},{"label":"面部套盒","value":"1630326352164538105","selected":false},{"label":"身体套盒","value":"1630322255767593456","selected":false},{"label":"院用消耗","value":"1623544791996298963","selected":false},{"label":"礼品","value":"1638004128236515854","selected":false},{"label":"历史产品","value":"1735901465701590916","selected":false},{"label":"服务","value":"-10001","selected":false},{"label":"苗方调理","value":"1708595411221691850","selected":false},{"label":"DPL冰点无痛脱毛","value":"1735889664984956581","selected":false},{"label":"历史项目","value":"1735895126767999772","selected":false},{"label":"基础养护","value":"1779244896628309560","selected":false},{"label":"深层养护","value":"1779244905308934257","selected":false},{"label":"肤质调理","value":"1779244911724161478","selected":false},{"label":"深层疗肤","value":"1779244925423145537","selected":false},{"label":"身体养护","value":"1779244941470574268","selected":false},{"label":"养护套餐","value":"1780282819961840614","selected":false},{"label":"卡项","value":"-10002","selected":false},{"label":"养护套餐次卡","value":"1779244559662142154","selected":false},{"label":"基础养护次卡","value":"1779244536604603867","selected":false},{"label":"深层养护次卡","value":"1779244552008816401","selected":false},{"label":"肤质调理次卡","value":"1779244578971200080","selected":false},{"label":"苗方调理次卡","value":"1708596044867640374","selected":false},{"label":"身体养护次卡","value":"1779244679582401737","selected":false},{"label":"DPL脱毛疗程","value":"1735898236282441961","selected":false},{"label":"深层疗肤次卡","value":"1779244665511938118","selected":false},{"label":"历史卡项","value":"1735894490221823890","selected":false}]
ERIN000	去设置（来自配送管理）	https://beta18.pospal.cn/Eshop/Product	全部标签	custom-select	ddl_productTag		singleSelector	true	false		[{"label":"全部标签","value":"","selected":true},{"label":"家居产品","value":"1639965556788658307","selected":false},{"label":"门店产品","value":"1639965639055383287","selected":false}]
ERIN000	去设置（来自配送管理）	https://beta18.pospal.cn/Eshop/Product		text	txt_keyword		textInput placeholder	true	false		[]
ERIN000	去设置（来自配送管理）	https://beta18.pospal.cn/Eshop/Product	查询	div			submitBtn	true	false		[]
ERIN000	去设置（来自配送管理）	https://beta18.pospal.cn/Eshop/Product	高级搜索	div	advancedBtn		advancedBtn	true	false		[]
ERIN000	去设置（来自配送管理）	https://beta18.pospal.cn/Eshop/Product	重新搜索	div	btnAdvanceResearch		reSeachBtn	false	false		[]
ERIN000	去设置（来自配送管理）	https://beta18.pospal.cn/Eshop/Product	选择分类	custom-select	selectCategory		multiSelector	false	false		[]
ERIN000	去设置（来自配送管理）	https://beta18.pospal.cn/Eshop/Product	选择品牌	custom-select	selectedBrands		multiSelector	false	false		[]
ERIN000	去设置（来自配送管理）	https://beta18.pospal.cn/Eshop/Product	选择供应商	custom-select	selectedSuppliers		multiSelector	false	false		[]
ERIN000	去设置（来自配送管理）	https://beta18.pospal.cn/Eshop/Product		text	txt_startDatetime		txtEidt edit_txt hasDatepicker	false	false		[]
ERIN000	去设置（来自配送管理）	https://beta18.pospal.cn/Eshop/Product		text	txt_endDatetime		txtEidt edit_txt hasDatepicker	false	false		[]
ERIN000	去设置（来自配送管理）	https://beta18.pospal.cn/Eshop/Product	元	label			txt-right	false	false		[]
ERIN000	去设置（来自配送管理）	https://beta18.pospal.cn/Eshop/Product		text	minSellPrice		edit_txt edit-short	false	false		[]
ERIN000	去设置（来自配送管理）	https://beta18.pospal.cn/Eshop/Product		text	maxSellPrice		edit_txt  edit-short	false	false		[]
ERIN000	去设置（来自配送管理）	https://beta18.pospal.cn/Eshop/Product		text	minStock		edit_txt edit-short	false	false		[]
ERIN000	去设置（来自配送管理）	https://beta18.pospal.cn/Eshop/Product		text	maxStock		edit_txt  edit-short	false	false		[]
ERIN000	去设置（来自配送管理）	https://beta18.pospal.cn/Eshop/Product	输入关键字查询	text	txt_spe		edit_txt edit-search	false	false		[]
ERIN000	去设置（来自配送管理）	https://beta18.pospal.cn/Eshop/Product	搜索	div	btnAdvanceSearch		btnBlue14	false	false		[]
ERIN000	去设置（来自配送管理）	https://beta18.pospal.cn/Eshop/Product	取消	div	btnAdvanceClose		btnGrey14	false	false		[]
ERIN000	去设置（来自配送管理）	https://beta18.pospal.cn/Eshop/Product	清空条件	div	btnAdvanceClear		btnGrey14 clearBtn	false	false		[]
ERIN000	去设置（来自配送管理）	https://beta18.pospal.cn/Eshop/Product	本页全选	label				true	false		[]
ERIN000	去设置（来自配送管理）	https://beta18.pospal.cn/Eshop/Product		radio		selectedType		true	false	true	[]
ERIN000	去设置（来自配送管理）	https://beta18.pospal.cn/Eshop/Product	批量设置	div	btnShowUpateDiv		btnDark14	true	false		[]
ERIN000	去设置（来自配送管理）	https://beta18.pospal.cn/Eshop/Product	首页 前一页 第 页 共14页 下一页 尾页 每页50条	div			pRight textBtn	true	false		[]
ERIN000	去设置（来自配送管理）	https://beta18.pospal.cn/Eshop/Product	每页50条	custom-select			pageSize singleSelector	true	false		[{"label":"每页100条","value":"100","selected":false},{"label":"每页50条","value":"50","selected":true},{"label":"每页20条","value":"20","selected":false},{"label":"每页10条","value":"10","selected":false}]
ERIN000	去设置（来自配送管理）	https://beta18.pospal.cn/Eshop/Product	条码：	label			lbl_productBarcode	false	false		[]
ERIN000	去设置（来自配送管理）	https://beta18.pospal.cn/Eshop/Product	是否显示	label				false	false		[]
ERIN000	去设置（来自配送管理）	https://beta18.pospal.cn/Eshop/Product	是否	custom-switch	edit_sb_hideFromEShop		swicth	false	false	true	[]
ERIN000	去设置（来自配送管理）	https://beta18.pospal.cn/Eshop/Product	配送	custom-check	ck_hideOnTakeAway		checkBoxDiv	false	false	false	[]
ERIN000	去设置（来自配送管理）	https://beta18.pospal.cn/Eshop/Product	堂食	custom-check	ck_hideOnEatIn		checkBoxDiv	false	false	false	[]
ERIN000	去设置（来自配送管理）	https://beta18.pospal.cn/Eshop/Product	自提	custom-check	ck_hideOnSelfTake		checkBoxDiv	false	false	false	[]
ERIN000	去设置（来自配送管理）	https://beta18.pospal.cn/Eshop/Product	扫码点单	custom-check	ck_hideOnScanQRCode		checkBoxDiv	false	false	false	[]
ERIN000	去设置（来自配送管理）	https://beta18.pospal.cn/Eshop/Product	是否支持快递物流	label				false	false		[]
ERIN000	去设置（来自配送管理）	https://beta18.pospal.cn/Eshop/Product	是否	custom-switch	edit_sb_allowExpress		swicth	false	false	true	[]
ERIN000	去设置（来自配送管理）	https://beta18.pospal.cn/Eshop/Product	默认模板:	label				false	false		[]
ERIN000	去设置（来自配送管理）	https://beta18.pospal.cn/Eshop/Product	无	custom-select	ddl_shippingTemplate		singleSelector	false	false		[{"label":"无","value":"","selected":true}]
ERIN000	去设置（来自配送管理）	https://beta18.pospal.cn/Eshop/Product	创建运费模板	div			bottom btnEdit	false	false		[]
ERIN000	去设置（来自配送管理）	https://beta18.pospal.cn/Eshop/Product	网店名称:	label				false	false		[]
ERIN000	去设置（来自配送管理）	https://beta18.pospal.cn/Eshop/Product	网店名称:	text	edit_eShopDisplayName		edit_txt	false	false		[]
ERIN000	去设置（来自配送管理）	https://beta18.pospal.cn/Eshop/Product	网店规格:	label				false	false		[]
ERIN000	去设置（来自配送管理）	https://beta18.pospal.cn/Eshop/Product	网店规格:	text	edit_eShopDisplaySpec		edit_txt	false	false		[]
ERIN000	去设置（来自配送管理）	https://beta18.pospal.cn/Eshop/Product	每日限购数量:	label				false	false		[]
ERIN000	去设置（来自配送管理）	https://beta18.pospal.cn/Eshop/Product	每日限购数量:	text	edit_buylimitPerDay		edit_txt	false	false		[]
ERIN000	去设置（来自配送管理）	https://beta18.pospal.cn/Eshop/Product	每单限购数量:	label				false	false		[]
ERIN000	去设置（来自配送管理）	https://beta18.pospal.cn/Eshop/Product	每单限购数量:	text	edit_limitPerOrder		edit_txt	false	false		[]
ERIN000	去设置（来自配送管理）	https://beta18.pospal.cn/Eshop/Product	网店售价:	label				false	false		[]
ERIN000	去设置（来自配送管理）	https://beta18.pospal.cn/Eshop/Product	网店售价:	text	edit_eShopSellPrice		edit_txt	false	false		[]
ERIN000	去设置（来自配送管理）	https://beta18.pospal.cn/Eshop/Product	安全库存:	label				false	false		[]
ERIN000	去设置（来自配送管理）	https://beta18.pospal.cn/Eshop/Product		text	edit_safetyStock		edit_txt	false	false		[]
ERIN000	去设置（来自配送管理）	https://beta18.pospal.cn/Eshop/Product	外卖条码:	label				false	false		[]
ERIN000	去设置（来自配送管理）	https://beta18.pospal.cn/Eshop/Product	外卖条码:	text	edit_eShopMappingBarcode		edit_txt	false	false		[]
ERIN000	去设置（来自配送管理）	https://beta18.pospal.cn/Eshop/Product	是否开启虚拟库存：	label				false	false		[]
ERIN000	去设置（来自配送管理）	https://beta18.pospal.cn/Eshop/Product	是否	custom-switch	enableVirtualStock		swicth	false	false	true	[]
ERIN000	去设置（来自配送管理）	https://beta18.pospal.cn/Eshop/Product	虚拟库存数:	label				false	false		[]
ERIN000	去设置（来自配送管理）	https://beta18.pospal.cn/Eshop/Product	虚拟库存数:	text	virtualStock		edit_txt	false	false		[]
ERIN000	去设置（来自配送管理）	https://beta18.pospal.cn/Eshop/Product	是否跨境商品	label				false	false		[]
ERIN000	去设置（来自配送管理）	https://beta18.pospal.cn/Eshop/Product	是否	custom-switch	edit_sb_crossBorderProduct		swicth	false	false	true	[]
ERIN000	去设置（来自配送管理）	https://beta18.pospal.cn/Eshop/Product	7天无理由退换货:	label				false	false		[]
ERIN000	去设置（来自配送管理）	https://beta18.pospal.cn/Eshop/Product	无设置	custom-select	ddl_returnPolicy		singleSelector	false	false		[{"label":"无设置","value":"","selected":true},{"label":"支持","value":"1","selected":false},{"label":"不支持","value":"0","selected":false}]
ERIN000	去设置（来自配送管理）	https://beta18.pospal.cn/Eshop/Product	全选	custom-check			checkBoxDiv	false	false	false	[]
ERIN000	去设置（来自配送管理）	https://beta18.pospal.cn/Eshop/Product	产品	custom-check			checkBoxDiv	false	false	false	[]
ERIN000	去设置（来自配送管理）	https://beta18.pospal.cn/Eshop/Product	卸妆洁面	custom-check			checkBoxDiv	false	false	false	[]
ERIN000	去设置（来自配送管理）	https://beta18.pospal.cn/Eshop/Product	水类	custom-check			checkBoxDiv	false	false	false	[]
ERIN000	去设置（来自配送管理）	https://beta18.pospal.cn/Eshop/Product	乳液类	custom-check			checkBoxDiv	false	false	false	[]
ERIN000	去设置（来自配送管理）	https://beta18.pospal.cn/Eshop/Product	精华液	custom-check			checkBoxDiv	false	false	false	[]
ERIN000	去设置（来自配送管理）	https://beta18.pospal.cn/Eshop/Product	纯液原液	custom-check			checkBoxDiv	false	false	false	[]
ERIN000	去设置（来自配送管理）	https://beta18.pospal.cn/Eshop/Product	面霜	custom-check			checkBoxDiv	false	false	false	[]
ERIN000	去设置（来自配送管理）	https://beta18.pospal.cn/Eshop/Product	面膜类	custom-check			checkBoxDiv	false	false	false	[]
ERIN000	去设置（来自配送管理）	https://beta18.pospal.cn/Eshop/Product	其他	custom-check			checkBoxDiv	false	false	false	[]
ERIN000	去设置（来自配送管理）	https://beta18.pospal.cn/Eshop/Product	面部套盒	custom-check			checkBoxDiv	false	false	false	[]
ERIN000	去设置（来自配送管理）	https://beta18.pospal.cn/Eshop/Product	身体套盒	custom-check			checkBoxDiv	false	false	false	[]
ERIN000	去设置（来自配送管理）	https://beta18.pospal.cn/Eshop/Product	院用消耗	custom-check			checkBoxDiv	false	false	false	[]
ERIN000	去设置（来自配送管理）	https://beta18.pospal.cn/Eshop/Product	礼品	custom-check			checkBoxDiv	false	false	false	[]
ERIN000	去设置（来自配送管理）	https://beta18.pospal.cn/Eshop/Product	历史产品	custom-check			checkBoxDiv	false	false	false	[]
ERIN000	去设置（来自配送管理）	https://beta18.pospal.cn/Eshop/Product	服务	custom-check			checkBoxDiv	false	false	false	[]
ERIN000	去设置（来自配送管理）	https://beta18.pospal.cn/Eshop/Product	苗方调理	custom-check			checkBoxDiv	false	false	false	[]
ERIN000	去设置（来自配送管理）	https://beta18.pospal.cn/Eshop/Product	DPL冰点无痛脱毛	custom-check			checkBoxDiv	false	false	false	[]
ERIN000	去设置（来自配送管理）	https://beta18.pospal.cn/Eshop/Product	历史项目	custom-check			checkBoxDiv	false	false	false	[]
ERIN000	去设置（来自配送管理）	https://beta18.pospal.cn/Eshop/Product	基础养护	custom-check			checkBoxDiv	false	false	false	[]
ERIN000	去设置（来自配送管理）	https://beta18.pospal.cn/Eshop/Product	深层养护	custom-check			checkBoxDiv	false	false	false	[]
ERIN000	去设置（来自配送管理）	https://beta18.pospal.cn/Eshop/Product	肤质调理	custom-check			checkBoxDiv	false	false	false	[]
ERIN000	去设置（来自配送管理）	https://beta18.pospal.cn/Eshop/Product	深层疗肤	custom-check			checkBoxDiv	false	false	false	[]
ERIN000	去设置（来自配送管理）	https://beta18.pospal.cn/Eshop/Product	身体养护	custom-check			checkBoxDiv	false	false	false	[]
ERIN000	去设置（来自配送管理）	https://beta18.pospal.cn/Eshop/Product	养护套餐	custom-check			checkBoxDiv	false	false	false	[]
ERIN000	去设置（来自配送管理）	https://beta18.pospal.cn/Eshop/Product	卡项	custom-check			checkBoxDiv	false	false	false	[]
ERIN000	去设置（来自配送管理）	https://beta18.pospal.cn/Eshop/Product	养护套餐次卡	custom-check			checkBoxDiv	false	false	false	[]
ERIN000	去设置（来自配送管理）	https://beta18.pospal.cn/Eshop/Product	基础养护次卡	custom-check			checkBoxDiv	false	false	false	[]
ERIN000	去设置（来自配送管理）	https://beta18.pospal.cn/Eshop/Product	深层养护次卡	custom-check			checkBoxDiv	false	false	false	[]
ERIN000	去设置（来自配送管理）	https://beta18.pospal.cn/Eshop/Product	肤质调理次卡	custom-check			checkBoxDiv	false	false	false	[]
ERIN000	去设置（来自配送管理）	https://beta18.pospal.cn/Eshop/Product	苗方调理次卡	custom-check			checkBoxDiv	false	false	false	[]
ERIN000	去设置（来自配送管理）	https://beta18.pospal.cn/Eshop/Product	身体养护次卡	custom-check			checkBoxDiv	false	false	false	[]
ERIN000	去设置（来自配送管理）	https://beta18.pospal.cn/Eshop/Product	DPL脱毛疗程	custom-check			checkBoxDiv	false	false	false	[]
ERIN000	去设置（来自配送管理）	https://beta18.pospal.cn/Eshop/Product	深层疗肤次卡	custom-check			checkBoxDiv	false	false	false	[]
ERIN000	去设置（来自配送管理）	https://beta18.pospal.cn/Eshop/Product	历史卡项	custom-check			checkBoxDiv	false	false	false	[]
ERIN000	去设置（来自配送管理）	https://beta18.pospal.cn/Eshop/Product	无	custom-check			checkBoxDiv	false	false	false	[]
ERIN000	去设置（来自配送管理）	https://beta18.pospal.cn/Eshop/Product	珀斐莉	custom-check			checkBoxDiv	false	false	false	[]
ERIN000	去设置（来自配送管理）	https://beta18.pospal.cn/Eshop/Product	黛昂丝	custom-check			checkBoxDiv	false	false	false	[]
ERIN000	去设置（来自配送管理）	https://beta18.pospal.cn/Eshop/Product	倍扶因子	custom-check			checkBoxDiv	false	false	false	[]
ERIN000	去设置（来自配送管理）	https://beta18.pospal.cn/Eshop/Product	密斯	custom-check			checkBoxDiv	false	false	false	[]
ERIN000	去设置（来自配送管理）	https://beta18.pospal.cn/Eshop/Product	依妹儿	custom-check			checkBoxDiv	false	false	false	[]
ERIN000	去设置（来自配送管理）	https://beta18.pospal.cn/Eshop/Product	花诗爱	custom-check			checkBoxDiv	false	false	false	[]
ERIN000	去设置（来自配送管理）	https://beta18.pospal.cn/Eshop/Product	主角范	custom-check			checkBoxDiv	false	false	false	[]
ERIN000	去设置（来自配送管理）	https://beta18.pospal.cn/Eshop/Product	惠碧康	custom-check			checkBoxDiv	false	false	false	[]
ERIN000	去设置（来自配送管理）	https://beta18.pospal.cn/Eshop/Product	微肽	custom-check			checkBoxDiv	false	false	false	[]
ERIN000	去设置（来自配送管理）	https://beta18.pospal.cn/Eshop/Product	康芙美	custom-check			checkBoxDiv	false	false	false	[]
ERIN000	去设置（来自配送管理）	https://beta18.pospal.cn/Eshop/Product	DMDC	custom-check			checkBoxDiv	false	false	false	[]
ERIN000	去设置（来自配送管理）	https://beta18.pospal.cn/Eshop/Product	是否	custom-switch			edit_sb_allowExpress swicth	false	false	true	[]
ERIN000	去设置（来自配送管理）	https://beta18.pospal.cn/Eshop/Product	无	custom-select	ddl_batchShippingTemplate		singleSelector	false	false		[{"label":"无","value":"","selected":true}]
ERIN000	去设置（来自配送管理）	https://beta18.pospal.cn/Eshop/Product	是否在网店上显示	label				false	false		[]
ERIN000	去设置（来自配送管理）	https://beta18.pospal.cn/Eshop/Product	配送	custom-check			ck_hideOnTakeAway checkBoxDiv on	false	false	true	[]
ERIN000	去设置（来自配送管理）	https://beta18.pospal.cn/Eshop/Product	堂食	custom-check			ck_hideOnEatIn checkBoxDiv on	false	false	true	[]
ERIN000	去设置（来自配送管理）	https://beta18.pospal.cn/Eshop/Product	自提	custom-check			ck_hideOnSelfTake checkBoxDiv on	false	false	true	[]
ERIN000	去设置（来自配送管理）	https://beta18.pospal.cn/Eshop/Product	扫码点单	custom-check			ck_hideOnScanQRCode checkBoxDiv on	false	false	true	[]
ERIN000	去设置（来自配送管理）	https://beta18.pospal.cn/Eshop/Product	每日限购数量	label				false	false		[]
ERIN000	去设置（来自配送管理）	https://beta18.pospal.cn/Eshop/Product		text	batch_buylimitPerDay		textInput quantity	false	false		[]
ERIN000	去设置（来自配送管理）	https://beta18.pospal.cn/Eshop/Product	每单限购数量	label				false	false		[]
ERIN000	去设置（来自配送管理）	https://beta18.pospal.cn/Eshop/Product		text	batch_limitPerOrder		textInput quantity	false	false		[]
ERIN000	去设置（来自配送管理）	https://beta18.pospal.cn/Eshop/Product	是否开启虚拟库存	label				false	false		[]
ERIN000	去设置（来自配送管理）	https://beta18.pospal.cn/Eshop/Product	开启关闭	custom-switch	batch_enableVirtualStock		swicth	false	false	true	[]
ERIN000	去设置（来自配送管理）	https://beta18.pospal.cn/Eshop/Product	虚拟库存数	label				false	false		[]
ERIN000	去设置（来自配送管理）	https://beta18.pospal.cn/Eshop/Product		text	batch_virtualStock		textInput quantity	false	false		[]
ERIN000	去设置（来自配送管理）	https://beta18.pospal.cn/Eshop/Product	7天无理由退换货	label				false	false		[]
ERIN000	去设置（来自配送管理）	https://beta18.pospal.cn/Eshop/Product	无设置	custom-select	batch_returnPolicy		singleSelector	false	false		[{"label":"无设置","value":"","selected":true},{"label":"支持","value":"1","selected":false},{"label":"不支持","value":"0","selected":false}]
ERIN000	去设置（来自配送管理）	https://beta18.pospal.cn/Eshop/Product	安全库存	label				false	false		[]
ERIN000	去设置（来自配送管理）	https://beta18.pospal.cn/Eshop/Product		text	batch_safetyStock		textInput quantity	false	false		[]
ERIN000	去设置（来自配送管理）	https://beta18.pospal.cn/Eshop/Product	网店售价	custom-check			checkBoxDiv	false	false	false	[]
ERIN000	去设置（来自配送管理）	https://beta18.pospal.cn/Eshop/Product	网店条码	custom-check			checkBoxDiv	false	false	false	[]
ERIN000	去设置（来自配送管理）	https://beta18.pospal.cn/Eshop/Product	虚拟库存	custom-check			checkBoxDiv	false	false	false	[]
ERIN000	去设置（来自配送管理）	https://beta18.pospal.cn/Eshop/Product	是否显示	custom-check			checkBoxDiv	false	false	false	[]
ERIN000	去设置（来自配送管理）	https://beta18.pospal.cn/Eshop/Product	图片详情	custom-check			checkBoxDiv	false	false	false	[]
ERIN000	去设置（来自配送管理）	https://beta18.pospal.cn/Eshop/Product	网店名称	custom-check			checkBoxDiv	false	false	false	[]
ERIN000	去设置（来自配送管理）	https://beta18.pospal.cn/Eshop/Product	退换货	custom-check			checkBoxDiv	false	false	false	[]
ERIN000	去设置（来自配送管理）	https://beta18.pospal.cn/Eshop/Product	是否跨境商品	custom-check			checkBoxDiv	false	false	false	[]
ERIN000	去设置（来自配送管理）	https://beta18.pospal.cn/Eshop/Product	是否支持快递物流	custom-check			checkBoxDiv	false	false	false	[]
ERIN000	去设置（来自配送管理）	https://beta18.pospal.cn/Eshop/Product	安全库存	custom-check			checkBoxDiv	false	false	false	[]
ERIN000	去设置（来自配送管理）	https://beta18.pospal.cn/Eshop/Product	下载模板	a			operation2	false	false		[]
ERIN000	去设置（来自配送管理）	https://beta18.pospal.cn/Eshop/Product	所属门店：	label				false	false		[]
ERIN000	去设置（来自配送管理）	https://beta18.pospal.cn/Eshop/Product	ERIN埃琳(总部)	custom-select	ddl_importStore		singleSelector	false	false		[{"label":"ERIN埃琳(总部)","value":"4402557","selected":true},{"label":"001 - Mrs.HuaShi花诗肤人","value":"4402559","selected":false},{"label":"002 - erin002","value":"4402560","selected":false}]
ERIN000	去设置（来自配送管理）	https://beta18.pospal.cn/Eshop/Product		text	importFileName			false	false		[]
ERIN000	去设置（来自配送管理）	https://beta18.pospal.cn/Eshop/Product	选择文件	div	btnPickFile		fileBtn	false	false		[]
ERIN000	去设置（来自配送管理）	https://beta18.pospal.cn/Eshop/Product	导入支持格式为.xls或.xlsx的excel文件，一次导入不超过1500条记录。	textarea	importMsg		fileReport	false	false		[]
ERIN000	去设置（来自配送管理）	https://beta18.pospal.cn/Eshop/Product		textarea			textarea feedBackContent	false	false		[]
ERIN000	去设置（来自配送管理）	https://beta18.pospal.cn/Eshop/Product	输入手机验证码	text			clean quantity txt_telVerifyCode	false	false		[]
ERIN000	去设置（来自配送管理）	https://beta18.pospal.cn/Eshop/Product	不再提醒	custom-check			checkBoxDiv fl	false	false	false	[]
ERIN000	去设置（来自配送管理）	https://beta18.pospal.cn/Eshop/Product	新会员注册通知	custom-check			checkBoxDiv on	false	false	true	[]
ERIN000	去设置（来自配送管理）	https://beta18.pospal.cn/Eshop/Product	会员消费通知	custom-check			checkBoxDiv on	false	false	true	[]
ERIN000	去设置（来自配送管理）	https://beta18.pospal.cn/Eshop/Product	网单发货通知	custom-check			checkBoxDiv on	false	false	true	[]
ERIN000	去设置（来自配送管理）	https://beta18.pospal.cn/Eshop/Product	储值卡充值到账通知	custom-check			checkBoxDiv on	false	false	true	[]
ERIN000	去设置（来自配送管理）	https://beta18.pospal.cn/Eshop/Product	搜问题…	text	txt_helpKeyword		HCSearchIpt	false	false		[]
ERIN000	去设置（来自配送管理）	https://beta18.pospal.cn/Eshop/Product	请输入1000元以上金额	input			input quantity	false	false		[]
ERIN000	去设置（来自配送管理）	https://beta18.pospal.cn/Eshop/Product	储值卡充值到账提醒	custom-check			checkBoxDiv on	false	false	true	[]
ERIN000	去设置（来自配送管理）	https://beta18.pospal.cn/Eshop/Product	新会员注册-通知客户	custom-check			checkBoxDiv on	false	false	true	[]
ERIN000	去设置（来自配送管理）	https://beta18.pospal.cn/Eshop/Product	请输入手机号	text			smsBalanceNoticeWidget_noticeTel edit_txt	false	false		[]
ERIN000	去设置（来自配送管理）	https://beta18.pospal.cn/Eshop/Product	输入关键字，按回车搜索	text			searchInput	false	false		[]
ERIN000	去设置（来自配送管理）	https://beta18.pospal.cn/Eshop/Product	请输入名称搜索	text			searchInput	false	false		[]
ERIN000	去设置（来自配送管理）	https://beta18.pospal.cn/Eshop/Product	请输入门店账号，多个门店请用逗号、空格或换行分割	textarea			importSubStoreTextarea	false	false		[]
ERIN000	去设置（来自配送管理）	https://beta18.pospal.cn/Eshop/Product	首页	span			first	true	false		[]
ERIN000	去设置（来自配送管理）	https://beta18.pospal.cn/Eshop/Product	前一页	span			prev	true	false		[]
ERIN000	去设置（来自配送管理）	https://beta18.pospal.cn/Eshop/Product	下一页	span			next	true	false		[]
ERIN000	去设置（来自配送管理）	https://beta18.pospal.cn/Eshop/Product	尾页	span			end	true	false		[]
ERIN000	前往装修（来自网店装修）	https://beta18.pospal.cn/EshopMarketing/SharePromotionLink	活动预览	li			activity-preview__btnitem is-active	false	false		[]
ERIN000	前往装修（来自网店装修）	https://beta18.pospal.cn/EshopMarketing/SharePromotionLink	分享预览	li			activity-preview__btnitem	false	false		[]
ERIN000	前往装修（来自网店装修）	https://beta18.pospal.cn/EshopMarketing/SharePromotionLink	关闭	li			activity-preview__btnitem	false	false		[]
ERIN000	前往装修（来自网店装修）	https://beta18.pospal.cn/EshopMarketing/SharePromotionLink	请在这里输入活动名称	text			activity-pan__head-input	true	false		[]
ERIN000	前往装修（来自网店装修）	https://beta18.pospal.cn/EshopMarketing/SharePromotionLink	图片	div	btnAddImg		btnWhite14 is-new	true	false		[]
ERIN000	前往装修（来自网店装修）	https://beta18.pospal.cn/EshopMarketing/SharePromotionLink	视频	div	btnAddVideo		btnWhite14 is-new	true	false		[]
ERIN000	前往装修（来自网店装修）	https://beta18.pospal.cn/EshopMarketing/SharePromotionLink	开始时间	text	edit_startDateTime		activity-filed__input datetime hasDatepicker	true	false		[]
ERIN000	前往装修（来自网店装修）	https://beta18.pospal.cn/EshopMarketing/SharePromotionLink	结束时间	text	edit_endDateTime		activity-filed__input datetime hasDatepicker	true	false		[]
ERIN000	前往装修（来自网店装修）	https://beta18.pospal.cn/EshopMarketing/SharePromotionLink	前往设置	a				false	false		[]
ERIN000	前往装修（来自网店装修）	https://beta18.pospal.cn/EshopMarketing/SharePromotionLink		text	txtPreviewAddress		activity-filed__input	false	false		[]
ERIN000	前往装修（来自网店装修）	https://beta18.pospal.cn/EshopMarketing/SharePromotionLink		div	btnUploadPoster1		share-img__btn is-01	false	false		[]
ERIN000	前往装修（来自网店装修）	https://beta18.pospal.cn/EshopMarketing/SharePromotionLink		file	html5_1k3tlqrdirh7knc1vgpvrcsdq6			false	false		[]
ERIN000	前往装修（来自网店装修）	https://beta18.pospal.cn/EshopMarketing/SharePromotionLink		file	html5_1k3tlqrdg1n1f1994rse1qmr1ggf3			true	false		[]
ERIN000	前往装修（来自网店装修）	https://beta18.pospal.cn/EshopMarketing/SharePromotionLink	预览	div	btnPreview		btnWhite14 is-new	true	false		[]
ERIN000	前往装修（来自网店装修）	https://beta18.pospal.cn/EshopMarketing/SharePromotionLink		text			textInput clean	false	false		[]
ERIN000	前往装修（来自网店装修）	https://beta18.pospal.cn/EshopMarketing/SharePromotionLink	搜索	div			submitBtn btnSearchByKeyword	false	false		[]
ERIN000	前往装修（来自网店装修）	https://beta18.pospal.cn/EshopMarketing/SharePromotionLink	- 全部商品分类 -	custom-select			singleSelector ddl_category	false	false		[{"label":"- 全部商品分类 -","value":"","selected":true}]
ERIN000	前往装修（来自网店装修）	https://beta18.pospal.cn/EshopMarketing/SharePromotionLink	完成	div			btnBlue12 btnCloseAll	false	false		[]
ERIN000	前往装修（来自网店装修）	https://beta18.pospal.cn/EshopMarketing/SharePromotionLink	收起	div			btnGrey12 btnToogleSelectProductDiv	false	false		[]
ERIN000	前往装修（来自网店装修）	https://beta18.pospal.cn/EshopMarketing/SharePromotionLink	添加商品	div			btnBlue12 btnGreen btnToogleSelectProductDiv	false	false		[]
ERIN000	前往装修（来自网店装修）	https://beta18.pospal.cn/EshopMarketing/SharePromotionLink	清空商品	div			btnGrey12 btnCleanAddedProducts	false	false		[]
ERIN000	前往装修（来自网店装修）	https://beta18.pospal.cn/EshopMarketing/SharePromotionLink	选择商品	a	btnSelectProducts		operation2	false	false		[]
ERIN000	前往装修（来自网店装修）	https://beta18.pospal.cn/EshopMarketing/SharePromotionLink	前往设置	a			operation2	false	false		[]
ERIN000	前往装修（来自网店装修）	https://beta18.pospal.cn/EshopMarketing/SharePromotionLink	前往开启	a				false	false		[]
ERIN000	前往装修（来自网店装修）	https://beta18.pospal.cn/EshopMarketing/SharePromotionLink	项目体验价	custom-select	ddl_rewardCoupons		singleSelector	false	false		[{"label":"项目体验价","value":"4402557_1780825345519724435","selected":true}]
ERIN000	前往装修（来自网店装修）	https://beta18.pospal.cn/EshopMarketing/SharePromotionLink	编辑优惠券（需开启允许领取）	div			bottom btnEdit	false	false		[]
ERIN000	前往装修（来自网店装修）	https://beta18.pospal.cn/EshopMarketing/SharePromotionLink	刷新	a			operation2 refreshRewardCoupons	false	false		[]
ERIN000	前往装修（来自网店装修）	https://beta18.pospal.cn/EshopMarketing/SharePromotionLink		div	btnUploadPoster3		share-img__btn is-01	false	false		[]
ERIN000	前往装修（来自网店装修）	https://beta18.pospal.cn/EshopMarketing/SharePromotionLink		file	html5_1k3tlqrdqh6a14h9kcfdlc1300d			false	false		[]
ERIN000	前往装修（来自网店装修）	https://beta18.pospal.cn/EshopMarketing/SharePromotionLink		div	btnDelRawImage		share-img__btn is-02	false	false		[]
ERIN000	前往装修（来自网店装修）	https://beta18.pospal.cn/EshopMarketing/SharePromotionLink		file	html5_1k3tlqrdr7i643q18v3jlkfp0g			false	false		[]
ERIN000	前往装修（来自网店装修）	https://beta18.pospal.cn/EshopMarketing/SharePromotionLink	产品名称:	label				false	false		[]
ERIN000	前往装修（来自网店装修）	https://beta18.pospal.cn/EshopMarketing/SharePromotionLink	产品名称:	text	edit_productName		edit_txt	false	false		[]
ERIN000	前往装修（来自网店装修）	https://beta18.pospal.cn/EshopMarketing/SharePromotionLink	研发建议价:	label				false	false		[]
ERIN000	前往装修（来自网店装修）	https://beta18.pospal.cn/EshopMarketing/SharePromotionLink		text	edit_rdPrice		edit_txt quantity	false	false		[]
ERIN000	前往装修（来自网店装修）	https://beta18.pospal.cn/EshopMarketing/SharePromotionLink	厂部建议价:	label				false	false		[]
ERIN000	前往装修（来自网店装修）	https://beta18.pospal.cn/EshopMarketing/SharePromotionLink		text	edit_factoryPrice		edit_txt quantity	false	false		[]
ERIN000	前往装修（来自网店装修）	https://beta18.pospal.cn/EshopMarketing/SharePromotionLink	门店建议价:	label				false	false		[]
ERIN000	前往装修（来自网店装修）	https://beta18.pospal.cn/EshopMarketing/SharePromotionLink		text	edit_storePrice		edit_txt quantity	false	false		[]
ERIN000	前往装修（来自网店装修）	https://beta18.pospal.cn/EshopMarketing/SharePromotionLink	最终销售价:	label				false	false		[]
ERIN000	前往装修（来自网店装修）	https://beta18.pospal.cn/EshopMarketing/SharePromotionLink		text	edit_finalPrice		edit_txt quantity	false	false		[]
ERIN000	前往装修（来自网店装修）	https://beta18.pospal.cn/EshopMarketing/SharePromotionLink	添加原材料	div			btnAddRaw fr	false	false		[]
ERIN000	前往装修（来自网店装修）	https://beta18.pospal.cn/EshopMarketing/SharePromotionLink	成品数量:	label				false	false		[]
ERIN000	前往装修（来自网店装修）	https://beta18.pospal.cn/EshopMarketing/SharePromotionLink		text	edit_finishedProductNum		edit_txt quantity	false	false		[]
ERIN000	前往装修（来自网店装修）	https://beta18.pospal.cn/EshopMarketing/SharePromotionLink	成品单价:	label				false	false		[]
ERIN000	前往装修（来自网店装修）	https://beta18.pospal.cn/EshopMarketing/SharePromotionLink		text	edit_finishedPrice		edit_txt quantity	false	false		[]
ERIN000	前往装修（来自网店装修）	https://beta18.pospal.cn/EshopMarketing/SharePromotionLink	工艺流程:	label				false	false		[]
ERIN000	前往装修（来自网店装修）	https://beta18.pospal.cn/EshopMarketing/SharePromotionLink		textarea	edit_remarks		edit_txt	false	false		[]
ERIN000	前往装修（来自网店装修）	https://beta18.pospal.cn/EshopMarketing/SharePromotionLink		textarea			textarea feedBackContent	false	false		[]
ERIN000	前往装修（来自网店装修）	https://beta18.pospal.cn/EshopMarketing/SharePromotionLink	输入手机验证码	text			clean quantity txt_telVerifyCode	false	false		[]
ERIN000	前往装修（来自网店装修）	https://beta18.pospal.cn/EshopMarketing/SharePromotionLink	不再提醒	custom-check			checkBoxDiv fl	false	false	false	[]
ERIN000	前往装修（来自网店装修）	https://beta18.pospal.cn/EshopMarketing/SharePromotionLink	新会员注册通知	custom-check			checkBoxDiv on	false	false	true	[]
ERIN000	前往装修（来自网店装修）	https://beta18.pospal.cn/EshopMarketing/SharePromotionLink	会员消费通知	custom-check			checkBoxDiv on	false	false	true	[]
ERIN000	前往装修（来自网店装修）	https://beta18.pospal.cn/EshopMarketing/SharePromotionLink	网单发货通知	custom-check			checkBoxDiv on	false	false	true	[]
ERIN000	前往装修（来自网店装修）	https://beta18.pospal.cn/EshopMarketing/SharePromotionLink	储值卡充值到账通知	custom-check			checkBoxDiv on	false	false	true	[]
ERIN000	前往装修（来自网店装修）	https://beta18.pospal.cn/EshopMarketing/SharePromotionLink	搜问题…	text	txt_helpKeyword		HCSearchIpt	false	false		[]
ERIN000	前往装修（来自网店装修）	https://beta18.pospal.cn/EshopMarketing/SharePromotionLink	请输入1000元以上金额	input			input quantity	false	false		[]
ERIN000	前往装修（来自网店装修）	https://beta18.pospal.cn/EshopMarketing/SharePromotionLink	储值卡充值到账提醒	custom-check			checkBoxDiv on	false	false	true	[]
ERIN000	前往装修（来自网店装修）	https://beta18.pospal.cn/EshopMarketing/SharePromotionLink	新会员注册-通知客户	custom-check			checkBoxDiv on	false	false	true	[]
ERIN000	前往装修（来自网店装修）	https://beta18.pospal.cn/EshopMarketing/SharePromotionLink	请输入手机号	text			smsBalanceNoticeWidget_noticeTel edit_txt	false	false		[]
ERIN000	前往装修（来自网店装修）	https://beta18.pospal.cn/EshopMarketing/SharePromotionLink	输入关键字，按回车搜索	text			searchInput	false	false		[]
ERIN000	前往装修（来自网店装修）	https://beta18.pospal.cn/EshopMarketing/SharePromotionLink	请输入名称搜索	text			searchInput	false	false		[]
ERIN000	前往装修（来自网店装修）	https://beta18.pospal.cn/EshopMarketing/SharePromotionLink	请输入门店账号，多个门店请用逗号、空格或换行分割	textarea			importSubStoreTextarea	false	false		[]
ERIN000	设置商品打包费（来自配送管理）	https://beta18.pospal.cn/ProductExt/ProductPackage	选择门店：	label			editLabel big	true	false		[]
ERIN000	设置商品打包费（来自配送管理）	https://beta18.pospal.cn/ProductExt/ProductPackage	ERIN埃琳(总部)	custom-select	ddl_subUsers		singleSelector	true	false		[{"label":"ERIN埃琳(总部)","value":"4402557","selected":true},{"label":"001 - Mrs.HuaShi花诗肤人","value":"4402559","selected":false},{"label":"002 - erin002","value":"4402560","selected":false}]
ERIN000	设置商品打包费（来自配送管理）	https://beta18.pospal.cn/ProductExt/ProductPackage		text			textInput	false	false		[]
ERIN000	设置商品打包费（来自配送管理）	https://beta18.pospal.cn/ProductExt/ProductPackage	复制到门店	div	btnCopy		btnNOperation fr	true	false		[]
ERIN000	设置商品打包费（来自配送管理）	https://beta18.pospal.cn/ProductExt/ProductPackage	去设置	a			opera	true	false		[]
ERIN000	设置商品打包费（来自配送管理）	https://beta18.pospal.cn/ProductExt/ProductPackage	去创建	a			opera	true	false		[]
ERIN000	设置商品打包费（来自配送管理）	https://beta18.pospal.cn/ProductExt/ProductPackage	添加包装商品	div			btnNBlue btnN32 btnAdd fl	true	false		[]
ERIN000	设置商品打包费（来自配送管理）	https://beta18.pospal.cn/ProductExt/ProductPackage	搜索包装商品名称	text			txt_search	true	false		[]
ERIN000	设置商品打包费（来自配送管理）	https://beta18.pospal.cn/ProductExt/ProductPackage	«	a				true	false		[]
ERIN000	设置商品打包费（来自配送管理）	https://beta18.pospal.cn/ProductExt/ProductPackage	»	a				true	false		[]
ERIN000	设置商品打包费（来自配送管理）	https://beta18.pospal.cn/ProductExt/ProductPackage	每页5条	custom-select			paginationjs-pagesize singleSelector	true	false		[{"label":"每页50条","value":"50","selected":false},{"label":"每页20条","value":"20","selected":false},{"label":"每页10条","value":"10","selected":false},{"label":"每页5条","value":"5","selected":true}]
ERIN000	设置商品打包费（来自配送管理）	https://beta18.pospal.cn/ProductExt/ProductPackage	跳转	button				true	false		[]
ERIN000	设置商品打包费（来自配送管理）	https://beta18.pospal.cn/ProductExt/ProductPackage	新增包装组	div			btnNBlue btnN32 btnAdd fl	false	false		[]
ERIN000	设置商品打包费（来自配送管理）	https://beta18.pospal.cn/ProductExt/ProductPackage	搜索包装组名称	text			txt_search	false	false		[]
ERIN000	设置商品打包费（来自配送管理）	https://beta18.pospal.cn/ProductExt/ProductPackage	- 全部商品分类 -	custom-select			singleSelector ddl_category	false	false		[{"label":"- 全部商品分类 -","value":"","selected":true},{"label":"卸妆洁面","value":"1622366110201787444","selected":false},{"label":"养护套餐次卡","value":"1779244559662142154","selected":false},{"label":"水类","value":"1622366110201656852","selected":false},{"label":"基础养护次卡","value":"1779244536604603867","selected":false},{"label":"乳液类","value":"1622366110201879120","selected":false},{"label":"深层养护次卡","value":"1779244552008816401","selected":false},{"label":"精华液","value":"1622366110201918667","selected":false},{"label":"肤质调理次卡","value":"1779244578971200080","selected":false},{"label":"纯液原液","value":"1622366110201603017","selected":false},{"label":"苗方调理次卡","value":"1708596044867640374","selected":false},{"label":"面霜","value":"1622366110201951648","selected":false},{"label":"身体养护次卡","value":"1779244679582401737","selected":false},{"label":"面膜类","value":"1622366110201468600","selected":false},{"label":"DPL脱毛疗程","value":"1735898236282441961","selected":false},{"label":"其他","value":"1622366110201935999","selected":false},{"label":"深层疗肤次卡","value":"1779244665511938118","selected":false},{"label":"面部套盒","value":"1630326352164538105","selected":false},{"label":"历史卡项","value":"1735894490221823890","selected":false},{"label":"身体套盒","value":"1630322255767593456","selected":false},{"label":"院用消耗","value":"1623544791996298963","selected":false},{"label":"礼品","value":"1638004128236515854","selected":false},{"label":"苗方调理","value":"1708595411221691850","selected":false},{"label":"DPL冰点无痛脱毛","value":"1735889664984956581","selected":false},{"label":"历史项目","value":"1735895126767999772","selected":false},{"label":"历史产品","value":"1735901465701590916","selected":false},{"label":"基础养护","value":"1779244896628309560","selected":false},{"label":"深层养护","value":"1779244905308934257","selected":false},{"label":"肤质调理","value":"1779244911724161478","selected":false},{"label":"深层疗肤","value":"1779244925423145537","selected":false},{"label":"身体养护","value":"1779244941470574268","selected":false},{"label":"养护套餐","value":"1780282819961840614","selected":false}]
ERIN000	设置商品打包费（来自配送管理）	https://beta18.pospal.cn/ProductExt/ProductPackage	搜索	div			submitBtn btnSearchByKeyword	false	false		[]
ERIN000	设置商品打包费（来自配送管理）	https://beta18.pospal.cn/ProductExt/ProductPackage	完成	div			btnBlue12 btnCloseAll	false	false		[]
ERIN000	设置商品打包费（来自配送管理）	https://beta18.pospal.cn/ProductExt/ProductPackage	收起	div			btnGrey12 btnToogleSelectProductDiv	false	false		[]
ERIN000	设置商品打包费（来自配送管理）	https://beta18.pospal.cn/ProductExt/ProductPackage	添加商品	div			btnBlue12 btnGreen btnToogleSelectProductDiv	false	false		[]
ERIN000	设置商品打包费（来自配送管理）	https://beta18.pospal.cn/ProductExt/ProductPackage	清空商品	div			btnGrey12 btnCleanAddedProducts	false	false		[]
ERIN000	设置商品打包费（来自配送管理）	https://beta18.pospal.cn/ProductExt/ProductPackage	* 包装组名称：	label			editLabel	false	false		[]
ERIN000	设置商品打包费（来自配送管理）	https://beta18.pospal.cn/ProductExt/ProductPackage	输入包装组名称	text	edit_packageName			false	false		[]
ERIN000	设置商品打包费（来自配送管理）	https://beta18.pospal.cn/ProductExt/ProductPackage	* 包装商品：	label			editLabel	false	false		[]
ERIN000	设置商品打包费（来自配送管理）	https://beta18.pospal.cn/ProductExt/ProductPackage		div	optionProductLabel		btnNLabel	false	false		[]
ERIN000	设置商品打包费（来自配送管理）	https://beta18.pospal.cn/ProductExt/ProductPackage	适用商品：	label			editLabel	false	false		[]
ERIN000	设置商品打包费（来自配送管理）	https://beta18.pospal.cn/ProductExt/ProductPackage	已选个商品	div	mappingProductLabel		btnNLabel	false	false		[]
ERIN000	设置商品打包费（来自配送管理）	https://beta18.pospal.cn/ProductExt/ProductPackage	加入购物车默认扣除：	label			editLabel	false	false		[]
ERIN000	设置商品打包费（来自配送管理）	https://beta18.pospal.cn/ProductExt/ProductPackage	开关	custom-switch	sw_isDeductAddCart		swicth off	false	false	false	[]
ERIN000	设置商品打包费（来自配送管理）	https://beta18.pospal.cn/ProductExt/ProductPackage	适用套餐：	label			editLabel	false	false		[]
ERIN000	设置商品打包费（来自配送管理）	https://beta18.pospal.cn/ProductExt/ProductPackage	已选个套餐	div	mappingComboLabel		btnNLabel	false	false		[]
ERIN000	设置商品打包费（来自配送管理）	https://beta18.pospal.cn/ProductExt/ProductPackage	是否固定收取：	label			editLabel	false	false		[]
ERIN000	设置商品打包费（来自配送管理）	https://beta18.pospal.cn/ProductExt/ProductPackage	开关	custom-switch	sw_fixedCharge		swicth	false	false	true	[]
ERIN000	设置商品打包费（来自配送管理）	https://beta18.pospal.cn/ProductExt/ProductPackage	适用模式：	label			editLabel	false	false		[]
ERIN000	设置商品打包费（来自配送管理）	https://beta18.pospal.cn/ProductExt/ProductPackage	自营网店同城配送	custom-check			checkBoxDiv on	false	false	true	[]
ERIN000	设置商品打包费（来自配送管理）	https://beta18.pospal.cn/ProductExt/ProductPackage	自营网店自取模式	custom-check			checkBoxDiv on	false	false	true	[]
ERIN000	设置商品打包费（来自配送管理）	https://beta18.pospal.cn/ProductExt/ProductPackage	POS点单-外带	custom-check			checkBoxDiv on	false	false	true	[]
ERIN000	设置商品打包费（来自配送管理）	https://beta18.pospal.cn/ProductExt/ProductPackage	套餐活动名称	text			textInput clean	false	false		[]
ERIN000	设置商品打包费（来自配送管理）	https://beta18.pospal.cn/ProductExt/ProductPackage		textarea			textarea feedBackContent	false	false		[]
ERIN000	设置商品打包费（来自配送管理）	https://beta18.pospal.cn/ProductExt/ProductPackage	输入手机验证码	text			clean quantity txt_telVerifyCode	false	false		[]
ERIN000	设置商品打包费（来自配送管理）	https://beta18.pospal.cn/ProductExt/ProductPackage	不再提醒	custom-check			checkBoxDiv fl	false	false	false	[]
ERIN000	设置商品打包费（来自配送管理）	https://beta18.pospal.cn/ProductExt/ProductPackage	新会员注册通知	custom-check			checkBoxDiv on	false	false	true	[]
ERIN000	设置商品打包费（来自配送管理）	https://beta18.pospal.cn/ProductExt/ProductPackage	会员消费通知	custom-check			checkBoxDiv on	false	false	true	[]
ERIN000	设置商品打包费（来自配送管理）	https://beta18.pospal.cn/ProductExt/ProductPackage	网单发货通知	custom-check			checkBoxDiv on	false	false	true	[]
ERIN000	设置商品打包费（来自配送管理）	https://beta18.pospal.cn/ProductExt/ProductPackage	储值卡充值到账通知	custom-check			checkBoxDiv on	false	false	true	[]
ERIN000	设置商品打包费（来自配送管理）	https://beta18.pospal.cn/ProductExt/ProductPackage	搜问题…	text	txt_helpKeyword		HCSearchIpt	false	false		[]
ERIN000	设置商品打包费（来自配送管理）	https://beta18.pospal.cn/ProductExt/ProductPackage	请输入1000元以上金额	input			input quantity	false	false		[]
ERIN000	设置商品打包费（来自配送管理）	https://beta18.pospal.cn/ProductExt/ProductPackage	储值卡充值到账提醒	custom-check			checkBoxDiv on	false	false	true	[]
ERIN000	设置商品打包费（来自配送管理）	https://beta18.pospal.cn/ProductExt/ProductPackage	新会员注册-通知客户	custom-check			checkBoxDiv on	false	false	true	[]
ERIN000	设置商品打包费（来自配送管理）	https://beta18.pospal.cn/ProductExt/ProductPackage	请输入手机号	text			smsBalanceNoticeWidget_noticeTel edit_txt	false	false		[]
ERIN000	设置商品打包费（来自配送管理）	https://beta18.pospal.cn/ProductExt/ProductPackage	输入关键字，按回车搜索	text			searchInput	false	false		[]
ERIN000	设置商品打包费（来自配送管理）	https://beta18.pospal.cn/ProductExt/ProductPackage	请输入名称搜索	text			searchInput	false	false		[]
ERIN000	设置商品打包费（来自配送管理）	https://beta18.pospal.cn/ProductExt/ProductPackage	请输入门店账号，多个门店请用逗号、空格或换行分割	textarea			importSubStoreTextarea	false	false		[]
ERIN000	管理园区（来自配送管理）	https://beta18.pospal.cn/Eshop/TakeAwayZoneSetting	ERIN埃琳(总部)	custom-select	ddl_subUsers		singleSelector is-new	true	false		[{"label":"ERIN埃琳(总部)","value":"4402557","selected":true},{"label":"001 - Mrs.HuaShi花诗肤人","value":"4402559","selected":false},{"label":"002 - erin002","value":"4402560","selected":false}]
ERIN000	管理园区（来自配送管理）	https://beta18.pospal.cn/Eshop/TakeAwayZoneSetting		text			textInput	false	false		[]
ERIN000	管理园区（来自配送管理）	https://beta18.pospal.cn/Eshop/TakeAwayZoneSetting	新增地址	div	btnAddNewCategory		btnBlue12 is-new	true	false		[]
ERIN000	管理园区（来自配送管理）	https://beta18.pospal.cn/Eshop/TakeAwayZoneSetting	复制到...	div	btnCopy		btnWhite14 height-31	false	false		[]
ERIN000	管理园区（来自配送管理）	https://beta18.pospal.cn/Eshop/TakeAwayZoneSetting	清空地址	div	btnClear		btnWhite14 height-31	true	false		[]
ERIN000	管理园区（来自配送管理）	https://beta18.pospal.cn/Eshop/TakeAwayZoneSetting		textarea			textarea feedBackContent	false	false		[]
ERIN000	管理园区（来自配送管理）	https://beta18.pospal.cn/Eshop/TakeAwayZoneSetting	输入手机验证码	text			clean quantity txt_telVerifyCode	false	false		[]
ERIN000	管理园区（来自配送管理）	https://beta18.pospal.cn/Eshop/TakeAwayZoneSetting	不再提醒	custom-check			checkBoxDiv fl	false	false	false	[]
ERIN000	管理园区（来自配送管理）	https://beta18.pospal.cn/Eshop/TakeAwayZoneSetting	新会员注册通知	custom-check			checkBoxDiv on	false	false	true	[]
ERIN000	管理园区（来自配送管理）	https://beta18.pospal.cn/Eshop/TakeAwayZoneSetting	会员消费通知	custom-check			checkBoxDiv on	false	false	true	[]
ERIN000	管理园区（来自配送管理）	https://beta18.pospal.cn/Eshop/TakeAwayZoneSetting	网单发货通知	custom-check			checkBoxDiv on	false	false	true	[]
ERIN000	管理园区（来自配送管理）	https://beta18.pospal.cn/Eshop/TakeAwayZoneSetting	储值卡充值到账通知	custom-check			checkBoxDiv on	false	false	true	[]
ERIN000	管理园区（来自配送管理）	https://beta18.pospal.cn/Eshop/TakeAwayZoneSetting	搜问题…	text	txt_helpKeyword		HCSearchIpt	false	false		[]
ERIN000	管理园区（来自配送管理）	https://beta18.pospal.cn/Eshop/TakeAwayZoneSetting	请输入1000元以上金额	input			input quantity	false	false		[]
ERIN000	管理园区（来自配送管理）	https://beta18.pospal.cn/Eshop/TakeAwayZoneSetting	储值卡充值到账提醒	custom-check			checkBoxDiv on	false	false	true	[]
ERIN000	管理园区（来自配送管理）	https://beta18.pospal.cn/Eshop/TakeAwayZoneSetting	新会员注册-通知客户	custom-check			checkBoxDiv on	false	false	true	[]
ERIN000	管理园区（来自配送管理）	https://beta18.pospal.cn/Eshop/TakeAwayZoneSetting	请输入手机号	text			smsBalanceNoticeWidget_noticeTel edit_txt	false	false		[]
ERIN000	管理园区（来自配送管理）	https://beta18.pospal.cn/Eshop/TakeAwayZoneSetting	输入关键字，按回车搜索	text			searchInput	false	false		[]
ERIN000	管理园区（来自配送管理）	https://beta18.pospal.cn/Eshop/TakeAwayZoneSetting	请输入名称搜索	text			searchInput	false	false		[]
ERIN000	管理园区（来自配送管理）	https://beta18.pospal.cn/Eshop/TakeAwayZoneSetting	请输入门店账号，多个门店请用逗号、空格或换行分割	textarea			importSubStoreTextarea	false	false		[]
ERIN000	排除商品设置>（来自系统设置）	https://beta18.pospal.cn/Inventory/ProductLimitStockSetting	* 商品范围：	label			editLabel	true	false		[]
ERIN000	排除商品设置>（来自系统设置）	https://beta18.pospal.cn/Inventory/ProductLimitStockSetting	选择商品：	label			editLabel	true	false		[]
ERIN000	排除商品设置>（来自系统设置）	https://beta18.pospal.cn/Inventory/ProductLimitStockSetting	选择排除商品	div			btnNOperation	true	false		[]
ERIN000	排除商品设置>（来自系统设置）	https://beta18.pospal.cn/Inventory/ProductLimitStockSetting	导入	div			btnNOperation import nodis	false	false		[]
ERIN000	排除商品设置>（来自系统设置）	https://beta18.pospal.cn/Inventory/ProductLimitStockSetting	清空	a			opera clearAll	false	false		[]
ERIN000	排除商品设置>（来自系统设置）	https://beta18.pospal.cn/Inventory/ProductLimitStockSetting	保存	div	btnSave		btnNBlue	true	false		[]
ERIN000	排除商品设置>（来自系统设置）	https://beta18.pospal.cn/Inventory/ProductLimitStockSetting	所有标签	custom-select	ddl_tagGroups		singleSelector	false	false		[{"label":"所有标签","value":"","selected":true},{"label":"默认分组","value":"0","selected":false},{"label":"网店分类标签","value":"1639965536500892752","selected":false}]
ERIN000	排除商品设置>（来自系统设置）	https://beta18.pospal.cn/Inventory/ProductLimitStockSetting		text			textInput	false	false		[]
ERIN000	排除商品设置>（来自系统设置）	https://beta18.pospal.cn/Inventory/ProductLimitStockSetting	标签名称	text	kw_tagName		textInput clean	false	false		[]
ERIN000	排除商品设置>（来自系统设置）	https://beta18.pospal.cn/Inventory/ProductLimitStockSetting	查询	div	btnLoadTags		submitBtn	false	false		[]
ERIN000	排除商品设置>（来自系统设置）	https://beta18.pospal.cn/Inventory/ProductLimitStockSetting	家居产品	custom-check			checkBoxDiv	false	false	false	[]
ERIN000	排除商品设置>（来自系统设置）	https://beta18.pospal.cn/Inventory/ProductLimitStockSetting	门店产品	custom-check			checkBoxDiv	false	false	false	[]
ERIN000	排除商品设置>（来自系统设置）	https://beta18.pospal.cn/Inventory/ProductLimitStockSetting	参与促销的商品需包含所有已选标签	custom-check	needGroup_ck		checkBoxDiv	false	false	false	[]
ERIN000	排除商品设置>（来自系统设置）	https://beta18.pospal.cn/Inventory/ProductLimitStockSetting	完成	div	saveProductTagGroup		btnBlue12 popupClose	false	false		[]
ERIN000	排除商品设置>（来自系统设置）	https://beta18.pospal.cn/Inventory/ProductLimitStockSetting	下载模板	a	importTemplate_1790923603253		down	false	false		[]
ERIN000	排除商品设置>（来自系统设置）	https://beta18.pospal.cn/Inventory/ProductLimitStockSetting		text	importFileName_1790923603253			false	false		[]
ERIN000	排除商品设置>（来自系统设置）	https://beta18.pospal.cn/Inventory/ProductLimitStockSetting	选择文件	div	btnPickFile_1790923603253		fileBtn	false	false		[]
ERIN000	排除商品设置>（来自系统设置）	https://beta18.pospal.cn/Inventory/ProductLimitStockSetting	下载模板	a	importTemplate_1790923603276		down	false	false		[]
ERIN000	排除商品设置>（来自系统设置）	https://beta18.pospal.cn/Inventory/ProductLimitStockSetting		text	importFileName_1790923603276			false	false		[]
ERIN000	排除商品设置>（来自系统设置）	https://beta18.pospal.cn/Inventory/ProductLimitStockSetting	选择文件	div	btnPickFile_1790923603276		fileBtn	false	false		[]
ERIN000	排除商品设置>（来自系统设置）	https://beta18.pospal.cn/Inventory/ProductLimitStockSetting	搜索商品名称/条码/货号	text			textInput clean txt_keyword	false	false		[]
ERIN000	排除商品设置>（来自系统设置）	https://beta18.pospal.cn/Inventory/ProductLimitStockSetting	- 全部商品分类 -	custom-select			singleSelector ddl_category	false	false		[{"label":"- 全部商品分类 -","value":"","selected":true},{"label":"卸妆洁面","value":"1622366110201787444","selected":false},{"label":"养护套餐次卡","value":"1779244559662142154","selected":false},{"label":"水类","value":"1622366110201656852","selected":false},{"label":"基础养护次卡","value":"1779244536604603867","selected":false},{"label":"乳液类","value":"1622366110201879120","selected":false},{"label":"深层养护次卡","value":"1779244552008816401","selected":false},{"label":"精华液","value":"1622366110201918667","selected":false},{"label":"肤质调理次卡","value":"1779244578971200080","selected":false},{"label":"纯液原液","value":"1622366110201603017","selected":false},{"label":"苗方调理次卡","value":"1708596044867640374","selected":false},{"label":"面霜","value":"1622366110201951648","selected":false},{"label":"身体养护次卡","value":"1779244679582401737","selected":false},{"label":"面膜类","value":"1622366110201468600","selected":false},{"label":"DPL脱毛疗程","value":"1735898236282441961","selected":false},{"label":"其他","value":"1622366110201935999","selected":false},{"label":"深层疗肤次卡","value":"1779244665511938118","selected":false},{"label":"面部套盒","value":"1630326352164538105","selected":false},{"label":"历史卡项","value":"1735894490221823890","selected":false},{"label":"身体套盒","value":"1630322255767593456","selected":false},{"label":"院用消耗","value":"1623544791996298963","selected":false},{"label":"礼品","value":"1638004128236515854","selected":false},{"label":"苗方调理","value":"1708595411221691850","selected":false},{"label":"DPL冰点无痛脱毛","value":"1735889664984956581","selected":false},{"label":"历史项目","value":"1735895126767999772","selected":false},{"label":"历史产品","value":"1735901465701590916","selected":false},{"label":"基础养护","value":"1779244896628309560","selected":false},{"label":"深层养护","value":"1779244905308934257","selected":false},{"label":"肤质调理","value":"1779244911724161478","selected":false},{"label":"深层疗肤","value":"1779244925423145537","selected":false},{"label":"身体养护","value":"1779244941470574268","selected":false},{"label":"养护套餐","value":"1780282819961840614","selected":false}]
ERIN000	排除商品设置>（来自系统设置）	https://beta18.pospal.cn/Inventory/ProductLimitStockSetting	- 全部标签 -	custom-select			singleSelector ddl_productTag	false	false		[{"label":"- 全部标签 -","value":"","selected":true}]
ERIN000	排除商品设置>（来自系统设置）	https://beta18.pospal.cn/Inventory/ProductLimitStockSetting		custom-select			singleSelector ddl_store	false	false		[]
ERIN000	排除商品设置>（来自系统设置）	https://beta18.pospal.cn/Inventory/ProductLimitStockSetting	本页全选	custom-check			checkBoxDiv checkBoxDivN cb_checkAllProducts	false	false	false	[]
ERIN000	排除商品设置>（来自系统设置）	https://beta18.pospal.cn/Inventory/ProductLimitStockSetting	输入关键字搜索	text			textInput	false	false		[]
ERIN000	排除商品设置>（来自系统设置）	https://beta18.pospal.cn/Inventory/ProductLimitStockSetting	卸妆洁面	custom-check	127_option_checkBoxDiv_1622366110201787444		checkBoxDiv	false	false	false	[]
ERIN000	排除商品设置>（来自系统设置）	https://beta18.pospal.cn/Inventory/ProductLimitStockSetting	养护套餐次卡	custom-check	127_option_checkBoxDiv_1779244559662142154		checkBoxDiv	false	false	false	[]
ERIN000	排除商品设置>（来自系统设置）	https://beta18.pospal.cn/Inventory/ProductLimitStockSetting	水类	custom-check	127_option_checkBoxDiv_1622366110201656852		checkBoxDiv	false	false	false	[]
ERIN000	排除商品设置>（来自系统设置）	https://beta18.pospal.cn/Inventory/ProductLimitStockSetting	基础养护次卡	custom-check	127_option_checkBoxDiv_1779244536604603867		checkBoxDiv	false	false	false	[]
ERIN000	排除商品设置>（来自系统设置）	https://beta18.pospal.cn/Inventory/ProductLimitStockSetting	乳液类	custom-check	127_option_checkBoxDiv_1622366110201879120		checkBoxDiv	false	false	false	[]
ERIN000	排除商品设置>（来自系统设置）	https://beta18.pospal.cn/Inventory/ProductLimitStockSetting	深层养护次卡	custom-check	127_option_checkBoxDiv_1779244552008816401		checkBoxDiv	false	false	false	[]
ERIN000	排除商品设置>（来自系统设置）	https://beta18.pospal.cn/Inventory/ProductLimitStockSetting	精华液	custom-check	127_option_checkBoxDiv_1622366110201918667		checkBoxDiv	false	false	false	[]
ERIN000	排除商品设置>（来自系统设置）	https://beta18.pospal.cn/Inventory/ProductLimitStockSetting	肤质调理次卡	custom-check	127_option_checkBoxDiv_1779244578971200080		checkBoxDiv	false	false	false	[]
ERIN000	排除商品设置>（来自系统设置）	https://beta18.pospal.cn/Inventory/ProductLimitStockSetting	纯液原液	custom-check	127_option_checkBoxDiv_1622366110201603017		checkBoxDiv	false	false	false	[]
ERIN000	排除商品设置>（来自系统设置）	https://beta18.pospal.cn/Inventory/ProductLimitStockSetting	苗方调理次卡	custom-check	127_option_checkBoxDiv_1708596044867640374		checkBoxDiv	false	false	false	[]
ERIN000	排除商品设置>（来自系统设置）	https://beta18.pospal.cn/Inventory/ProductLimitStockSetting	面霜	custom-check	127_option_checkBoxDiv_1622366110201951648		checkBoxDiv	false	false	false	[]
ERIN000	排除商品设置>（来自系统设置）	https://beta18.pospal.cn/Inventory/ProductLimitStockSetting	身体养护次卡	custom-check	127_option_checkBoxDiv_1779244679582401737		checkBoxDiv	false	false	false	[]
ERIN000	排除商品设置>（来自系统设置）	https://beta18.pospal.cn/Inventory/ProductLimitStockSetting	面膜类	custom-check	127_option_checkBoxDiv_1622366110201468600		checkBoxDiv	false	false	false	[]
ERIN000	排除商品设置>（来自系统设置）	https://beta18.pospal.cn/Inventory/ProductLimitStockSetting	DPL脱毛疗程	custom-check	127_option_checkBoxDiv_1735898236282441961		checkBoxDiv	false	false	false	[]
ERIN000	排除商品设置>（来自系统设置）	https://beta18.pospal.cn/Inventory/ProductLimitStockSetting	其他	custom-check	127_option_checkBoxDiv_1622366110201935999		checkBoxDiv	false	false	false	[]
ERIN000	排除商品设置>（来自系统设置）	https://beta18.pospal.cn/Inventory/ProductLimitStockSetting	深层疗肤次卡	custom-check	127_option_checkBoxDiv_1779244665511938118		checkBoxDiv	false	false	false	[]
ERIN000	排除商品设置>（来自系统设置）	https://beta18.pospal.cn/Inventory/ProductLimitStockSetting	面部套盒	custom-check	127_option_checkBoxDiv_1630326352164538105		checkBoxDiv	false	false	false	[]
ERIN000	排除商品设置>（来自系统设置）	https://beta18.pospal.cn/Inventory/ProductLimitStockSetting	历史卡项	custom-check	127_option_checkBoxDiv_1735894490221823890		checkBoxDiv	false	false	false	[]
ERIN000	排除商品设置>（来自系统设置）	https://beta18.pospal.cn/Inventory/ProductLimitStockSetting	身体套盒	custom-check	127_option_checkBoxDiv_1630322255767593456		checkBoxDiv	false	false	false	[]
ERIN000	排除商品设置>（来自系统设置）	https://beta18.pospal.cn/Inventory/ProductLimitStockSetting	院用消耗	custom-check	127_option_checkBoxDiv_1623544791996298963		checkBoxDiv	false	false	false	[]
ERIN000	排除商品设置>（来自系统设置）	https://beta18.pospal.cn/Inventory/ProductLimitStockSetting	礼品	custom-check	127_option_checkBoxDiv_1638004128236515854		checkBoxDiv	false	false	false	[]
ERIN000	排除商品设置>（来自系统设置）	https://beta18.pospal.cn/Inventory/ProductLimitStockSetting	苗方调理	custom-check	127_option_checkBoxDiv_1708595411221691850		checkBoxDiv	false	false	false	[]
ERIN000	排除商品设置>（来自系统设置）	https://beta18.pospal.cn/Inventory/ProductLimitStockSetting	DPL冰点无痛脱毛	custom-check	127_option_checkBoxDiv_1735889664984956581		checkBoxDiv	false	false	false	[]
ERIN000	排除商品设置>（来自系统设置）	https://beta18.pospal.cn/Inventory/ProductLimitStockSetting	历史项目	custom-check	127_option_checkBoxDiv_1735895126767999772		checkBoxDiv	false	false	false	[]
ERIN000	排除商品设置>（来自系统设置）	https://beta18.pospal.cn/Inventory/ProductLimitStockSetting	历史产品	custom-check	127_option_checkBoxDiv_1735901465701590916		checkBoxDiv	false	false	false	[]
ERIN000	排除商品设置>（来自系统设置）	https://beta18.pospal.cn/Inventory/ProductLimitStockSetting	基础养护	custom-check	127_option_checkBoxDiv_1779244896628309560		checkBoxDiv	false	false	false	[]
ERIN000	排除商品设置>（来自系统设置）	https://beta18.pospal.cn/Inventory/ProductLimitStockSetting	深层养护	custom-check	127_option_checkBoxDiv_1779244905308934257		checkBoxDiv	false	false	false	[]
ERIN000	排除商品设置>（来自系统设置）	https://beta18.pospal.cn/Inventory/ProductLimitStockSetting	肤质调理	custom-check	127_option_checkBoxDiv_1779244911724161478		checkBoxDiv	false	false	false	[]
ERIN000	排除商品设置>（来自系统设置）	https://beta18.pospal.cn/Inventory/ProductLimitStockSetting	深层疗肤	custom-check	127_option_checkBoxDiv_1779244925423145537		checkBoxDiv	false	false	false	[]
ERIN000	排除商品设置>（来自系统设置）	https://beta18.pospal.cn/Inventory/ProductLimitStockSetting	身体养护	custom-check	127_option_checkBoxDiv_1779244941470574268		checkBoxDiv	false	false	false	[]
ERIN000	排除商品设置>（来自系统设置）	https://beta18.pospal.cn/Inventory/ProductLimitStockSetting	养护套餐	custom-check	127_option_checkBoxDiv_1780282819961840614		checkBoxDiv	false	false	false	[]
ERIN000	排除商品设置>（来自系统设置）	https://beta18.pospal.cn/Inventory/ProductLimitStockSetting	全选	custom-check			checkBoxDiv	false	false	false	[]
ERIN000	排除商品设置>（来自系统设置）	https://beta18.pospal.cn/Inventory/ProductLimitStockSetting	珀斐莉	custom-check	346_option_checkBoxDiv_1622479420266736726		checkBoxDiv	false	false	false	[]
ERIN000	排除商品设置>（来自系统设置）	https://beta18.pospal.cn/Inventory/ProductLimitStockSetting	黛昂丝	custom-check	346_option_checkBoxDiv_1630126747679889632		checkBoxDiv	false	false	false	[]
ERIN000	排除商品设置>（来自系统设置）	https://beta18.pospal.cn/Inventory/ProductLimitStockSetting	倍扶因子	custom-check	346_option_checkBoxDiv_1630298069278505432		checkBoxDiv	false	false	false	[]
ERIN000	排除商品设置>（来自系统设置）	https://beta18.pospal.cn/Inventory/ProductLimitStockSetting	密斯	custom-check	346_option_checkBoxDiv_1659537523318123596		checkBoxDiv	false	false	false	[]
ERIN000	排除商品设置>（来自系统设置）	https://beta18.pospal.cn/Inventory/ProductLimitStockSetting	依妹儿	custom-check	346_option_checkBoxDiv_1659537523318137293		checkBoxDiv	false	false	false	[]
ERIN000	排除商品设置>（来自系统设置）	https://beta18.pospal.cn/Inventory/ProductLimitStockSetting	花诗爱	custom-check	346_option_checkBoxDiv_1659537523318402406		checkBoxDiv	false	false	false	[]
ERIN000	排除商品设置>（来自系统设置）	https://beta18.pospal.cn/Inventory/ProductLimitStockSetting	主角范	custom-check	346_option_checkBoxDiv_1659537523318482195		checkBoxDiv	false	false	false	[]
ERIN000	排除商品设置>（来自系统设置）	https://beta18.pospal.cn/Inventory/ProductLimitStockSetting	惠碧康	custom-check	346_option_checkBoxDiv_1659537523318767795		checkBoxDiv	false	false	false	[]
ERIN000	排除商品设置>（来自系统设置）	https://beta18.pospal.cn/Inventory/ProductLimitStockSetting	其他	custom-check	346_option_checkBoxDiv_1659537523318790399		checkBoxDiv	false	false	false	[]
ERIN000	排除商品设置>（来自系统设置）	https://beta18.pospal.cn/Inventory/ProductLimitStockSetting	微肽	custom-check	346_option_checkBoxDiv_1659537559985542398		checkBoxDiv	false	false	false	[]
ERIN000	排除商品设置>（来自系统设置）	https://beta18.pospal.cn/Inventory/ProductLimitStockSetting	康芙美	custom-check	346_option_checkBoxDiv_1725884748320318542		checkBoxDiv	false	false	false	[]
ERIN000	排除商品设置>（来自系统设置）	https://beta18.pospal.cn/Inventory/ProductLimitStockSetting	DMDC	custom-check	346_option_checkBoxDiv_1725884748320707477		checkBoxDiv	false	false	false	[]
ERIN000	排除商品设置>（来自系统设置）	https://beta18.pospal.cn/Inventory/ProductLimitStockSetting	卸妆洁面	custom-check	457_option_checkBoxDiv_1622366110201787444		checkBoxDiv	false	false	false	[]
ERIN000	排除商品设置>（来自系统设置）	https://beta18.pospal.cn/Inventory/ProductLimitStockSetting	养护套餐次卡	custom-check	457_option_checkBoxDiv_1779244559662142154		checkBoxDiv	false	false	false	[]
ERIN000	排除商品设置>（来自系统设置）	https://beta18.pospal.cn/Inventory/ProductLimitStockSetting	水类	custom-check	457_option_checkBoxDiv_1622366110201656852		checkBoxDiv	false	false	false	[]
ERIN000	排除商品设置>（来自系统设置）	https://beta18.pospal.cn/Inventory/ProductLimitStockSetting	基础养护次卡	custom-check	457_option_checkBoxDiv_1779244536604603867		checkBoxDiv	false	false	false	[]
ERIN000	排除商品设置>（来自系统设置）	https://beta18.pospal.cn/Inventory/ProductLimitStockSetting	乳液类	custom-check	457_option_checkBoxDiv_1622366110201879120		checkBoxDiv	false	false	false	[]
ERIN000	排除商品设置>（来自系统设置）	https://beta18.pospal.cn/Inventory/ProductLimitStockSetting	深层养护次卡	custom-check	457_option_checkBoxDiv_1779244552008816401		checkBoxDiv	false	false	false	[]
ERIN000	排除商品设置>（来自系统设置）	https://beta18.pospal.cn/Inventory/ProductLimitStockSetting	精华液	custom-check	457_option_checkBoxDiv_1622366110201918667		checkBoxDiv	false	false	false	[]
ERIN000	排除商品设置>（来自系统设置）	https://beta18.pospal.cn/Inventory/ProductLimitStockSetting	肤质调理次卡	custom-check	457_option_checkBoxDiv_1779244578971200080		checkBoxDiv	false	false	false	[]
ERIN000	排除商品设置>（来自系统设置）	https://beta18.pospal.cn/Inventory/ProductLimitStockSetting	纯液原液	custom-check	457_option_checkBoxDiv_1622366110201603017		checkBoxDiv	false	false	false	[]
ERIN000	排除商品设置>（来自系统设置）	https://beta18.pospal.cn/Inventory/ProductLimitStockSetting	苗方调理次卡	custom-check	457_option_checkBoxDiv_1708596044867640374		checkBoxDiv	false	false	false	[]
ERIN000	排除商品设置>（来自系统设置）	https://beta18.pospal.cn/Inventory/ProductLimitStockSetting	面霜	custom-check	457_option_checkBoxDiv_1622366110201951648		checkBoxDiv	false	false	false	[]
ERIN000	排除商品设置>（来自系统设置）	https://beta18.pospal.cn/Inventory/ProductLimitStockSetting	身体养护次卡	custom-check	457_option_checkBoxDiv_1779244679582401737		checkBoxDiv	false	false	false	[]
ERIN000	排除商品设置>（来自系统设置）	https://beta18.pospal.cn/Inventory/ProductLimitStockSetting	面膜类	custom-check	457_option_checkBoxDiv_1622366110201468600		checkBoxDiv	false	false	false	[]
ERIN000	排除商品设置>（来自系统设置）	https://beta18.pospal.cn/Inventory/ProductLimitStockSetting	DPL脱毛疗程	custom-check	457_option_checkBoxDiv_1735898236282441961		checkBoxDiv	false	false	false	[]
ERIN000	排除商品设置>（来自系统设置）	https://beta18.pospal.cn/Inventory/ProductLimitStockSetting	其他	custom-check	457_option_checkBoxDiv_1622366110201935999		checkBoxDiv	false	false	false	[]
ERIN000	排除商品设置>（来自系统设置）	https://beta18.pospal.cn/Inventory/ProductLimitStockSetting	深层疗肤次卡	custom-check	457_option_checkBoxDiv_1779244665511938118		checkBoxDiv	false	false	false	[]
ERIN000	排除商品设置>（来自系统设置）	https://beta18.pospal.cn/Inventory/ProductLimitStockSetting	面部套盒	custom-check	457_option_checkBoxDiv_1630326352164538105		checkBoxDiv	false	false	false	[]
ERIN000	排除商品设置>（来自系统设置）	https://beta18.pospal.cn/Inventory/ProductLimitStockSetting	历史卡项	custom-check	457_option_checkBoxDiv_1735894490221823890		checkBoxDiv	false	false	false	[]
ERIN000	排除商品设置>（来自系统设置）	https://beta18.pospal.cn/Inventory/ProductLimitStockSetting	身体套盒	custom-check	457_option_checkBoxDiv_1630322255767593456		checkBoxDiv	false	false	false	[]
ERIN000	排除商品设置>（来自系统设置）	https://beta18.pospal.cn/Inventory/ProductLimitStockSetting	院用消耗	custom-check	457_option_checkBoxDiv_1623544791996298963		checkBoxDiv	false	false	false	[]
ERIN000	排除商品设置>（来自系统设置）	https://beta18.pospal.cn/Inventory/ProductLimitStockSetting	礼品	custom-check	457_option_checkBoxDiv_1638004128236515854		checkBoxDiv	false	false	false	[]
ERIN000	排除商品设置>（来自系统设置）	https://beta18.pospal.cn/Inventory/ProductLimitStockSetting	苗方调理	custom-check	457_option_checkBoxDiv_1708595411221691850		checkBoxDiv	false	false	false	[]
ERIN000	排除商品设置>（来自系统设置）	https://beta18.pospal.cn/Inventory/ProductLimitStockSetting	DPL冰点无痛脱毛	custom-check	457_option_checkBoxDiv_1735889664984956581		checkBoxDiv	false	false	false	[]
ERIN000	排除商品设置>（来自系统设置）	https://beta18.pospal.cn/Inventory/ProductLimitStockSetting	历史项目	custom-check	457_option_checkBoxDiv_1735895126767999772		checkBoxDiv	false	false	false	[]
ERIN000	排除商品设置>（来自系统设置）	https://beta18.pospal.cn/Inventory/ProductLimitStockSetting	历史产品	custom-check	457_option_checkBoxDiv_1735901465701590916		checkBoxDiv	false	false	false	[]
ERIN000	排除商品设置>（来自系统设置）	https://beta18.pospal.cn/Inventory/ProductLimitStockSetting	基础养护	custom-check	457_option_checkBoxDiv_1779244896628309560		checkBoxDiv	false	false	false	[]
ERIN000	排除商品设置>（来自系统设置）	https://beta18.pospal.cn/Inventory/ProductLimitStockSetting	深层养护	custom-check	457_option_checkBoxDiv_1779244905308934257		checkBoxDiv	false	false	false	[]
ERIN000	排除商品设置>（来自系统设置）	https://beta18.pospal.cn/Inventory/ProductLimitStockSetting	肤质调理	custom-check	457_option_checkBoxDiv_1779244911724161478		checkBoxDiv	false	false	false	[]
ERIN000	排除商品设置>（来自系统设置）	https://beta18.pospal.cn/Inventory/ProductLimitStockSetting	深层疗肤	custom-check	457_option_checkBoxDiv_1779244925423145537		checkBoxDiv	false	false	false	[]
ERIN000	排除商品设置>（来自系统设置）	https://beta18.pospal.cn/Inventory/ProductLimitStockSetting	身体养护	custom-check	457_option_checkBoxDiv_1779244941470574268		checkBoxDiv	false	false	false	[]
ERIN000	排除商品设置>（来自系统设置）	https://beta18.pospal.cn/Inventory/ProductLimitStockSetting	养护套餐	custom-check	457_option_checkBoxDiv_1780282819961840614		checkBoxDiv	false	false	false	[]
ERIN000	排除商品设置>（来自系统设置）	https://beta18.pospal.cn/Inventory/ProductLimitStockSetting	珀斐莉	custom-check	659_option_checkBoxDiv_1622479420266736726		checkBoxDiv	false	false	false	[]
ERIN000	排除商品设置>（来自系统设置）	https://beta18.pospal.cn/Inventory/ProductLimitStockSetting	黛昂丝	custom-check	659_option_checkBoxDiv_1630126747679889632		checkBoxDiv	false	false	false	[]
ERIN000	排除商品设置>（来自系统设置）	https://beta18.pospal.cn/Inventory/ProductLimitStockSetting	倍扶因子	custom-check	659_option_checkBoxDiv_1630298069278505432		checkBoxDiv	false	false	false	[]
ERIN000	排除商品设置>（来自系统设置）	https://beta18.pospal.cn/Inventory/ProductLimitStockSetting	密斯	custom-check	659_option_checkBoxDiv_1659537523318123596		checkBoxDiv	false	false	false	[]
ERIN000	排除商品设置>（来自系统设置）	https://beta18.pospal.cn/Inventory/ProductLimitStockSetting	依妹儿	custom-check	659_option_checkBoxDiv_1659537523318137293		checkBoxDiv	false	false	false	[]
ERIN000	排除商品设置>（来自系统设置）	https://beta18.pospal.cn/Inventory/ProductLimitStockSetting	花诗爱	custom-check	659_option_checkBoxDiv_1659537523318402406		checkBoxDiv	false	false	false	[]
ERIN000	排除商品设置>（来自系统设置）	https://beta18.pospal.cn/Inventory/ProductLimitStockSetting	主角范	custom-check	659_option_checkBoxDiv_1659537523318482195		checkBoxDiv	false	false	false	[]
ERIN000	排除商品设置>（来自系统设置）	https://beta18.pospal.cn/Inventory/ProductLimitStockSetting	惠碧康	custom-check	659_option_checkBoxDiv_1659537523318767795		checkBoxDiv	false	false	false	[]
ERIN000	排除商品设置>（来自系统设置）	https://beta18.pospal.cn/Inventory/ProductLimitStockSetting	其他	custom-check	659_option_checkBoxDiv_1659537523318790399		checkBoxDiv	false	false	false	[]
ERIN000	排除商品设置>（来自系统设置）	https://beta18.pospal.cn/Inventory/ProductLimitStockSetting	微肽	custom-check	659_option_checkBoxDiv_1659537559985542398		checkBoxDiv	false	false	false	[]
ERIN000	排除商品设置>（来自系统设置）	https://beta18.pospal.cn/Inventory/ProductLimitStockSetting	康芙美	custom-check	659_option_checkBoxDiv_1725884748320318542		checkBoxDiv	false	false	false	[]
ERIN000	排除商品设置>（来自系统设置）	https://beta18.pospal.cn/Inventory/ProductLimitStockSetting	DMDC	custom-check	659_option_checkBoxDiv_1725884748320707477		checkBoxDiv	false	false	false	[]
ERIN000	排除商品设置>（来自系统设置）	https://beta18.pospal.cn/Inventory/ProductLimitStockSetting		textarea			textarea feedBackContent	false	false		[]
ERIN000	排除商品设置>（来自系统设置）	https://beta18.pospal.cn/Inventory/ProductLimitStockSetting	输入手机验证码	text			clean quantity txt_telVerifyCode	false	false		[]
ERIN000	排除商品设置>（来自系统设置）	https://beta18.pospal.cn/Inventory/ProductLimitStockSetting	不再提醒	custom-check			checkBoxDiv fl	false	false	false	[]
ERIN000	排除商品设置>（来自系统设置）	https://beta18.pospal.cn/Inventory/ProductLimitStockSetting	新会员注册通知	custom-check			checkBoxDiv on	false	false	true	[]
ERIN000	排除商品设置>（来自系统设置）	https://beta18.pospal.cn/Inventory/ProductLimitStockSetting	会员消费通知	custom-check			checkBoxDiv on	false	false	true	[]
ERIN000	排除商品设置>（来自系统设置）	https://beta18.pospal.cn/Inventory/ProductLimitStockSetting	网单发货通知	custom-check			checkBoxDiv on	false	false	true	[]
ERIN000	排除商品设置>（来自系统设置）	https://beta18.pospal.cn/Inventory/ProductLimitStockSetting	储值卡充值到账通知	custom-check			checkBoxDiv on	false	false	true	[]
ERIN000	排除商品设置>（来自系统设置）	https://beta18.pospal.cn/Inventory/ProductLimitStockSetting	搜问题…	text	txt_helpKeyword		HCSearchIpt	false	false		[]
ERIN000	排除商品设置>（来自系统设置）	https://beta18.pospal.cn/Inventory/ProductLimitStockSetting	请输入1000元以上金额	input			input quantity	false	false		[]
ERIN000	排除商品设置>（来自系统设置）	https://beta18.pospal.cn/Inventory/ProductLimitStockSetting	储值卡充值到账提醒	custom-check			checkBoxDiv on	false	false	true	[]
ERIN000	排除商品设置>（来自系统设置）	https://beta18.pospal.cn/Inventory/ProductLimitStockSetting	新会员注册-通知客户	custom-check			checkBoxDiv on	false	false	true	[]
ERIN000	排除商品设置>（来自系统设置）	https://beta18.pospal.cn/Inventory/ProductLimitStockSetting	请输入手机号	text			smsBalanceNoticeWidget_noticeTel edit_txt	false	false		[]
ERIN000	排除商品设置>（来自系统设置）	https://beta18.pospal.cn/Inventory/ProductLimitStockSetting	输入关键字，按回车搜索	text			searchInput	false	false		[]
ERIN000	排除商品设置>（来自系统设置）	https://beta18.pospal.cn/Inventory/ProductLimitStockSetting	请输入名称搜索	text			searchInput	false	false		[]
ERIN000	排除商品设置>（来自系统设置）	https://beta18.pospal.cn/Inventory/ProductLimitStockSetting	请输入门店账号，多个门店请用逗号、空格或换行分割	textarea			importSubStoreTextarea	false	false		[]
ERIN000	排除商品设置>（来自系统设置）	https://beta18.pospal.cn/Inventory/ProductLimitStockSetting	全部商品禁售	div			radioBoxDiv radioDivN on	true	false		[]
ERIN000	排除商品设置>（来自系统设置）	https://beta18.pospal.cn/Inventory/ProductLimitStockSetting	全部商品禁售	span				true	false		[]
ERIN000	报损单位设置（来自系统设置）	https://beta18.pospal.cn/ProductExt/ProductUnit	选择门店：	label			editLabel big	true	false		[]
ERIN000	报损单位设置（来自系统设置）	https://beta18.pospal.cn/ProductExt/ProductUnit	ERIN埃琳(总部)	custom-select	ddl_subUsers		singleSelector	true	false		[{"label":"ERIN埃琳(总部)","value":"4402557","selected":true},{"label":"001 - Mrs.HuaShi花诗肤人","value":"4402559","selected":false},{"label":"002 - erin002","value":"4402560","selected":false}]
ERIN000	报损单位设置（来自系统设置）	https://beta18.pospal.cn/ProductExt/ProductUnit		text			textInput	false	false		[]
ERIN000	报损单位设置（来自系统设置）	https://beta18.pospal.cn/ProductExt/ProductUnit	复制到门店	div	btnCopy		btnNOperation fr	true	false		[]
ERIN000	报损单位设置（来自系统设置）	https://beta18.pospal.cn/ProductExt/ProductUnit	导入	div			btnNWhite btnN32 fl btnImport	true	false		[]
ERIN000	报损单位设置（来自系统设置）	https://beta18.pospal.cn/ProductExt/ProductUnit	导出	div			btnNWhite btnN32 fl btnExport	true	false		[]
ERIN000	报损单位设置（来自系统设置）	https://beta18.pospal.cn/ProductExt/ProductUnit	按商品名称/条码	text			txt_search	true	false		[]
ERIN000	报损单位设置（来自系统设置）	https://beta18.pospal.cn/ProductExt/ProductUnit	采购单位	custom-select			ddl_purchaseUnits singleSelector	true	false		[{"label":"采购单位","value":"","selected":true},{"label":"盒","value":"1622366110248233389","selected":false},{"label":"支","value":"1622366110263391849","selected":false},{"label":"套","value":"1622366110263710057","selected":false},{"label":"片","value":"1622366110263855620","selected":false},{"label":"瓶","value":"1622366110263913524","selected":false},{"label":"桶","value":"1623635580831384169","selected":false},{"label":"次","value":"1696517198910898365","selected":false},{"label":"包","value":"1696518941683317767","selected":false},{"label":"卷","value":"1733647890247211378","selected":false},{"label":"箱","value":"1733647890247694145","selected":false}]
ERIN000	报损单位设置（来自系统设置）	https://beta18.pospal.cn/ProductExt/ProductUnit	订货单位	custom-select			ddl_requestUnits singleSelector	true	false		[{"label":"订货单位","value":"","selected":true},{"label":"未设置","value":"-1","selected":false},{"label":"盒","value":"1622366110248233389","selected":false},{"label":"支","value":"1622366110263391849","selected":false},{"label":"套","value":"1622366110263710057","selected":false},{"label":"片","value":"1622366110263855620","selected":false},{"label":"瓶","value":"1622366110263913524","selected":false},{"label":"桶","value":"1623635580831384169","selected":false},{"label":"次","value":"1696517198910898365","selected":false},{"label":"包","value":"1696518941683317767","selected":false},{"label":"卷","value":"1733647890247211378","selected":false},{"label":"箱","value":"1733647890247694145","selected":false}]
ERIN000	报损单位设置（来自系统设置）	https://beta18.pospal.cn/ProductExt/ProductUnit	副单位	custom-select			ddl_subUnits singleSelector	true	false		[{"label":"副单位","value":"","selected":true},{"label":"盒","value":"1622366110248233389","selected":false},{"label":"支","value":"1622366110263391849","selected":false},{"label":"套","value":"1622366110263710057","selected":false},{"label":"片","value":"1622366110263855620","selected":false},{"label":"瓶","value":"1622366110263913524","selected":false},{"label":"桶","value":"1623635580831384169","selected":false},{"label":"次","value":"1696517198910898365","selected":false},{"label":"包","value":"1696518941683317767","selected":false},{"label":"卷","value":"1733647890247211378","selected":false},{"label":"箱","value":"1733647890247694145","selected":false}]
ERIN000	报损单位设置（来自系统设置）	https://beta18.pospal.cn/ProductExt/ProductUnit	主单位	custom-select			ddl_baseUnits singleSelector	true	false		[{"label":"主单位","value":"","selected":true},{"label":"盒","value":"1622366110248233389","selected":false},{"label":"支","value":"1622366110263391849","selected":false},{"label":"套","value":"1622366110263710057","selected":false},{"label":"片","value":"1622366110263855620","selected":false},{"label":"瓶","value":"1622366110263913524","selected":false},{"label":"桶","value":"1623635580831384169","selected":false},{"label":"次","value":"1696517198910898365","selected":false},{"label":"包","value":"1696518941683317767","selected":false},{"label":"卷","value":"1733647890247211378","selected":false},{"label":"箱","value":"1733647890247694145","selected":false}]
ERIN000	报损单位设置（来自系统设置）	https://beta18.pospal.cn/ProductExt/ProductUnit	全部分类	custom-select			ddl_categorys singleSelector	true	false		[{"label":"全部分类","value":"","selected":true},{"label":"卸妆洁面","value":"1622366110201787444","selected":false},{"label":"养护套餐次卡","value":"1779244559662142154","selected":false},{"label":"水类","value":"1622366110201656852","selected":false},{"label":"基础养护次卡","value":"1779244536604603867","selected":false},{"label":"乳液类","value":"1622366110201879120","selected":false},{"label":"深层养护次卡","value":"1779244552008816401","selected":false},{"label":"精华液","value":"1622366110201918667","selected":false},{"label":"肤质调理次卡","value":"1779244578971200080","selected":false},{"label":"纯液原液","value":"1622366110201603017","selected":false},{"label":"苗方调理次卡","value":"1708596044867640374","selected":false},{"label":"面霜","value":"1622366110201951648","selected":false},{"label":"身体养护次卡","value":"1779244679582401737","selected":false},{"label":"面膜类","value":"1622366110201468600","selected":false},{"label":"DPL脱毛疗程","value":"1735898236282441961","selected":false},{"label":"其他","value":"1622366110201935999","selected":false},{"label":"深层疗肤次卡","value":"1779244665511938118","selected":false},{"label":"面部套盒","value":"1630326352164538105","selected":false},{"label":"历史卡项","value":"1735894490221823890","selected":false},{"label":"身体套盒","value":"1630322255767593456","selected":false},{"label":"院用消耗","value":"1623544791996298963","selected":false},{"label":"礼品","value":"1638004128236515854","selected":false},{"label":"苗方调理","value":"1708595411221691850","selected":false},{"label":"DPL冰点无痛脱毛","value":"1735889664984956581","selected":false},{"label":"历史项目","value":"1735895126767999772","selected":false},{"label":"历史产品","value":"1735901465701590916","selected":false},{"label":"基础养护","value":"1779244896628309560","selected":false},{"label":"深层养护","value":"1779244905308934257","selected":false},{"label":"肤质调理","value":"1779244911724161478","selected":false},{"label":"深层疗肤","value":"1779244925423145537","selected":false},{"label":"身体养护","value":"1779244941470574268","selected":false},{"label":"养护套餐","value":"1780282819961840614","selected":false},{"label":"无","value":"0","selected":false}]
ERIN000	报损单位设置（来自系统设置）	https://beta18.pospal.cn/ProductExt/ProductUnit	首页 前一页 第页共69页 下一页 尾页 每页10条	div			pRight textBtn	true	false		[]
ERIN000	报损单位设置（来自系统设置）	https://beta18.pospal.cn/ProductExt/ProductUnit	每页10条	custom-select			pageSize singleSelector	true	false		[{"label":"每页100条","value":"100","selected":false},{"label":"每页50条","value":"50","selected":false},{"label":"每页20条","value":"20","selected":false},{"label":"每页10条","value":"10","selected":true}]
ERIN000	报损单位设置（来自系统设置）	https://beta18.pospal.cn/ProductExt/ProductUnit		custom-check			checkBoxDiv checkBoxDivN selectAll	true	false	false	[]
ERIN000	报损单位设置（来自系统设置）	https://beta18.pospal.cn/ProductExt/ProductUnit	选择本页	custom-select			selectedType singleSelector	true	false		[{"label":"选择本页","value":"1","selected":true},{"label":"选择全部","value":"2","selected":false}]
ERIN000	报损单位设置（来自系统设置）	https://beta18.pospal.cn/ProductExt/ProductUnit	已选 0 项	div			btnNLabel	true	false		[]
ERIN000	报损单位设置（来自系统设置）	https://beta18.pospal.cn/ProductExt/ProductUnit	0	label			selectedNum	true	false		[]
ERIN000	报损单位设置（来自系统设置）	https://beta18.pospal.cn/ProductExt/ProductUnit	批量设置	div	btnBatchIsRequestUnit		operation_button batchBtn disable	true	false		[]
ERIN000	报损单位设置（来自系统设置）	https://beta18.pospal.cn/ProductExt/ProductUnit	新建单位	div			btnNBlue btnN32 btnAdd fl	false	false		[]
ERIN000	报损单位设置（来自系统设置）	https://beta18.pospal.cn/ProductExt/ProductUnit	按单位名称	text			txt_search	false	false		[]
ERIN000	报损单位设置（来自系统设置）	https://beta18.pospal.cn/ProductExt/ProductUnit	首页前一页第页共1页下一页尾页每页10条清除内容每页100条每页50条每页20条每页10条	div			pRight textBtn	false	false		[]
ERIN000	报损单位设置（来自系统设置）	https://beta18.pospal.cn/ProductExt/ProductUnit	商品名称:	label			editLabel	false	false		[]
ERIN000	报损单位设置（来自系统设置）	https://beta18.pospal.cn/ProductExt/ProductUnit	主单位：	label			editLabel	false	false		[]
ERIN000	报损单位设置（来自系统设置）	https://beta18.pospal.cn/ProductExt/ProductUnit	请选择	custom-select	edit_ddl_unit		singleSelector	false	false		[{"label":"请选择","value":"","selected":true}]
ERIN000	报损单位设置（来自系统设置）	https://beta18.pospal.cn/ProductExt/ProductUnit	编辑	div			bottom btnEdit	false	false		[]
ERIN000	报损单位设置（来自系统设置）	https://beta18.pospal.cn/ProductExt/ProductUnit	订货单位：	label			editLabel	false	false		[]
ERIN000	报损单位设置（来自系统设置）	https://beta18.pospal.cn/ProductExt/ProductUnit	请选择	custom-select	edit_ddl_requestUnit		singleSelector	false	false		[{"label":"请选择","value":"","selected":true}]
ERIN000	报损单位设置（来自系统设置）	https://beta18.pospal.cn/ProductExt/ProductUnit	同主单位	span			btnNOperation btnSetRequestToBase	false	false		[]
ERIN000	报损单位设置（来自系统设置）	https://beta18.pospal.cn/ProductExt/ProductUnit	采购单位：	label			editLabel	false	false		[]
ERIN000	报损单位设置（来自系统设置）	https://beta18.pospal.cn/ProductExt/ProductUnit	请选择	custom-select	edit_ddl_purchaseUnit		singleSelector	false	false		[{"label":"请选择","value":"","selected":true}]
ERIN000	报损单位设置（来自系统设置）	https://beta18.pospal.cn/ProductExt/ProductUnit	领料单位：	label			editLabel	false	false		[]
ERIN000	报损单位设置（来自系统设置）	https://beta18.pospal.cn/ProductExt/ProductUnit	不设置	custom-select	edit_ddl_pickingMaterialUnit		singleSelector	false	false		[{"label":"不设置","value":"","selected":true}]
ERIN000	报损单位设置（来自系统设置）	https://beta18.pospal.cn/ProductExt/ProductUnit	装箱单位：	label			editLabel	false	false		[]
ERIN000	报损单位设置（来自系统设置）	https://beta18.pospal.cn/ProductExt/ProductUnit	不设置	custom-select	edit_ddl_packingUnit		singleSelector	false	false		[{"label":"不设置","value":"","selected":true}]
ERIN000	报损单位设置（来自系统设置）	https://beta18.pospal.cn/ProductExt/ProductUnit	盘点单位：	label			editLabel	false	false		[]
ERIN000	报损单位设置（来自系统设置）	https://beta18.pospal.cn/ProductExt/ProductUnit	不设置	custom-select	edit_ddl_stockTakingUnit		singleSelector	false	false		[{"label":"不设置","value":"","selected":true}]
ERIN000	报损单位设置（来自系统设置）	https://beta18.pospal.cn/ProductExt/ProductUnit	下单单位：	label			editLabel	false	false		[]
ERIN000	报损单位设置（来自系统设置）	https://beta18.pospal.cn/ProductExt/ProductUnit	不设置	custom-select	edit_ddl_ticketUnit		singleSelector	false	false		[{"label":"不设置","value":"","selected":true}]
ERIN000	报损单位设置（来自系统设置）	https://beta18.pospal.cn/ProductExt/ProductUnit	外卖下单单位数量=外卖订单中商品数量 x	div			btnNLabel 	false	false		[]
ERIN000	报损单位设置（来自系统设置）	https://beta18.pospal.cn/ProductExt/ProductUnit	请输入	text				false	false		[]
ERIN000	报损单位设置（来自系统设置）	https://beta18.pospal.cn/ProductExt/ProductUnit	配方单位：	label			editLabel	false	false		[]
ERIN000	报损单位设置（来自系统设置）	https://beta18.pospal.cn/ProductExt/ProductUnit	不设置	custom-select	edit_ddl_bomUnit		singleSelector	false	false		[{"label":"不设置","value":"","selected":true}]
ERIN000	报损单位设置（来自系统设置）	https://beta18.pospal.cn/ProductExt/ProductUnit	报损单位：	label			editLabel	false	false		[]
ERIN000	报损单位设置（来自系统设置）	https://beta18.pospal.cn/ProductExt/ProductUnit	请选择	custom-select	edit_ddl_discardUnit		singleSelector	false	false		[{"label":"请选择","value":"","selected":true}]
ERIN000	报损单位设置（来自系统设置）	https://beta18.pospal.cn/ProductExt/ProductUnit	副单位：	label			editLabel	false	false		[]
ERIN000	报损单位设置（来自系统设置）	https://beta18.pospal.cn/ProductExt/ProductUnit	新增副单位	div	btnAddUnitExchange		btnNOperation 	false	false		[]
ERIN000	报损单位设置（来自系统设置）	https://beta18.pospal.cn/ProductExt/ProductUnit	请输入单位名称	text			unitName	false	false		[]
ERIN000	报损单位设置（来自系统设置）	https://beta18.pospal.cn/ProductExt/ProductUnit	下载模板	a	importTemplate		down	false	false		[]
ERIN000	报损单位设置（来自系统设置）	https://beta18.pospal.cn/ProductExt/ProductUnit		text	importFileName			false	false		[]
ERIN000	报损单位设置（来自系统设置）	https://beta18.pospal.cn/ProductExt/ProductUnit	选择文件	div	btnPickFile		fileBtn	false	false		[]
ERIN000	报损单位设置（来自系统设置）	https://beta18.pospal.cn/ProductExt/ProductUnit	导入文件为.xls的excel文件，大小不超过3M	textarea	importMsg		fileReport	false	false		[]
ERIN000	报损单位设置（来自系统设置）	https://beta18.pospal.cn/ProductExt/ProductUnit		textarea			textarea feedBackContent	false	false		[]
ERIN000	报损单位设置（来自系统设置）	https://beta18.pospal.cn/ProductExt/ProductUnit	输入手机验证码	text			clean quantity txt_telVerifyCode	false	false		[]
ERIN000	报损单位设置（来自系统设置）	https://beta18.pospal.cn/ProductExt/ProductUnit	不再提醒	custom-check			checkBoxDiv fl	false	false	false	[]
ERIN000	报损单位设置（来自系统设置）	https://beta18.pospal.cn/ProductExt/ProductUnit	新会员注册通知	custom-check			checkBoxDiv on	false	false	true	[]
ERIN000	报损单位设置（来自系统设置）	https://beta18.pospal.cn/ProductExt/ProductUnit	会员消费通知	custom-check			checkBoxDiv on	false	false	true	[]
ERIN000	报损单位设置（来自系统设置）	https://beta18.pospal.cn/ProductExt/ProductUnit	网单发货通知	custom-check			checkBoxDiv on	false	false	true	[]
ERIN000	报损单位设置（来自系统设置）	https://beta18.pospal.cn/ProductExt/ProductUnit	储值卡充值到账通知	custom-check			checkBoxDiv on	false	false	true	[]
ERIN000	报损单位设置（来自系统设置）	https://beta18.pospal.cn/ProductExt/ProductUnit	搜问题…	text	txt_helpKeyword		HCSearchIpt	false	false		[]
ERIN000	报损单位设置（来自系统设置）	https://beta18.pospal.cn/ProductExt/ProductUnit	请输入1000元以上金额	input			input quantity	false	false		[]
ERIN000	报损单位设置（来自系统设置）	https://beta18.pospal.cn/ProductExt/ProductUnit	储值卡充值到账提醒	custom-check			checkBoxDiv on	false	false	true	[]
ERIN000	报损单位设置（来自系统设置）	https://beta18.pospal.cn/ProductExt/ProductUnit	新会员注册-通知客户	custom-check			checkBoxDiv on	false	false	true	[]
ERIN000	报损单位设置（来自系统设置）	https://beta18.pospal.cn/ProductExt/ProductUnit	请输入手机号	text			smsBalanceNoticeWidget_noticeTel edit_txt	false	false		[]
ERIN000	报损单位设置（来自系统设置）	https://beta18.pospal.cn/ProductExt/ProductUnit	输入关键字，按回车搜索	text			searchInput	false	false		[]
ERIN000	报损单位设置（来自系统设置）	https://beta18.pospal.cn/ProductExt/ProductUnit	请输入名称搜索	text			searchInput	false	false		[]
ERIN000	报损单位设置（来自系统设置）	https://beta18.pospal.cn/ProductExt/ProductUnit	请输入门店账号，多个门店请用逗号、空格或换行分割	textarea			importSubStoreTextarea	false	false		[]
ERIN000	报损单位设置（来自系统设置）	https://beta18.pospal.cn/ProductExt/ProductUnit	商品单位设置	div			navItem on	true	false		[]
ERIN000	报损单位设置（来自系统设置）	https://beta18.pospal.cn/ProductExt/ProductUnit	单位库管理	div			navItem	true	false		[]
ERIN000	报损单位设置（来自系统设置）	https://beta18.pospal.cn/ProductExt/ProductUnit	首页	span			first	true	false		[]
ERIN000	报损单位设置（来自系统设置）	https://beta18.pospal.cn/ProductExt/ProductUnit	前一页	span			prev	true	false		[]
ERIN000	报损单位设置（来自系统设置）	https://beta18.pospal.cn/ProductExt/ProductUnit	下一页	span			next	true	false		[]
ERIN000	报损单位设置（来自系统设置）	https://beta18.pospal.cn/ProductExt/ProductUnit	尾页	span			end	true	false		[]
ERIN000	充值（来自账户管理）	https://beta18.pospal.cn/System/VAS	¥300 80000次	div			value-checker__content btnSelectAmount	false	false		[]
ERIN000	充值（来自账户管理）	https://beta18.pospal.cn/System/VAS	¥100 20000次	div			value-checker__content btnSelectAmount	false	false		[]
ERIN000	充值（来自账户管理）	https://beta18.pospal.cn/System/VAS	支付宝	div			value-checker__content btnSelectPaymethod	false	false		[]
ERIN000	充值（来自账户管理）	https://beta18.pospal.cn/System/VAS	微信支付	div			value-checker__content btnSelectPaymethod	false	false		[]
ERIN000	充值（来自账户管理）	https://beta18.pospal.cn/System/VAS	¥100	div			value-checker__content btnSelectAmount	false	false		[]
ERIN000	充值（来自账户管理）	https://beta18.pospal.cn/System/VAS	¥300	div			value-checker__content btnSelectAmount	false	false		[]
ERIN000	充值（来自账户管理）	https://beta18.pospal.cn/System/VAS	¥900	div			value-checker__content btnSelectAmount	false	false		[]
ERIN000	充值（来自账户管理）	https://beta18.pospal.cn/System/VAS	¥1500	div			value-checker__content btnSelectAmount	false	false		[]
ERIN000	充值（来自账户管理）	https://beta18.pospal.cn/System/VAS		checkbox	cb_rechargeWaiMaiAgreement			false	false	false	[]
ERIN000	充值（来自账户管理）	https://beta18.pospal.cn/System/VAS	¥99 1500次	div			value-checker__content btnSelectAmount	false	false		[]
ERIN000	充值（来自账户管理）	https://beta18.pospal.cn/System/VAS	¥199 4000次	div			value-checker__content btnSelectAmount	false	false		[]
ERIN000	充值（来自账户管理）	https://beta18.pospal.cn/System/VAS	会员消费通知	custom-check			checkBoxDiv on	false	false	true	[]
ERIN000	充值（来自账户管理）	https://beta18.pospal.cn/System/VAS	储值卡充值到账提醒	custom-check			checkBoxDiv on	false	false	true	[]
ERIN000	充值（来自账户管理）	https://beta18.pospal.cn/System/VAS	网单发货通知	custom-check			checkBoxDiv on	false	false	true	[]
ERIN000	充值（来自账户管理）	https://beta18.pospal.cn/System/VAS	新会员注册-通知客户	custom-check			checkBoxDiv on	false	false	true	[]
ERIN000	充值（来自账户管理）	https://beta18.pospal.cn/System/VAS		text			edit_txt phone	false	false		[]
ERIN000	充值（来自账户管理）	https://beta18.pospal.cn/System/VAS		textarea			textarea feedBackContent	false	false		[]
ERIN000	充值（来自账户管理）	https://beta18.pospal.cn/System/VAS	输入手机验证码	text			clean quantity txt_telVerifyCode	false	false		[]
ERIN000	充值（来自账户管理）	https://beta18.pospal.cn/System/VAS	不再提醒	custom-check			checkBoxDiv fl	false	false	false	[]
ERIN000	充值（来自账户管理）	https://beta18.pospal.cn/System/VAS	新会员注册通知	custom-check			checkBoxDiv on	false	false	true	[]
ERIN000	充值（来自账户管理）	https://beta18.pospal.cn/System/VAS	储值卡充值到账通知	custom-check			checkBoxDiv on	false	false	true	[]
ERIN000	充值（来自账户管理）	https://beta18.pospal.cn/System/VAS	搜问题…	text	txt_helpKeyword		HCSearchIpt	false	false		[]
ERIN000	充值（来自账户管理）	https://beta18.pospal.cn/System/VAS	请输入1000元以上金额	input			input quantity	false	false		[]
ERIN000	充值（来自账户管理）	https://beta18.pospal.cn/System/VAS	请输入手机号	text			smsBalanceNoticeWidget_noticeTel edit_txt	false	false		[]
ERIN000	充值（来自账户管理）	https://beta18.pospal.cn/System/VAS	输入关键字，按回车搜索	text			searchInput	false	false		[]
ERIN000	充值（来自账户管理）	https://beta18.pospal.cn/System/VAS	请输入名称搜索	text			searchInput	false	false		[]
ERIN000	充值（来自账户管理）	https://beta18.pospal.cn/System/VAS	请输入门店账号，多个门店请用逗号、空格或换行分割	textarea			importSubStoreTextarea	false	false		[]
ERIN000	充值（来自账户管理）	https://beta18.pospal.cn/System/VAS	立即充值	div	btnRechargeSms		value-added__blue	true	false		[]
ERIN000	充值（来自账户管理）	https://beta18.pospal.cn/System/VAS	立即充值	div	btnRechargeAFR		value-added__blue	true	false		[]
ERIN000	充值（来自账户管理）	https://beta18.pospal.cn/System/VAS	立即充值	div	btnRechargeWaimai		value-added__blue	true	false		[]
ERIN000	充值（来自账户管理）	https://beta18.pospal.cn/System/VAS	立即充值	div	btnRechargeOCR		value-added__blue	true	false		[]
ERIN000	充值（来自账户管理）	https://beta18.pospal.cn/System/VAS	立即充值	div	btnRechargeElectronicContract		value-added__blue	true	false		[]
ERIN000	立即设置（下钻）	https://beta18.pospal.cn/CustomerSetting/Point	复制到..	div			conditionLeft textBtn	true	false		[]
ERIN000	立即设置（下钻）	https://beta18.pospal.cn/CustomerSetting/Point	复制到..	div	btnCopy		btnBlue	true	false		[]
ERIN000	立即设置（下钻）	https://beta18.pospal.cn/CustomerSetting/Point	ERIN埃琳(总部)	custom-select	ddl_subUsers		singleSelector	true	false		[{"label":"ERIN埃琳(总部)","value":"4402557","selected":true},{"label":"001 - Mrs.HuaShi花诗肤人","value":"4402559","selected":false},{"label":"002 - erin002","value":"4402560","selected":false}]
ERIN000	立即设置（下钻）	https://beta18.pospal.cn/CustomerSetting/Point		text			textInput	false	false		[]
ERIN000	立即设置（下钻）	https://beta18.pospal.cn/CustomerSetting/Point	- 收起	div			partHead-switch down-btn	true	false		[]
ERIN000	立即设置（下钻）	https://beta18.pospal.cn/CustomerSetting/Point	元	label				false	false		[]
ERIN000	立即设置（下钻）	https://beta18.pospal.cn/CustomerSetting/Point	积分取整	custom-check	cb_floorPoint		checkBoxDiv	true	false	false	[]
ERIN000	立即设置（下钻）	https://beta18.pospal.cn/CustomerSetting/Point	无码商品参与积分	custom-check	cb_barcodeProductPoint		checkBoxDiv	true	false	false	[]
ERIN000	立即设置（下钻）	https://beta18.pospal.cn/CustomerSetting/Point	促销商品不积分	custom-check	cb_discountNoPoint		checkBoxDiv	true	false	false	[]
ERIN000	立即设置（下钻）	https://beta18.pospal.cn/CustomerSetting/Point	营销活动不积分	custom-check	cb_marketingActivityNotPoint		checkBoxDiv	true	false	false	[]
ERIN000	立即设置（下钻）	https://beta18.pospal.cn/CustomerSetting/Point	会员折扣，会员价不积分	custom-check	cb_vipPriceNotPoint		checkBoxDiv	true	false	false	[]
ERIN000	立即设置（下钻）	https://beta18.pospal.cn/CustomerSetting/Point	已选择 8 项	custom-select	ddl_limitPaymentMethod		singleSelector is-new multiple	true	false		[{"label":"现金","value":"1,6","selected":true},{"label":"银联卡","value":"3","selected":true},{"label":"会员储值卡","value":"2,7","selected":false},{"label":"次卡","value":"4","selected":false},{"label":"折扣卡","value":"19","selected":false},{"label":"预付卡","value":"48","selected":true},{"label":"卡对卡充值","value":"-95","selected":true},{"label":"支付宝支付","value":"11,8,15","selected":true},{"label":"微信支付","value":"13,14,17","selected":true},{"label":"美团","value":"101","selected":true},{"label":"POS机","value":"102","selected":true}]
ERIN000	立即设置（下钻）	https://beta18.pospal.cn/CustomerSetting/Point	全选	custom-check	cb_checkAll		checkBoxDiv	false	false	false	[]
ERIN000	立即设置（下钻）	https://beta18.pospal.cn/CustomerSetting/Point	分	label				false	false		[]
ERIN000	立即设置（下钻）	https://beta18.pospal.cn/CustomerSetting/Point	%	label				false	false		[]
ERIN000	立即设置（下钻）	https://beta18.pospal.cn/CustomerSetting/Point	保存设置	div			go-decoration-btn	true	false		[]
ERIN000	立即设置（下钻）	https://beta18.pospal.cn/CustomerSetting/Point	保存设置	div	btnSavePointRule		btnBlue14 is-new	true	false		[]
ERIN000	立即设置（下钻）	https://beta18.pospal.cn/CustomerSetting/Point	添加	div			btnBlue12 is-new btnAdd	true	false		[]
ERIN000	立即设置（下钻）	https://beta18.pospal.cn/CustomerSetting/Point	使用指引	a			operation2	true	false		[]
ERIN000	立即设置（下钻）	https://beta18.pospal.cn/CustomerSetting/Point	前往设置	a			operation2	true	false		[]
ERIN000	立即设置（下钻）	https://beta18.pospal.cn/CustomerSetting/Point	兑换礼品	custom-check	cb_exchangeType_product		checkBoxDiv	true	false	false	[]
ERIN000	立即设置（下钻）	https://beta18.pospal.cn/CustomerSetting/Point	设置可兑换礼品	a			operation2 bindExchangeProducts	false	false		[]
ERIN000	立即设置（下钻）	https://beta18.pospal.cn/CustomerSetting/Point	删除	a			operation2	false	false		[]
ERIN000	立即设置（下钻）	https://beta18.pospal.cn/CustomerSetting/Point	添加兑换规则	div			btnAddExchangeProductsRule	false	false		[]
ERIN000	立即设置（下钻）	https://beta18.pospal.cn/CustomerSetting/Point	抵扣现金	custom-check	cb_exchangeType_amount		checkBoxDiv on	true	false	true	[]
ERIN000	立即设置（下钻）	https://beta18.pospal.cn/CustomerSetting/Point	只允许在上方可用积分范围内抵现	custom-check	cb_shortfallExchangeable		checkBoxDiv	false	false	false	[]
ERIN000	立即设置（下钻）	https://beta18.pospal.cn/CustomerSetting/Point	积分	label				true	false		[]
ERIN000	立即设置（下钻）	https://beta18.pospal.cn/CustomerSetting/Point	指定日期	custom-select	ddl_limitDateType		is-new singleSelector	false	false		[{"label":"指定日期","value":"1","selected":false},{"label":"固定每月","value":"2","selected":false},{"label":"固定每周","value":"3","selected":false}]
ERIN000	立即设置（下钻）	https://beta18.pospal.cn/CustomerSetting/Point		text	beginDateTimeForLimitDate		inputN inputN30 hasDatepicker	false	false		[]
ERIN000	立即设置（下钻）	https://beta18.pospal.cn/CustomerSetting/Point		text	endDateTimeForLimitDate		inputN inputN30 hasDatepicker	false	false		[]
ERIN000	立即设置（下钻）	https://beta18.pospal.cn/CustomerSetting/Point	请选择日期	custom-select	ddl_limitDateMonthDay		is-new singleSelector multiple	false	false		[{"label":"1","value":"1","selected":false},{"label":"2","value":"2","selected":false},{"label":"3","value":"3","selected":false},{"label":"4","value":"4","selected":false},{"label":"5","value":"5","selected":false},{"label":"6","value":"6","selected":false},{"label":"7","value":"7","selected":false},{"label":"8","value":"8","selected":false},{"label":"9","value":"9","selected":false},{"label":"10","value":"10","selected":false},{"label":"11","value":"11","selected":false},{"label":"12","value":"12","selected":false},{"label":"13","value":"13","selected":false},{"label":"14","value":"14","selected":false},{"label":"15","value":"15","selected":false},{"label":"16","value":"16","selected":false},{"label":"17","value":"17","selected":false},{"label":"18","value":"18","selected":false},{"label":"19","value":"19","selected":false},{"label":"20","value":"20","selected":false},{"label":"21","value":"21","selected":false},{"label":"22","value":"22","selected":false},{"label":"23","value":"23","selected":false},{"label":"24","value":"24","selected":false},{"label":"25","value":"25","selected":false},{"label":"26","value":"26","selected":false},{"label":"27","value":"27","selected":false},{"label":"28","value":"28","selected":false},{"label":"29","value":"29","selected":false},{"label":"30","value":"30","selected":false},{"label":"31","value":"31","selected":false}]
ERIN000	立即设置（下钻）	https://beta18.pospal.cn/CustomerSetting/Point	星期一	custom-select	ddl_limitDateWeekDay		is-new singleSelector	false	false		[{"label":"星期一","value":"1","selected":false},{"label":"星期二","value":"2","selected":false},{"label":"星期三","value":"3","selected":false},{"label":"星期四","value":"4","selected":false},{"label":"星期五","value":"5","selected":false},{"label":"星期六","value":"6","selected":false},{"label":"星期日","value":"7","selected":false}]
ERIN000	立即设置（下钻）	https://beta18.pospal.cn/CustomerSetting/Point	在每年的1月1号凌晨，重置会员的积分为0	custom-check	cb_pointReset		checkBoxDiv	false	false	false	[]
ERIN000	立即设置（下钻）	https://beta18.pospal.cn/CustomerSetting/Point	保存设置	div	btnSaveCustomerPointExchange		btnBlue14 is-new	true	false		[]
ERIN000	立即设置（下钻）	https://beta18.pospal.cn/CustomerSetting/Point	1	custom-select	ddl_month		singleSelector	true	false		[{"label":"1","value":"1","selected":true},{"label":"2","value":"2","selected":false},{"label":"3","value":"3","selected":false},{"label":"4","value":"4","selected":false},{"label":"5","value":"5","selected":false},{"label":"6","value":"6","selected":false},{"label":"7","value":"7","selected":false},{"label":"8","value":"8","selected":false},{"label":"9","value":"9","selected":false},{"label":"10","value":"10","selected":false},{"label":"11","value":"11","selected":false},{"label":"12","value":"12","selected":false}]
ERIN000	立即设置（下钻）	https://beta18.pospal.cn/CustomerSetting/Point	1	custom-select	ddl_day		singleSelector	true	false		[{"label":"1","value":"1","selected":true},{"label":"2","value":"2","selected":false},{"label":"3","value":"3","selected":false},{"label":"4","value":"4","selected":false},{"label":"5","value":"5","selected":false},{"label":"6","value":"6","selected":false},{"label":"7","value":"7","selected":false},{"label":"8","value":"8","selected":false},{"label":"9","value":"9","selected":false},{"label":"10","value":"10","selected":false},{"label":"11","value":"11","selected":false},{"label":"12","value":"12","selected":false},{"label":"13","value":"13","selected":false},{"label":"14","value":"14","selected":false},{"label":"15","value":"15","selected":false},{"label":"16","value":"16","selected":false},{"label":"17","value":"17","selected":false},{"label":"18","value":"18","selected":false},{"label":"19","value":"19","selected":false},{"label":"20","value":"20","selected":false},{"label":"21","value":"21","selected":false},{"label":"22","value":"22","selected":false},{"label":"23","value":"23","selected":false},{"label":"24","value":"24","selected":false},{"label":"25","value":"25","selected":false},{"label":"26","value":"26","selected":false},{"label":"27","value":"27","selected":false},{"label":"28","value":"28","selected":false},{"label":"29","value":"29","selected":false},{"label":"30","value":"30","selected":false},{"label":"31","value":"31","selected":false}]
ERIN000	立即设置（下钻）	https://beta18.pospal.cn/CustomerSetting/Point	0	custom-select	ddl_nearMonth		singleSelector	true	false		[{"label":"0","value":"0","selected":true},{"label":"1","value":"1","selected":false},{"label":"2","value":"2","selected":false},{"label":"3","value":"3","selected":false},{"label":"4","value":"4","selected":false},{"label":"5","value":"5","selected":false},{"label":"6","value":"6","selected":false},{"label":"7","value":"7","selected":false},{"label":"8","value":"8","selected":false},{"label":"9","value":"9","selected":false},{"label":"10","value":"10","selected":false},{"label":"11","value":"11","selected":false},{"label":"12","value":"12","selected":false}]
ERIN000	立即设置（下钻）	https://beta18.pospal.cn/CustomerSetting/Point	0	custom-select	ddl_nearMonthOne		singleSelector	false	false		[{"label":"0","value":"0","selected":true},{"label":"1","value":"1","selected":false},{"label":"2","value":"2","selected":false},{"label":"3","value":"3","selected":false},{"label":"4","value":"4","selected":false},{"label":"5","value":"5","selected":false},{"label":"6","value":"6","selected":false},{"label":"7","value":"7","selected":false},{"label":"8","value":"8","selected":false},{"label":"9","value":"9","selected":false},{"label":"10","value":"10","selected":false},{"label":"11","value":"11","selected":false},{"label":"12","value":"12","selected":false}]
ERIN000	立即设置（下钻）	https://beta18.pospal.cn/CustomerSetting/Point	保存设置	div	btnSaveCustomerPointResetRule		btnBlue14 is-new	true	false		[]
ERIN000	立即设置（下钻）	https://beta18.pospal.cn/CustomerSetting/Point	搜索	div			submitBtn btnSearchByKeyword	false	false		[]
ERIN000	立即设置（下钻）	https://beta18.pospal.cn/CustomerSetting/Point	- 全部商品分类 -	custom-select			singleSelector ddl_category	false	false		[{"label":"- 全部商品分类 -","value":"","selected":true},{"label":"卸妆洁面","value":"1622366110201787444","selected":false},{"label":"养护套餐次卡","value":"1779244559662142154","selected":false},{"label":"水类","value":"1622366110201656852","selected":false},{"label":"基础养护次卡","value":"1779244536604603867","selected":false},{"label":"乳液类","value":"1622366110201879120","selected":false},{"label":"深层养护次卡","value":"1779244552008816401","selected":false},{"label":"精华液","value":"1622366110201918667","selected":false},{"label":"肤质调理次卡","value":"1779244578971200080","selected":false},{"label":"纯液原液","value":"1622366110201603017","selected":false},{"label":"苗方调理次卡","value":"1708596044867640374","selected":false},{"label":"面霜","value":"1622366110201951648","selected":false},{"label":"身体养护次卡","value":"1779244679582401737","selected":false},{"label":"面膜类","value":"1622366110201468600","selected":false},{"label":"DPL脱毛疗程","value":"1735898236282441961","selected":false},{"label":"其他","value":"1622366110201935999","selected":false},{"label":"深层疗肤次卡","value":"1779244665511938118","selected":false},{"label":"面部套盒","value":"1630326352164538105","selected":false},{"label":"历史卡项","value":"1735894490221823890","selected":false},{"label":"身体套盒","value":"1630322255767593456","selected":false},{"label":"院用消耗","value":"1623544791996298963","selected":false},{"label":"礼品","value":"1638004128236515854","selected":false},{"label":"苗方调理","value":"1708595411221691850","selected":false},{"label":"DPL冰点无痛脱毛","value":"1735889664984956581","selected":false},{"label":"历史项目","value":"1735895126767999772","selected":false},{"label":"历史产品","value":"1735901465701590916","selected":false},{"label":"基础养护","value":"1779244896628309560","selected":false},{"label":"深层养护","value":"1779244905308934257","selected":false},{"label":"肤质调理","value":"1779244911724161478","selected":false},{"label":"深层疗肤","value":"1779244925423145537","selected":false},{"label":"身体养护","value":"1779244941470574268","selected":false},{"label":"养护套餐","value":"1780282819961840614","selected":false}]
ERIN000	立即设置（下钻）	https://beta18.pospal.cn/CustomerSetting/Point	完成	div			btnBlue12 btnCloseAll	false	false		[]
ERIN000	立即设置（下钻）	https://beta18.pospal.cn/CustomerSetting/Point	收起	div			btnGrey12 btnToogleSelectProductDiv	false	false		[]
ERIN000	立即设置（下钻）	https://beta18.pospal.cn/CustomerSetting/Point	添加商品	div			btnBlue12 btnGreen btnToogleSelectProductDiv	false	false		[]
ERIN000	立即设置（下钻）	https://beta18.pospal.cn/CustomerSetting/Point	清空商品	div			btnGrey12 btnCleanAddedProducts	false	false		[]
ERIN000	立即设置（下钻）	https://beta18.pospal.cn/CustomerSetting/Point	积分倍数：	label				false	false		[]
ERIN000	立即设置（下钻）	https://beta18.pospal.cn/CustomerSetting/Point	适用等级：	label				false	false		[]
ERIN000	立即设置（下钻）	https://beta18.pospal.cn/CustomerSetting/Point	已选择 0 种等级	custom-select	ddl_categorySelector		singleSelector multiple	false	false		[{"label":"花诗会员","value":"10000","selected":false},{"label":"紫花会员","value":"1622889357649139124","selected":false},{"label":"银花会员","value":"1732448192165342502","selected":false},{"label":"金花会员","value":"1732451084262955332","selected":false},{"label":"玉花会员","value":"1732451098253968386","selected":false}]
ERIN000	立即设置（下钻）	https://beta18.pospal.cn/CustomerSetting/Point	已选择 0 种等级	custom-select	ddl_categoryFestivalSelector		singleSelector multiple	false	false		[{"label":"花诗会员","value":"10000","selected":false},{"label":"紫花会员","value":"1622889357649139124","selected":false},{"label":"银花会员","value":"1732448192165342502","selected":false},{"label":"金花会员","value":"1732451084262955332","selected":false},{"label":"玉花会员","value":"1732451098253968386","selected":false}]
ERIN000	立即设置（下钻）	https://beta18.pospal.cn/CustomerSetting/Point	适用日期:	label				false	false		[]
ERIN000	立即设置（下钻）	https://beta18.pospal.cn/CustomerSetting/Point	适用日期:	text	txt_beginDate		edit_txt hasDatepicker	false	false		[]
ERIN000	立即设置（下钻）	https://beta18.pospal.cn/CustomerSetting/Point		text	txt_endDate		edit_txt hasDatepicker	false	false		[]
ERIN000	立即设置（下钻）	https://beta18.pospal.cn/CustomerSetting/Point	已选择 0 天	custom-select	ddl_weekSelector		singleSelector multiple	false	false		[{"label":"星期一","value":"1","selected":false},{"label":"星期二","value":"2","selected":false},{"label":"星期三","value":"3","selected":false},{"label":"星期四","value":"4","selected":false},{"label":"星期五","value":"5","selected":false},{"label":"星期六","value":"6","selected":false},{"label":"星期天","value":"7","selected":false}]
ERIN000	立即设置（下钻）	https://beta18.pospal.cn/CustomerSetting/Point	倍	label			pop-item__label	false	false		[]
ERIN000	立即设置（下钻）	https://beta18.pospal.cn/CustomerSetting/Point	全选	custom-check	cb_checkProductAll		checkBoxDiv	false	false	false	[]
ERIN000	立即设置（下钻）	https://beta18.pospal.cn/CustomerSetting/Point	删除	div			btnRed btnDelete	false	false		[]
ERIN000	立即设置（下钻）	https://beta18.pospal.cn/CustomerSetting/Point	下载模板	a	importTemplate		down	false	false		[]
ERIN000	立即设置（下钻）	https://beta18.pospal.cn/CustomerSetting/Point		text	importFileName			false	false		[]
ERIN000	立即设置（下钻）	https://beta18.pospal.cn/CustomerSetting/Point	选择文件	div	btnPickFile		fileBtn	false	false		[]
ERIN000	立即设置（下钻）	https://beta18.pospal.cn/CustomerSetting/Point	导入文件为.xls、.xlsx的excel文件，大小不超过3MB，单次上传商品数量上限为 1000 条	textarea	importMsg		fileReport	false	false		[]
ERIN000	立即设置（下钻）	https://beta18.pospal.cn/CustomerSetting/Point	全选（同步选项）	custom-check	attributeCheckBoxAll		checkBoxDiv all on	false	false	true	[]
ERIN000	立即设置（下钻）	https://beta18.pospal.cn/CustomerSetting/Point	积分累计规则	custom-check			checkBoxDiv on	false	false	true	[]
ERIN000	立即设置（下钻）	https://beta18.pospal.cn/CustomerSetting/Point	多倍积分设置	custom-check			checkBoxDiv on	false	false	true	[]
ERIN000	立即设置（下钻）	https://beta18.pospal.cn/CustomerSetting/Point	积分兑换规则	custom-check			checkBoxDiv on	false	false	true	[]
ERIN000	立即设置（下钻）	https://beta18.pospal.cn/CustomerSetting/Point	清空积分设置	custom-check			checkBoxDiv on	false	false	true	[]
ERIN000	立即设置（下钻）	https://beta18.pospal.cn/CustomerSetting/Point		textarea			textarea feedBackContent	false	false		[]
ERIN000	立即设置（下钻）	https://beta18.pospal.cn/CustomerSetting/Point	输入手机验证码	text			clean quantity txt_telVerifyCode	false	false		[]
ERIN000	立即设置（下钻）	https://beta18.pospal.cn/CustomerSetting/Point	不再提醒	custom-check			checkBoxDiv fl	false	false	false	[]
ERIN000	立即设置（下钻）	https://beta18.pospal.cn/CustomerSetting/Point	新会员注册通知	custom-check			checkBoxDiv on	false	false	true	[]
ERIN000	立即设置（下钻）	https://beta18.pospal.cn/CustomerSetting/Point	会员消费通知	custom-check			checkBoxDiv on	false	false	true	[]
ERIN000	立即设置（下钻）	https://beta18.pospal.cn/CustomerSetting/Point	网单发货通知	custom-check			checkBoxDiv on	false	false	true	[]
ERIN000	立即设置（下钻）	https://beta18.pospal.cn/CustomerSetting/Point	储值卡充值到账通知	custom-check			checkBoxDiv on	false	false	true	[]
ERIN000	立即设置（下钻）	https://beta18.pospal.cn/CustomerSetting/Point	搜问题…	text	txt_helpKeyword		HCSearchIpt	false	false		[]
ERIN000	立即设置（下钻）	https://beta18.pospal.cn/CustomerSetting/Point	请输入1000元以上金额	input			input quantity	false	false		[]
ERIN000	立即设置（下钻）	https://beta18.pospal.cn/CustomerSetting/Point	储值卡充值到账提醒	custom-check			checkBoxDiv on	false	false	true	[]
ERIN000	立即设置（下钻）	https://beta18.pospal.cn/CustomerSetting/Point	新会员注册-通知客户	custom-check			checkBoxDiv on	false	false	true	[]
ERIN000	立即设置（下钻）	https://beta18.pospal.cn/CustomerSetting/Point	请输入手机号	text			smsBalanceNoticeWidget_noticeTel edit_txt	false	false		[]
ERIN000	立即设置（下钻）	https://beta18.pospal.cn/CustomerSetting/Point	输入关键字，按回车搜索	text			searchInput	false	false		[]
ERIN000	立即设置（下钻）	https://beta18.pospal.cn/CustomerSetting/Point	请输入名称搜索	text			searchInput	false	false		[]
ERIN000	立即设置（下钻）	https://beta18.pospal.cn/CustomerSetting/Point	请输入门店账号，多个门店请用逗号、空格或换行分割	textarea			importSubStoreTextarea	false	false		[]
ERIN000	立即设置（下钻）	https://beta18.pospal.cn/CustomerSetting/Point	按商品积分	div	btnShowCategoryPoint		point-toggle	true	false		[]
ERIN000	立即设置（下钻）	https://beta18.pospal.cn/CustomerSetting/Point	按商品积分	span				true	false		[]
ERIN000	立即设置（下钻）	https://beta18.pospal.cn/CustomerSetting/Point	积分取整	span				true	false		[]
ERIN000	立即设置（下钻）	https://beta18.pospal.cn/CustomerSetting/Point	无码商品参与积分	span				true	false		[]
ERIN000	立即设置（下钻）	https://beta18.pospal.cn/CustomerSetting/Point	促销商品不积分	span				true	false		[]
ERIN000	立即设置（下钻）	https://beta18.pospal.cn/CustomerSetting/Point	营销活动不积分	span				true	false		[]
ERIN000	立即设置（下钻）	https://beta18.pospal.cn/CustomerSetting/Point	会员折扣，会员价不积分	span				true	false		[]
ERIN000	立即设置（下钻）	https://beta18.pospal.cn/CustomerSetting/Point	编辑	span			is-oper-first edit edit	true	false		[]
ERIN000	立即设置（下钻）	https://beta18.pospal.cn/CustomerSetting/Point	删除	span			delete	true	false		[]
ERIN000	立即设置（下钻）	https://beta18.pospal.cn/CustomerSetting/Point	兑换礼品	span				true	false		[]
ERIN000	立即设置（下钻）	https://beta18.pospal.cn/CustomerSetting/Point	抵扣现金	span				true	false		[]
ERIN000	查看（下钻）	https://beta18.pospal.cn/Inventory/ProductStockCountSummary	导出 上次汇总时间：2022-10-12 12:42:17	div			conditionLeft textBtn	true	false		[]
ERIN000	查看（下钻）	https://beta18.pospal.cn/Inventory/ProductStockCountSummary	导出	div	btnExport		btnBlue	true	false		[]
ERIN000	查看（下钻）	https://beta18.pospal.cn/Inventory/ProductStockCountSummary	合并多规格商品	custom-check	radioBox		radioBox	true	false	false	[]
ERIN000	查看（下钻）	https://beta18.pospal.cn/Inventory/ProductStockCountSummary	当前门店	custom-select	ddl_subUsers		singleSelector	false	false		[{"label":"当前门店","value":"4402557","selected":true}]
ERIN000	查看（下钻）	https://beta18.pospal.cn/Inventory/ProductStockCountSummary		text			textInput	false	false		[]
ERIN000	查看（下钻）	https://beta18.pospal.cn/Inventory/ProductStockCountSummary	全部分类	custom-select	ddl_category		singleSelector	false	false		[{"label":"全部分类","value":"","selected":true},{"label":"卸妆洁面","value":"1622366110201787444","selected":false},{"label":"水类","value":"1622366110201656852","selected":false},{"label":"乳液类","value":"1622366110201879120","selected":false},{"label":"精华液","value":"1622366110201918667","selected":false},{"label":"纯液原液","value":"1622366110201603017","selected":false},{"label":"面霜","value":"1622366110201951648","selected":false},{"label":"面膜类","value":"1622366110201468600","selected":false},{"label":"其他","value":"1622366110201935999","selected":false},{"label":"面部套盒","value":"1630326352164538105","selected":false},{"label":"身体套盒","value":"1630322255767593456","selected":false},{"label":"院用消耗","value":"1623544791996298963","selected":false},{"label":"礼品","value":"1638004128236515854","selected":false},{"label":"历史产品","value":"1735901465701590916","selected":false},{"label":"无","value":"0","selected":false}]
ERIN000	查看（下钻）	https://beta18.pospal.cn/Inventory/ProductStockCountSummary	全部标签	custom-select	ddl_productTag		singleSelector	false	false		[{"label":"全部标签","value":"","selected":true},{"label":"网店分类标签","value":"g1639965536500892752","selected":false},{"label":"家居产品","value":"1639965556788658307","selected":false},{"label":"门店产品","value":"1639965639055383287","selected":false}]
ERIN000	查看（下钻）	https://beta18.pospal.cn/Inventory/ProductStockCountSummary	条码/名称/拼音码	text	txt_keyword		textInput	true	false		[]
ERIN000	查看（下钻）	https://beta18.pospal.cn/Inventory/ProductStockCountSummary	查询	div			submitBtn	true	false		[]
ERIN000	查看（下钻）	https://beta18.pospal.cn/Inventory/ProductStockCountSummary	高级搜索	div	advancedBtn		advancedBtn	true	false		[]
ERIN000	查看（下钻）	https://beta18.pospal.cn/Inventory/ProductStockCountSummary	重新搜索	div	btnAdvanceResearch		reSeachBtn	false	false		[]
ERIN000	查看（下钻）	https://beta18.pospal.cn/Inventory/ProductStockCountSummary	选择分类	custom-select	selectCategory		multiSelector	false	false		[]
ERIN000	查看（下钻）	https://beta18.pospal.cn/Inventory/ProductStockCountSummary	选择品牌	custom-select	selectedBrands		multiSelector	false	false		[]
ERIN000	查看（下钻）	https://beta18.pospal.cn/Inventory/ProductStockCountSummary	选择标签	custom-select			multiSelector	false	false		[]
ERIN000	查看（下钻）	https://beta18.pospal.cn/Inventory/ProductStockCountSummary	选择供应商	custom-select	selectedSuppliers		multiSelector	false	false		[]
ERIN000	查看（下钻）	https://beta18.pospal.cn/Inventory/ProductStockCountSummary		text	txt_startDatetime		txtEidt edit_txt hasDatepicker	false	false		[]
ERIN000	查看（下钻）	https://beta18.pospal.cn/Inventory/ProductStockCountSummary		text	txt_endDatetime		txtEidt edit_txt hasDatepicker	false	false		[]
ERIN000	查看（下钻）	https://beta18.pospal.cn/Inventory/ProductStockCountSummary	元	label			txt-right	false	false		[]
ERIN000	查看（下钻）	https://beta18.pospal.cn/Inventory/ProductStockCountSummary		text	minSellPrice		edit_txt edit-short	false	false		[]
ERIN000	查看（下钻）	https://beta18.pospal.cn/Inventory/ProductStockCountSummary		text	maxSellPrice		edit_txt  edit-short	false	false		[]
ERIN000	查看（下钻）	https://beta18.pospal.cn/Inventory/ProductStockCountSummary		text	minStock		edit_txt edit-short	false	false		[]
ERIN000	查看（下钻）	https://beta18.pospal.cn/Inventory/ProductStockCountSummary		text	maxStock		edit_txt  edit-short	false	false		[]
ERIN000	查看（下钻）	https://beta18.pospal.cn/Inventory/ProductStockCountSummary	输入关键字查询	text	txt_spe		edit_txt edit-search	false	false		[]
ERIN000	查看（下钻）	https://beta18.pospal.cn/Inventory/ProductStockCountSummary	搜索	div	btnAdvanceSearch		btnBlue14	false	false		[]
ERIN000	查看（下钻）	https://beta18.pospal.cn/Inventory/ProductStockCountSummary	取消	div	btnAdvanceClose		btnGrey14	false	false		[]
ERIN000	查看（下钻）	https://beta18.pospal.cn/Inventory/ProductStockCountSummary	清空条件	div	btnAdvanceClear		btnGrey14 clearBtn	false	false		[]
ERIN000	查看（下钻）	https://beta18.pospal.cn/Inventory/ProductStockCountSummary	首页 前一页 第 页 共8页 下一页 尾页 每页50条	div			pRight textBtn	true	false		[]
ERIN000	查看（下钻）	https://beta18.pospal.cn/Inventory/ProductStockCountSummary	每页50条	custom-select			pageSize singleSelector	true	false		[{"label":"每页100条","value":"100","selected":false},{"label":"每页50条","value":"50","selected":true},{"label":"每页20条","value":"20","selected":false},{"label":"每页10条","value":"10","selected":false}]
ERIN000	查看（下钻）	https://beta18.pospal.cn/Inventory/ProductStockCountSummary	全选	custom-check			checkBoxDiv	false	false	false	[]
ERIN000	查看（下钻）	https://beta18.pospal.cn/Inventory/ProductStockCountSummary	卸妆洁面	custom-check			checkBoxDiv	false	false	false	[]
ERIN000	查看（下钻）	https://beta18.pospal.cn/Inventory/ProductStockCountSummary	水类	custom-check			checkBoxDiv	false	false	false	[]
ERIN000	查看（下钻）	https://beta18.pospal.cn/Inventory/ProductStockCountSummary	乳液类	custom-check			checkBoxDiv	false	false	false	[]
ERIN000	查看（下钻）	https://beta18.pospal.cn/Inventory/ProductStockCountSummary	精华液	custom-check			checkBoxDiv	false	false	false	[]
ERIN000	查看（下钻）	https://beta18.pospal.cn/Inventory/ProductStockCountSummary	纯液原液	custom-check			checkBoxDiv	false	false	false	[]
ERIN000	查看（下钻）	https://beta18.pospal.cn/Inventory/ProductStockCountSummary	面霜	custom-check			checkBoxDiv	false	false	false	[]
ERIN000	查看（下钻）	https://beta18.pospal.cn/Inventory/ProductStockCountSummary	面膜类	custom-check			checkBoxDiv	false	false	false	[]
ERIN000	查看（下钻）	https://beta18.pospal.cn/Inventory/ProductStockCountSummary	其他	custom-check			checkBoxDiv	false	false	false	[]
ERIN000	查看（下钻）	https://beta18.pospal.cn/Inventory/ProductStockCountSummary	面部套盒	custom-check			checkBoxDiv	false	false	false	[]
ERIN000	查看（下钻）	https://beta18.pospal.cn/Inventory/ProductStockCountSummary	身体套盒	custom-check			checkBoxDiv	false	false	false	[]
ERIN000	查看（下钻）	https://beta18.pospal.cn/Inventory/ProductStockCountSummary	院用消耗	custom-check			checkBoxDiv	false	false	false	[]
ERIN000	查看（下钻）	https://beta18.pospal.cn/Inventory/ProductStockCountSummary	礼品	custom-check			checkBoxDiv	false	false	false	[]
ERIN000	查看（下钻）	https://beta18.pospal.cn/Inventory/ProductStockCountSummary	历史产品	custom-check			checkBoxDiv	false	false	false	[]
ERIN000	查看（下钻）	https://beta18.pospal.cn/Inventory/ProductStockCountSummary	无	custom-check			checkBoxDiv	false	false	false	[]
ERIN000	查看（下钻）	https://beta18.pospal.cn/Inventory/ProductStockCountSummary	珀斐莉	custom-check			checkBoxDiv	false	false	false	[]
ERIN000	查看（下钻）	https://beta18.pospal.cn/Inventory/ProductStockCountSummary	黛昂丝	custom-check			checkBoxDiv	false	false	false	[]
ERIN000	查看（下钻）	https://beta18.pospal.cn/Inventory/ProductStockCountSummary	倍扶因子	custom-check			checkBoxDiv	false	false	false	[]
ERIN000	查看（下钻）	https://beta18.pospal.cn/Inventory/ProductStockCountSummary	密斯	custom-check			checkBoxDiv	false	false	false	[]
ERIN000	查看（下钻）	https://beta18.pospal.cn/Inventory/ProductStockCountSummary	依妹儿	custom-check			checkBoxDiv	false	false	false	[]
ERIN000	查看（下钻）	https://beta18.pospal.cn/Inventory/ProductStockCountSummary	花诗爱	custom-check			checkBoxDiv	false	false	false	[]
ERIN000	查看（下钻）	https://beta18.pospal.cn/Inventory/ProductStockCountSummary	主角范	custom-check			checkBoxDiv	false	false	false	[]
ERIN000	查看（下钻）	https://beta18.pospal.cn/Inventory/ProductStockCountSummary	惠碧康	custom-check			checkBoxDiv	false	false	false	[]
ERIN000	查看（下钻）	https://beta18.pospal.cn/Inventory/ProductStockCountSummary	微肽	custom-check			checkBoxDiv	false	false	false	[]
ERIN000	查看（下钻）	https://beta18.pospal.cn/Inventory/ProductStockCountSummary	康芙美	custom-check			checkBoxDiv	false	false	false	[]
ERIN000	查看（下钻）	https://beta18.pospal.cn/Inventory/ProductStockCountSummary	DMDC	custom-check			checkBoxDiv	false	false	false	[]
ERIN000	查看（下钻）	https://beta18.pospal.cn/Inventory/ProductStockCountSummary	瑰蜜	custom-check			checkBoxDiv	false	false	false	[]
ERIN000	查看（下钻）	https://beta18.pospal.cn/Inventory/ProductStockCountSummary	罗丽芬	custom-check			checkBoxDiv	false	false	false	[]
ERIN000	查看（下钻）	https://beta18.pospal.cn/Inventory/ProductStockCountSummary	药博士	custom-check			checkBoxDiv	false	false	false	[]
ERIN000	查看（下钻）	https://beta18.pospal.cn/Inventory/ProductStockCountSummary	打印	div	btnPrint		btnPrint operation_button	false	false		[]
ERIN000	查看（下钻）	https://beta18.pospal.cn/Inventory/ProductStockCountSummary		checkbox	exportDiv2_chk			false	false	false	[]
ERIN000	查看（下钻）	https://beta18.pospal.cn/Inventory/ProductStockCountSummary	导出	div			btnBlue14 confirm	false	false		[]
ERIN000	查看（下钻）	https://beta18.pospal.cn/Inventory/ProductStockCountSummary		textarea			textarea feedBackContent	false	false		[]
ERIN000	查看（下钻）	https://beta18.pospal.cn/Inventory/ProductStockCountSummary	输入手机验证码	text			clean quantity txt_telVerifyCode	false	false		[]
ERIN000	查看（下钻）	https://beta18.pospal.cn/Inventory/ProductStockCountSummary	不再提醒	custom-check			checkBoxDiv fl	false	false	false	[]
ERIN000	查看（下钻）	https://beta18.pospal.cn/Inventory/ProductStockCountSummary	新会员注册通知	custom-check			checkBoxDiv on	false	false	true	[]
ERIN000	查看（下钻）	https://beta18.pospal.cn/Inventory/ProductStockCountSummary	会员消费通知	custom-check			checkBoxDiv on	false	false	true	[]
ERIN000	查看（下钻）	https://beta18.pospal.cn/Inventory/ProductStockCountSummary	网单发货通知	custom-check			checkBoxDiv on	false	false	true	[]
ERIN000	查看（下钻）	https://beta18.pospal.cn/Inventory/ProductStockCountSummary	储值卡充值到账通知	custom-check			checkBoxDiv on	false	false	true	[]
ERIN000	查看（下钻）	https://beta18.pospal.cn/Inventory/ProductStockCountSummary	搜问题…	text	txt_helpKeyword		HCSearchIpt	false	false		[]
ERIN000	查看（下钻）	https://beta18.pospal.cn/Inventory/ProductStockCountSummary	请输入1000元以上金额	input			input quantity	false	false		[]
ERIN000	查看（下钻）	https://beta18.pospal.cn/Inventory/ProductStockCountSummary	储值卡充值到账提醒	custom-check			checkBoxDiv on	false	false	true	[]
ERIN000	查看（下钻）	https://beta18.pospal.cn/Inventory/ProductStockCountSummary	新会员注册-通知客户	custom-check			checkBoxDiv on	false	false	true	[]
ERIN000	查看（下钻）	https://beta18.pospal.cn/Inventory/ProductStockCountSummary	请输入手机号	text			smsBalanceNoticeWidget_noticeTel edit_txt	false	false		[]
ERIN000	查看（下钻）	https://beta18.pospal.cn/Inventory/ProductStockCountSummary	输入关键字，按回车搜索	text			searchInput	false	false		[]
ERIN000	查看（下钻）	https://beta18.pospal.cn/Inventory/ProductStockCountSummary	请输入名称搜索	text			searchInput	false	false		[]
ERIN000	查看（下钻）	https://beta18.pospal.cn/Inventory/ProductStockCountSummary	请输入门店账号，多个门店请用逗号、空格或换行分割	textarea			importSubStoreTextarea	false	false		[]
ERIN000	查看（下钻）	https://beta18.pospal.cn/Inventory/ProductStockCountSummary	首页	span			first	true	false		[]
ERIN000	查看（下钻）	https://beta18.pospal.cn/Inventory/ProductStockCountSummary	前一页	span			prev	true	false		[]
ERIN000	查看（下钻）	https://beta18.pospal.cn/Inventory/ProductStockCountSummary	下一页	span			next	true	false		[]
ERIN000	查看（下钻）	https://beta18.pospal.cn/Inventory/ProductStockCountSummary	尾页	span			end	true	false		[]
ERIN000	推荐商品策略新版	https://beta18.pospal.cn/Recommendation/RuleV2	创建活动	div	addNew		btnNBlue btnN32	true	false		[]
ERIN000	推荐商品策略新版	https://beta18.pospal.cn/Recommendation/RuleV2	ERIN埃琳(总部)	custom-select			userSelector singleSelector	true	false		[{"label":"ERIN埃琳(总部)","value":"4402557","selected":true},{"label":"001 - Mrs.HuaShi花诗肤人","value":"4402559","selected":false},{"label":"002 - erin002","value":"4402560","selected":false}]
ERIN000	推荐商品策略新版	https://beta18.pospal.cn/Recommendation/RuleV2		text			textInput	false	false		[]
ERIN000	推荐商品策略新版	https://beta18.pospal.cn/Recommendation/RuleV2	全部状态	custom-select			statusSelector singleSelector	false	false		[{"label":"全部状态","value":"","selected":true},{"label":"未开始","value":"0","selected":false},{"label":"进行中","value":"1","selected":false},{"label":"已结束","value":"2","selected":false},{"label":"已禁用","value":"3","selected":false}]
ERIN000	推荐商品策略新版	https://beta18.pospal.cn/Recommendation/RuleV2	关键字搜索	text	search_ruleTitle			true	false		[]
ERIN000	推荐商品策略新版	https://beta18.pospal.cn/Recommendation/RuleV2	«	a				true	false		[]
ERIN000	推荐商品策略新版	https://beta18.pospal.cn/Recommendation/RuleV2	1	a				true	false		[]
ERIN000	推荐商品策略新版	https://beta18.pospal.cn/Recommendation/RuleV2	»	a				true	false		[]
ERIN000	推荐商品策略新版	https://beta18.pospal.cn/Recommendation/RuleV2	跳转	button			J-paginationjs-go-button	true	false		[]
ERIN000	推荐商品策略新版	https://beta18.pospal.cn/Recommendation/RuleV2	复制到	div	btnCopyRecommendationMode		btnBlue14 btnLeft	false	false		[]
ERIN000	推荐商品策略新版	https://beta18.pospal.cn/Recommendation/RuleV2	确定	div	btnSaveRecommendationMode		btnBlue14 btnRight	false	false		[]
ERIN000	推荐商品策略新版	https://beta18.pospal.cn/Recommendation/RuleV2		textarea			textarea feedBackContent	false	false		[]
ERIN000	推荐商品策略新版	https://beta18.pospal.cn/Recommendation/RuleV2	输入手机验证码	text			clean quantity txt_telVerifyCode	false	false		[]
ERIN000	推荐商品策略新版	https://beta18.pospal.cn/Recommendation/RuleV2	不再提醒	custom-check			checkBoxDiv fl	false	false	false	[]
ERIN000	推荐商品策略新版	https://beta18.pospal.cn/Recommendation/RuleV2	新会员注册通知	custom-check			checkBoxDiv on	false	false	true	[]
ERIN000	推荐商品策略新版	https://beta18.pospal.cn/Recommendation/RuleV2	会员消费通知	custom-check			checkBoxDiv on	false	false	true	[]
ERIN000	推荐商品策略新版	https://beta18.pospal.cn/Recommendation/RuleV2	网单发货通知	custom-check			checkBoxDiv on	false	false	true	[]
ERIN000	推荐商品策略新版	https://beta18.pospal.cn/Recommendation/RuleV2	储值卡充值到账通知	custom-check			checkBoxDiv on	false	false	true	[]
ERIN000	推荐商品策略新版	https://beta18.pospal.cn/Recommendation/RuleV2	搜问题…	text	txt_helpKeyword		HCSearchIpt	false	false		[]
ERIN000	推荐商品策略新版	https://beta18.pospal.cn/Recommendation/RuleV2	请输入1000元以上金额	input			input quantity	false	false		[]
ERIN000	推荐商品策略新版	https://beta18.pospal.cn/Recommendation/RuleV2	储值卡充值到账提醒	custom-check			checkBoxDiv on	false	false	true	[]
ERIN000	推荐商品策略新版	https://beta18.pospal.cn/Recommendation/RuleV2	新会员注册-通知客户	custom-check			checkBoxDiv on	false	false	true	[]
ERIN000	推荐商品策略新版	https://beta18.pospal.cn/Recommendation/RuleV2	请输入手机号	text			smsBalanceNoticeWidget_noticeTel edit_txt	false	false		[]
ERIN000	推荐商品策略新版	https://beta18.pospal.cn/Recommendation/RuleV2	输入关键字，按回车搜索	text			searchInput	false	false		[]
ERIN000	推荐商品策略新版	https://beta18.pospal.cn/Recommendation/RuleV2	请输入名称搜索	text			searchInput	false	false		[]
ERIN000	推荐商品策略新版	https://beta18.pospal.cn/Recommendation/RuleV2	请输入门店账号，多个门店请用逗号、空格或换行分割	textarea			importSubStoreTextarea	false	false		[]
