模块	页面	方法	请求路径	HTTP状态
顶层入口	概览	GET	https://beta18.pospal.cn/Dashboard/Beauty	200
顶层入口	概览	GET	https://my-kf.pospal.cn/kf/portalpospal/getCustomerServiceInfo	404
顶层入口	概览	POST	https://beta18.pospal.cn/WebCloudMessage/GetMsgVersion	200
顶层入口	概览	POST	https://beta18.pospal.cn/Account/GetMyShopMaxAvailableVersion	200
顶层入口	概览	POST	https://beta18.pospal.cn/Account/GetMyShopMaxAvailableVersion	200
顶层入口	概览	POST	https://advertsystem.pospal.cn/system/management/location/getTargetLocationMapping	200
顶层入口	概览	POST	https://beta18.pospal.cn/Dashboard/HasDashboardRightPartAuth	200
顶层入口	概览	POST	https://advertsystem.pospal.cn/system/management/location/getTargetLocationMapping	200
顶层入口	概览	POST	https://beta18.pospal.cn/Cdp/CdpAd/GetCdpAdvertiseAsync	200
顶层入口	概览	POST	https://beta18.pospal.cn/Cdp/CdpAd/GetCdpAdvertiseAsync	200
顶层入口	概览	POST	https://beta18.pospal.cn/Dashboard/LoadBeautyNewAndOldCustomerSummary	200
顶层入口	概览	POST	https://beta18.pospal.cn/Dashboard/LoadGuiderSalesSummary	200
顶层入口	概览	POST	https://advertsystem.pospal.cn/system/management/location/getTargetLocationMapping	200
顶层入口	概览	POST	https://advertsystem.pospal.cn/system/management/location/getTargetLocationMapping	200
顶层入口	概览	POST	https://beta18.pospal.cn/Dashboard/LoadSpecialOperationSummary	200
顶层入口	概览	POST	https://beta18.pospal.cn/Dashboard/LoadUserTicketSummary	200
顶层入口	概览	POST	https://beta18.pospal.cn/Dashboard/LoadProductSalesSummary	200
顶层入口	概览	POST	https://beta18.pospal.cn/Dashboard/LoadDashboardRightPart	200
顶层入口	概览	POST	https://beta18.pospal.cn/Cdp/CdpAd/GetCdpAdvertiseAsync	200
顶层入口	概览	POST	https://beta18.pospal.cn/Cdp/CdpAd/GetCdpAdvertiseAsync	200
顶层入口	概览	POST	https://beta18.pospal.cn/Dashboard/LoadBusinessSummary	200
顶层入口	概览	POST	https://beta18.pospal.cn/Dashboard/LoadDiscountSummary	200
顶层入口	概览	POST	https://beta18.pospal.cn/Dashboard/LoadEshopBusinessSummary	200
顶层入口	概览	POST	https://beta18.pospal.cn/Dashboard/LoadStoreMessageData	200
顶层入口	概览	POST	https://beta18.pospal.cn/Dashboard/GetUserAllValidCoupons	200
顶层入口	概览	POST	https://beta18.pospal.cn/System/LoadContactServiceInfo	200
顶层入口	数据	GET	https://beta18.pospal.cn/dashboard/datamenu	200
顶层入口	数据	GET	https://my-kf.pospal.cn/kf/portalpospal/getCustomerServiceInfo	404
顶层入口	数据	POST	https://beta18.pospal.cn/WebCloudMessage/GetMsgVersion	200
顶层入口	数据	POST	https://beta18.pospal.cn/Account/GetMyShopMaxAvailableVersion	200
顶层入口	数据	POST	https://beta18.pospal.cn/Account/GetMyShopMaxAvailableVersion	200
顶层入口	数据	POST	https://beta18.pospal.cn/Cdp/CdpAd/GetCdpAdvertiseAsync	200
顶层入口	数据	POST	https://advertsystem.pospal.cn/system/management/location/getTargetLocationMapping	200
顶层入口	CDP	POST	https://beta18.pospal.cn/System/LoadContactServiceInfo	200
顶层入口	CDP	GET	https://cdp18.pospal.cn/CDP/CDPMarketingPlan/Manage	200
顶层入口	CDP	POST	https://cdp18.pospal.cn/Account/GetMyShopMaxAvailableVersion	200
顶层入口	CDP	POST	https://cdp18.pospal.cn/WebCloudMessage/GetMsgVersion	200
顶层入口	CDP	GET	https://my-kf.pospal.cn/kf/portalpospal/getCustomerServiceInfo	404
顶层入口	CDP	POST	https://cdp18.pospal.cn/Account/GetMyShopMaxAvailableVersion	200
顶层入口	CDP	POST	https://cdp18.pospal.cn/Cdp/CdpAd/GetCdpAdvertiseAsync	200
顶层入口	CDP	POST	https://cdp18.pospal.cn/CDP/CDPMarketingPlan/LoadCdpMarketingPlanSummary	200
顶层入口	CDP	POST	https://advertsystem.pospal.cn/system/management/location/getTargetLocationMapping	200
顶层入口	应用	GET	https://beta18.pospal.cn/vas/index	200
顶层入口	应用	POST	https://beta18.pospal.cn/WebCloudMessage/GetMsgVersion	200
顶层入口	应用	POST	https://beta18.pospal.cn/Account/GetMyShopMaxAvailableVersion	200
顶层入口	应用	GET	https://my-kf.pospal.cn/kf/portalpospal/getCustomerServiceInfo	404
顶层入口	应用	POST	https://beta18.pospal.cn/Account/GetMyShopMaxAvailableVersion	200
顶层入口	应用	POST	https://beta18.pospal.cn/Cdp/CdpAd/GetCdpAdvertiseAsync	200
顶层入口	应用	POST	https://advertsystem.pospal.cn/system/management/location/getTargetLocationMapping	200
顶层入口	配置	POST	https://beta18.pospal.cn/System/LoadContactServiceInfo	200
顶层入口	配置	GET	https://beta18.pospal.cn/dashboard/menusettingv2	200
顶层入口	配置	GET	https://my-kf.pospal.cn/kf/portalpospal/getCustomerServiceInfo	404
顶层入口	配置	POST	https://beta18.pospal.cn/WebCloudMessage/GetMsgVersion	200
顶层入口	配置	POST	https://beta18.pospal.cn/Account/GetMyShopMaxAvailableVersion	200
顶层入口	配置	POST	https://beta18.pospal.cn/Account/GetMyShopMaxAvailableVersion	200
顶层入口	配置	POST	https://beta18.pospal.cn/Cdp/CdpAd/GetCdpAdvertiseAsync	200
顶层入口	配置	POST	https://beta18.pospal.cn/Dashboard/LoadMenuModeData	200
顶层入口	配置	POST	https://beta18.pospal.cn/Dashboard/LoadMenuSettingListV2	200
顶层入口	配置	POST	https://advertsystem.pospal.cn/system/management/location/getTargetLocationMapping	200
销售	营业概况	GET	https://beta18.pospal.cn/Report/BusinessSummaryV2	200
销售	营业概况	GET	https://my-kf.pospal.cn/kf/portalpospal/getCustomerServiceInfo	404
销售	营业概况	POST	https://beta18.pospal.cn/WebCloudMessage/GetMsgVersion	200
销售	营业概况	POST	https://beta18.pospal.cn/Account/GetMyShopMaxAvailableVersion	200
销售	营业概况	POST	https://beta18.pospal.cn/Account/GetMyShopMaxAvailableVersion	200
销售	营业概况	POST	https://beta18.pospal.cn/Cdp/CdpAd/GetCdpAdvertiseAsync	200
销售	营业概况	POST	https://advertsystem.pospal.cn/system/management/location/getTargetLocationMapping	200
销售	营业趋势分析	GET	https://beta18.pospal.cn/Report/BeautySaleAnalysis	200
销售	营业趋势分析	GET	https://my-kf.pospal.cn/kf/portalpospal/getCustomerServiceInfo	404
销售	营业趋势分析	POST	https://beta18.pospal.cn/WebCloudMessage/GetMsgVersion	200
销售	营业趋势分析	POST	https://beta18.pospal.cn/Account/GetMyShopMaxAvailableVersion	200
销售	营业趋势分析	POST	https://beta18.pospal.cn/Account/GetMyShopMaxAvailableVersion	200
销售	营业趋势分析	POST	https://beta18.pospal.cn/Cdp/CdpAd/GetCdpAdvertiseAsync	200
销售	营业趋势分析	POST	https://beta18.pospal.cn/Report/LoadBeautySaleAnalysisList	200
销售	营业趋势分析	POST	https://advertsystem.pospal.cn/system/management/location/getTargetLocationMapping	200
销售	营业占比分析	GET	https://beta18.pospal.cn/Report/SaleElement	200
销售	营业占比分析	POST	https://beta18.pospal.cn/WebCloudMessage/GetMsgVersion	200
销售	营业占比分析	GET	https://my-kf.pospal.cn/kf/portalpospal/getCustomerServiceInfo	404
销售	营业占比分析	POST	https://beta18.pospal.cn/Account/GetMyShopMaxAvailableVersion	200
销售	营业占比分析	POST	https://beta18.pospal.cn/Account/GetMyShopMaxAvailableVersion	200
销售	营业占比分析	POST	https://beta18.pospal.cn/Cdp/CdpAd/GetCdpAdvertiseAsync	200
销售	营业占比分析	POST	https://beta18.pospal.cn/Report/LoadSaleElementCountList	200
销售	营业占比分析	POST	https://advertsystem.pospal.cn/system/management/location/getTargetLocationMapping	200
销售	次卡概况	GET	https://beta18.pospal.cn/PassProduct/CustomerPassProductSummary	200
销售	次卡概况	GET	https://my-kf.pospal.cn/kf/portalpospal/getCustomerServiceInfo	404
销售	次卡概况	POST	https://beta18.pospal.cn/WebCloudMessage/GetMsgVersion	200
销售	次卡概况	POST	https://beta18.pospal.cn/Account/GetMyShopMaxAvailableVersion	200
销售	次卡概况	POST	https://beta18.pospal.cn/Account/GetMyShopMaxAvailableVersion	200
销售	次卡概况	POST	https://beta18.pospal.cn/Cdp/CdpAd/GetCdpAdvertiseAsync	200
销售	次卡概况	POST	https://beta18.pospal.cn/PassProduct/LoadCustomerPassProductSummary	200
销售	次卡概况	POST	https://advertsystem.pospal.cn/system/management/location/getTargetLocationMapping	200
销售	折扣卡转卡明细	GET	https://beta18.pospal.cn/ShoppingCard/TransferLog	200
销售	折扣卡转卡明细	GET	https://my-kf.pospal.cn/kf/portalpospal/getCustomerServiceInfo	404
销售	折扣卡转卡明细	POST	https://beta18.pospal.cn/WebCloudMessage/GetMsgVersion	200
销售	折扣卡转卡明细	POST	https://beta18.pospal.cn/Account/GetMyShopMaxAvailableVersion	200
销售	折扣卡转卡明细	POST	https://beta18.pospal.cn/Account/GetMyShopMaxAvailableVersion	200
销售	折扣卡转卡明细	POST	https://beta18.pospal.cn/Cdp/CdpAd/GetCdpAdvertiseAsync	200
销售	折扣卡转卡明细	POST	https://beta18.pospal.cn/ShoppingCard/SummaryTransferLogList	200
销售	折扣卡转卡明细	POST	https://advertsystem.pospal.cn/system/management/location/getTargetLocationMapping	200
销售	商品销售统计	GET	https://beta18.pospal.cn/ReportV2/ProductSale	200
销售	商品销售统计	GET	https://my-kf.pospal.cn/kf/portalpospal/getCustomerServiceInfo	404
销售	商品销售统计	POST	https://beta18.pospal.cn/WebCloudMessage/GetMsgVersion	200
销售	商品销售统计	POST	https://beta18.pospal.cn/Account/GetMyShopMaxAvailableVersion	200
销售	商品销售统计	POST	https://beta18.pospal.cn/Account/GetMyShopMaxAvailableVersion	200
销售	商品销售统计	POST	https://beta18.pospal.cn/Cdp/CdpAd/GetCdpAdvertiseAsync	200
销售	商品销售统计	POST	https://beta18.pospal.cn/Account/LoadUserUIConfigCustomJson	200
销售	商品销售统计	POST	https://beta18.pospal.cn/ReportV2/LoadProductSaleSummary	200
销售	商品销售统计	POST	https://advertsystem.pospal.cn/system/management/location/getTargetLocationMapping	200
销售	商品销售统计	POST	https://beta18.pospal.cn/ProductBrand/LoadProductbrandDDLJson	200
销售	商品销售统计	POST	https://beta18.pospal.cn/Category/LoadCategoryDDLJson	200
销售	商品销售统计	POST	https://beta18.pospal.cn/Supplier/LoadSupplierDDLJson	200
销售	商品销售统计	POST	https://beta18.pospal.cn/Product/LoadStoreProductTagGroups	200
销售	商品销售统计	POST	https://beta18.pospal.cn/ReportV2/LoadProductSaleByPage	200
销售	笔单价分析	GET	https://beta18.pospal.cn/Report/PerTicketSalesAnalysis	200
销售	笔单价分析	POST	https://beta18.pospal.cn/WebCloudMessage/GetMsgVersion	200
销售	笔单价分析	POST	https://beta18.pospal.cn/Account/GetMyShopMaxAvailableVersion	200
销售	笔单价分析	POST	https://beta18.pospal.cn/Account/GetMyShopMaxAvailableVersion	200
销售	笔单价分析	GET	https://my-kf.pospal.cn/kf/portalpospal/getCustomerServiceInfo	404
销售	笔单价分析	POST	https://beta18.pospal.cn/CustomerReport/LoadUserUIConfigComm	200
销售	笔单价分析	POST	https://beta18.pospal.cn/Cdp/CdpAd/GetCdpAdvertiseAsync	200
销售	笔单价分析	POST	https://beta18.pospal.cn/Account/LoadSubStoresWithGradeDDLJson	200
销售	笔单价分析	POST	https://advertsystem.pospal.cn/system/management/location/getTargetLocationMapping	200
销售	笔单价分析	POST	https://beta18.pospal.cn/Report/LoadPerTicketSalesAnalysis	200
销售	折扣分析	GET	https://beta18.pospal.cn/Report/DiscountSummary	200
销售	折扣分析	GET	https://my-kf.pospal.cn/kf/portalpospal/getCustomerServiceInfo	404
销售	折扣分析	POST	https://beta18.pospal.cn/WebCloudMessage/GetMsgVersion	200
销售	折扣分析	POST	https://beta18.pospal.cn/Account/GetMyShopMaxAvailableVersion	200
销售	折扣分析	POST	https://beta18.pospal.cn/Account/GetMyShopMaxAvailableVersion	200
销售	折扣分析	POST	https://beta18.pospal.cn/Cdp/CdpAd/GetCdpAdvertiseAsync	200
销售	折扣分析	POST	https://beta18.pospal.cn/Report/LoadDiscountSummary	200
销售	折扣分析	POST	https://advertsystem.pospal.cn/system/management/location/getTargetLocationMapping	200
销售	网店概览	GET	https://beta18.pospal.cn/EshopReport/Dashboard	200
销售	网店概览	GET	https://my-kf.pospal.cn/kf/portalpospal/getCustomerServiceInfo	404
销售	网店概览	POST	https://beta18.pospal.cn/WebCloudMessage/GetMsgVersion	200
销售	网店概览	POST	https://beta18.pospal.cn/Account/GetMyShopMaxAvailableVersion	200
销售	网店概览	POST	https://beta18.pospal.cn/Account/GetMyShopMaxAvailableVersion	200
销售	网店概览	POST	https://beta18.pospal.cn/Cdp/CdpAd/GetCdpAdvertiseAsync	200
销售	网店概览	POST	https://beta18.pospal.cn/EshopReport/LoadDashboardData	200
销售	网店概览	POST	https://advertsystem.pospal.cn/system/management/location/getTargetLocationMapping	200
销售	网店概览	POST	https://beta18.pospal.cn/EshopReport/LoadOrderSales	200
销售	分类销售统计	POST	https://beta18.pospal.cn/System/LoadContactServiceInfo	200
销售	分类销售统计	GET	https://beta18.pospal.cn/Custom/CategorySale	200
销售	分类销售统计	GET	https://my-kf.pospal.cn/kf/portalpospal/getCustomerServiceInfo	404
销售	分类销售统计	POST	https://beta18.pospal.cn/WebCloudMessage/GetMsgVersion	200
销售	分类销售统计	POST	https://beta18.pospal.cn/Account/GetMyShopMaxAvailableVersion	200
销售	分类销售统计	POST	https://beta18.pospal.cn/Account/GetMyShopMaxAvailableVersion	200
销售	分类销售统计	POST	https://beta18.pospal.cn/Cdp/CdpAd/GetCdpAdvertiseAsync	200
销售	分类销售统计	POST	https://beta18.pospal.cn/Custom/LoadCategorySaleSummary	200
销售	分类销售统计	POST	https://advertsystem.pospal.cn/system/management/location/getTargetLocationMapping	200
销售	门店销售汇总	GET	https://beta18.pospal.cn/Extension/ZhengZhong/BusinessSummary	200
销售	门店销售汇总	POST	https://beta18.pospal.cn/WebCloudMessage/GetMsgVersion	200
销售	门店销售汇总	POST	https://beta18.pospal.cn/Account/GetMyShopMaxAvailableVersion	200
销售	门店销售汇总	POST	https://beta18.pospal.cn/Account/GetMyShopMaxAvailableVersion	200
销售	门店销售汇总	GET	https://my-kf.pospal.cn/kf/portalpospal/getCustomerServiceInfo	404
销售	门店销售汇总	POST	https://beta18.pospal.cn/Cdp/CdpAd/GetCdpAdvertiseAsync	200
销售	门店销售汇总	POST	https://advertsystem.pospal.cn/system/management/location/getTargetLocationMapping	200
销售	客流趋势分析	GET	https://beta18.pospal.cn/Guider/GuiderStoreAnalysis	200
销售	客流趋势分析	GET	https://my-kf.pospal.cn/kf/portalpospal/getCustomerServiceInfo	404
销售	客流趋势分析	POST	https://beta18.pospal.cn/WebCloudMessage/GetMsgVersion	200
销售	客流趋势分析	POST	https://beta18.pospal.cn/Account/GetMyShopMaxAvailableVersion	200
销售	客流趋势分析	POST	https://beta18.pospal.cn/Account/GetMyShopMaxAvailableVersion	200
销售	客流趋势分析	POST	https://beta18.pospal.cn/Cdp/CdpAd/GetCdpAdvertiseAsync	200
销售	客流趋势分析	POST	https://beta18.pospal.cn/Guider/LoadGuiderStoreAnalysis	200
销售	客流趋势分析	POST	https://advertsystem.pospal.cn/system/management/location/getTargetLocationMapping	200
销售	门店客流汇总	GET	https://beta18.pospal.cn/Guider/StoreCustomerFlowAnalysis	200
销售	门店客流汇总	GET	https://my-kf.pospal.cn/kf/portalpospal/getCustomerServiceInfo	404
销售	门店客流汇总	POST	https://beta18.pospal.cn/WebCloudMessage/GetMsgVersion	200
销售	门店客流汇总	POST	https://beta18.pospal.cn/Account/GetMyShopMaxAvailableVersion	200
销售	门店客流汇总	POST	https://beta18.pospal.cn/Account/GetMyShopMaxAvailableVersion	200
销售	门店客流汇总	POST	https://beta18.pospal.cn/Cdp/CdpAd/GetCdpAdvertiseAsync	200
销售	门店客流汇总	POST	https://beta18.pospal.cn/Account/LoadUserUIConfigCustomJson	200
销售	门店客流汇总	POST	https://beta18.pospal.cn/Guider/LoadStoreCustomerFlowAnalysis	200
销售	门店客流汇总	POST	https://advertsystem.pospal.cn/system/management/location/getTargetLocationMapping	200
销售	门店预约统计	GET	https://beta18.pospal.cn/Appointment/StoreAppointmentAnalysis	200
销售	门店预约统计	GET	https://my-kf.pospal.cn/kf/portalpospal/getCustomerServiceInfo	404
销售	门店预约统计	POST	https://beta18.pospal.cn/WebCloudMessage/GetMsgVersion	200
销售	门店预约统计	POST	https://beta18.pospal.cn/Account/GetMyShopMaxAvailableVersion	200
销售	门店预约统计	POST	https://beta18.pospal.cn/Account/GetMyShopMaxAvailableVersion	200
销售	门店预约统计	POST	https://beta18.pospal.cn/Cdp/CdpAd/GetCdpAdvertiseAsync	200
销售	门店预约统计	POST	https://beta18.pospal.cn/Appointment/LoadStoreAppointmentAnalysis	200
销售	门店预约统计	POST	https://advertsystem.pospal.cn/system/management/location/getTargetLocationMapping	200
销售	门店负债汇总	POST	https://beta18.pospal.cn/System/LoadContactServiceInfo	200
销售	门店负债汇总	GET	https://beta18.pospal.cn/CardReport/StoreDebtSummary	200
销售	门店负债汇总	POST	https://beta18.pospal.cn/WebCloudMessage/GetMsgVersion	200
销售	门店负债汇总	POST	https://beta18.pospal.cn/Account/GetMyShopMaxAvailableVersion	200
销售	门店负债汇总	POST	https://beta18.pospal.cn/Account/GetMyShopMaxAvailableVersion	200
销售	门店负债汇总	GET	https://my-kf.pospal.cn/kf/portalpospal/getCustomerServiceInfo	404
销售	门店负债汇总	POST	https://beta18.pospal.cn/Cdp/CdpAd/GetCdpAdvertiseAsync	200
销售	门店负债汇总	POST	https://advertsystem.pospal.cn/system/management/location/getTargetLocationMapping	200
销售	门店支付汇总	POST	https://beta18.pospal.cn/System/LoadContactServiceInfo	200
销售	门店支付汇总	GET	https://beta18.pospal.cn/ReportV2/StorePaymentSummary	200
销售	门店支付汇总	GET	https://my-kf.pospal.cn/kf/portalpospal/getCustomerServiceInfo	404
销售	门店支付汇总	POST	https://beta18.pospal.cn/WebCloudMessage/GetMsgVersion	200
销售	门店支付汇总	POST	https://beta18.pospal.cn/Account/GetMyShopMaxAvailableVersion	200
销售	门店支付汇总	POST	https://beta18.pospal.cn/Account/GetMyShopMaxAvailableVersion	200
销售	门店支付汇总	POST	https://beta18.pospal.cn/Cdp/CdpAd/GetCdpAdvertiseAsync	200
销售	门店支付汇总	POST	https://advertsystem.pospal.cn/system/management/location/getTargetLocationMapping	200
销售	销售单据	POST	https://beta18.pospal.cn/System/LoadContactServiceInfo	200
销售	销售单据	GET	https://beta18.pospal.cn/Report/Tickets	200
销售	销售单据	GET	https://my-kf.pospal.cn/kf/portalpospal/getCustomerServiceInfo	404
销售	销售单据	POST	https://beta18.pospal.cn/WebCloudMessage/GetMsgVersion	200
销售	销售单据	POST	https://beta18.pospal.cn/Account/GetMyShopMaxAvailableVersion	200
销售	销售单据	POST	https://beta18.pospal.cn/Account/GetMyShopMaxAvailableVersion	200
销售	销售单据	POST	https://beta18.pospal.cn/Cdp/CdpAd/GetCdpAdvertiseAsync	200
销售	销售单据	POST	https://beta18.pospal.cn/Account/LoadStorePaymethodDDL	200
销售	销售单据	POST	https://advertsystem.pospal.cn/system/management/location/getTargetLocationMapping	200
销售	网店订单	GET	https://beta18.pospal.cn/EshopOrder/Orders	200
销售	网店订单	GET	https://my-kf.pospal.cn/kf/portalpospal/getCustomerServiceInfo	404
销售	网店订单	POST	https://beta18.pospal.cn/WebCloudMessage/GetMsgVersion	200
销售	网店订单	POST	https://beta18.pospal.cn/Account/GetMyShopMaxAvailableVersion	200
销售	网店订单	POST	https://beta18.pospal.cn/Account/GetMyShopMaxAvailableVersion	200
销售	网店订单	POST	https://beta18.pospal.cn/Cdp/CdpAd/GetCdpAdvertiseAsync	200
销售	网店订单	POST	https://beta18.pospal.cn/Account/LoadUserUIConfigCustomJson	200
销售	网店订单	POST	https://beta18.pospal.cn/Eshop/LoadSelfTakeLocationDDLJson	200
销售	网店订单	POST	https://beta18.pospal.cn/EshopOrder/LoadOrderSummary	200
销售	网店订单	POST	https://advertsystem.pospal.cn/system/management/location/getTargetLocationMapping	200
销售	营销订单	GET	https://beta18.pospal.cn/EshopOrder/EshopMarketingOrders	200
销售	营销订单	POST	https://beta18.pospal.cn/WebCloudMessage/GetMsgVersion	200
销售	营销订单	GET	https://my-kf.pospal.cn/kf/portalpospal/getCustomerServiceInfo	404
销售	营销订单	POST	https://beta18.pospal.cn/Account/GetMyShopMaxAvailableVersion	200
销售	营销订单	POST	https://beta18.pospal.cn/Account/GetMyShopMaxAvailableVersion	200
销售	营销订单	POST	https://beta18.pospal.cn/Cdp/CdpAd/GetCdpAdvertiseAsync	200
销售	营销订单	POST	https://beta18.pospal.cn/EshopOrder/LoadEshopMarketingOrderSummary	200
销售	营销订单	POST	https://advertsystem.pospal.cn/system/management/location/getTargetLocationMapping	200
销售	顾客预约	GET	https://beta18.pospal.cn/Appointment/Scheduling	200
销售	顾客预约	GET	https://my-kf.pospal.cn/kf/portalpospal/getCustomerServiceInfo	404
销售	顾客预约	POST	https://beta18.pospal.cn/WebCloudMessage/GetMsgVersion	200
销售	顾客预约	POST	https://beta18.pospal.cn/Account/GetMyShopMaxAvailableVersion	200
销售	顾客预约	POST	https://beta18.pospal.cn/Account/GetMyShopMaxAvailableVersion	200
销售	顾客预约	POST	https://beta18.pospal.cn/Cdp/CdpAd/GetCdpAdvertiseAsync	200
销售	顾客预约	POST	https://beta18.pospal.cn/Customer/LoadCustomerTagGroupAndTagsDDL	200
销售	顾客预约	POST	https://beta18.pospal.cn/Appointment/LoadAppointments	200
销售	顾客预约	POST	https://advertsystem.pospal.cn/system/management/location/getTargetLocationMapping	200
销售	预约明细	GET	https://beta18.pospal.cn/Appointment/SchedulingByValet	200
销售	预约明细	GET	https://my-kf.pospal.cn/kf/portalpospal/getCustomerServiceInfo	404
销售	预约明细	POST	https://beta18.pospal.cn/WebCloudMessage/GetMsgVersion	200
销售	预约明细	POST	https://beta18.pospal.cn/Account/GetMyShopMaxAvailableVersion	200
销售	预约明细	POST	https://beta18.pospal.cn/Account/GetMyShopMaxAvailableVersion	200
销售	预约明细	POST	https://beta18.pospal.cn/Cdp/CdpAd/GetCdpAdvertiseAsync	200
销售	预约明细	POST	https://beta18.pospal.cn/Appointment/LoadUserAppointmentProductsDDL	200
销售	预约明细	POST	https://advertsystem.pospal.cn/system/management/location/getTargetLocationMapping	200
销售	预约明细	POST	https://beta18.pospal.cn/Appointment/LoadSchedulingsByValet	200
销售	顾客评论	GET	https://beta18.pospal.cn/Comment/Manage	200
销售	顾客评论	GET	https://my-kf.pospal.cn/kf/portalpospal/getCustomerServiceInfo	404
销售	顾客评论	POST	https://beta18.pospal.cn/WebCloudMessage/GetMsgVersion	200
销售	顾客评论	POST	https://beta18.pospal.cn/Account/GetMyShopMaxAvailableVersion	200
销售	顾客评论	POST	https://beta18.pospal.cn/Account/GetMyShopMaxAvailableVersion	200
销售	顾客评论	POST	https://beta18.pospal.cn/Cdp/CdpAd/GetCdpAdvertiseAsync	200
销售	顾客评论	POST	https://beta18.pospal.cn/Comment/LoadCommentRankChart	200
销售	顾客评论	POST	https://beta18.pospal.cn/Comment/LoadCommnets	200
销售	顾客评论	POST	https://beta18.pospal.cn/Comment/LoadGuiderScoreSummary	200
销售	顾客评论	POST	https://beta18.pospal.cn/Comment/LoadGuiderScoreByPage	200
销售	顾客评论	POST	https://advertsystem.pospal.cn/system/management/location/getTargetLocationMapping	200
销售	异常单据	GET	https://beta18.pospal.cn/Custom/ErrorTicket	200
销售	异常单据	POST	https://beta18.pospal.cn/WebCloudMessage/GetMsgVersion	200
销售	异常单据	GET	https://my-kf.pospal.cn/kf/portalpospal/getCustomerServiceInfo	404
销售	异常单据	POST	https://beta18.pospal.cn/Account/GetMyShopMaxAvailableVersion	200
销售	异常单据	POST	https://beta18.pospal.cn/Account/GetMyShopMaxAvailableVersion	200
销售	异常单据	POST	https://beta18.pospal.cn/Cdp/CdpAd/GetCdpAdvertiseAsync	200
销售	异常单据	POST	https://beta18.pospal.cn/Custom/LoadErrorTicketSummary	200
销售	异常单据	POST	https://advertsystem.pospal.cn/system/management/location/getTargetLocationMapping	200
销售	开票记录	GET	https://beta18.pospal.cn/Invoice/InvoiceLogs	200
销售	开票记录	GET	https://my-kf.pospal.cn/kf/portalpospal/getCustomerServiceInfo	404
销售	开票记录	POST	https://beta18.pospal.cn/WebCloudMessage/GetMsgVersion	200
销售	开票记录	POST	https://beta18.pospal.cn/Account/GetMyShopMaxAvailableVersion	200
销售	开票记录	POST	https://beta18.pospal.cn/Account/GetMyShopMaxAvailableVersion	200
销售	开票记录	POST	https://beta18.pospal.cn/Cdp/CdpAd/GetCdpAdvertiseAsync	200
销售	开票记录	POST	https://beta18.pospal.cn/Invoice/CountOrderInvoiceLogs	200
销售	开票记录	POST	https://advertsystem.pospal.cn/system/management/location/getTargetLocationMapping	200
销售	审核单据	POST	https://beta18.pospal.cn/System/LoadContactServiceInfo	200
销售	审核单据	GET	https://beta18.pospal.cn/Report/CustomTicketInfo	200
销售	审核单据	POST	https://beta18.pospal.cn/Account/LoadUserUIConfigCustomJson	200
销售	审核单据	GET	https://my-kf.pospal.cn/kf/portalpospal/getCustomerServiceInfo	404
销售	审核单据	POST	https://beta18.pospal.cn/WebCloudMessage/GetMsgVersion	200
销售	审核单据	POST	https://beta18.pospal.cn/Account/GetMyShopMaxAvailableVersion	200
销售	审核单据	POST	https://beta18.pospal.cn/Account/GetMyShopMaxAvailableVersion	200
销售	审核单据	POST	https://beta18.pospal.cn/Cdp/CdpAd/GetCdpAdvertiseAsync	200
销售	审核单据	POST	https://beta18.pospal.cn/Report/LoadCustomTicketInfoSummary	200
销售	审核单据	POST	https://advertsystem.pospal.cn/system/management/location/getTargetLocationMapping	200
销售	银豹付交易账单	GET	https://beta18.pospal.cn/CloudApp/UnionPayBillUrlMoveTip	200
销售	银豹付交易账单	GET	https://my-kf.pospal.cn/kf/portalpospal/getCustomerServiceInfo	404
销售	银豹付交易账单	POST	https://beta18.pospal.cn/WebCloudMessage/GetMsgVersion	200
销售	银豹付交易账单	POST	https://beta18.pospal.cn/Account/GetMyShopMaxAvailableVersion	200
销售	银豹付交易账单	POST	https://beta18.pospal.cn/Account/GetMyShopMaxAvailableVersion	200
销售	银豹付交易账单	POST	https://beta18.pospal.cn/Cdp/CdpAd/GetCdpAdvertiseAsync	200
销售	银豹付交易账单	POST	https://advertsystem.pospal.cn/system/management/location/getTargetLocationMapping	200
销售	日结记录	GET	https://beta18.pospal.cn/Report/CashierDailySummaryLogs	200
销售	日结记录	POST	https://beta18.pospal.cn/WebCloudMessage/GetMsgVersion	200
销售	日结记录	GET	https://my-kf.pospal.cn/kf/portalpospal/getCustomerServiceInfo	404
销售	日结记录	POST	https://beta18.pospal.cn/Account/GetMyShopMaxAvailableVersion	200
销售	日结记录	POST	https://beta18.pospal.cn/Account/GetMyShopMaxAvailableVersion	200
销售	日结记录	POST	https://beta18.pospal.cn/Cdp/CdpAd/GetCdpAdvertiseAsync	200
销售	日结记录	POST	https://beta18.pospal.cn/Account/LoadUserUIConfigCustomJson	200
销售	日结记录	POST	https://beta18.pospal.cn/Report/LoadCashierDailySummaryLogs	200
销售	日结记录	POST	https://advertsystem.pospal.cn/system/management/location/getTargetLocationMapping	200
销售	交班记录	GET	https://beta18.pospal.cn/Report/HandoverLogs	200
销售	交班记录	GET	https://my-kf.pospal.cn/kf/portalpospal/getCustomerServiceInfo	404
销售	交班记录	POST	https://beta18.pospal.cn/WebCloudMessage/GetMsgVersion	200
销售	交班记录	POST	https://beta18.pospal.cn/Account/GetMyShopMaxAvailableVersion	200
销售	交班记录	POST	https://beta18.pospal.cn/Account/GetMyShopMaxAvailableVersion	200
销售	交班记录	POST	https://beta18.pospal.cn/Cdp/CdpAd/GetCdpAdvertiseAsync	200
销售	交班记录	POST	https://beta18.pospal.cn/Report/LoadHandoverLogs	200
销售	交班记录	POST	https://advertsystem.pospal.cn/system/management/location/getTargetLocationMapping	200
商品	商品概览	GET	https://beta18.pospal.cn/Product/Dashboard	302
商品	商品概览	GET	https://beta18.pospal.cn/Product/BeautyDashboard	200
商品	商品概览	GET	https://my-kf.pospal.cn/kf/portalpospal/getCustomerServiceInfo	404
商品	商品概览	POST	https://beta18.pospal.cn/WebCloudMessage/GetMsgVersion	200
商品	商品概览	POST	https://beta18.pospal.cn/Account/GetMyShopMaxAvailableVersion	200
商品	商品概览	POST	https://beta18.pospal.cn/Account/GetMyShopMaxAvailableVersion	200
商品	商品概览	POST	https://beta18.pospal.cn/Cdp/CdpAd/GetCdpAdvertiseAsync	200
商品	商品概览	POST	https://beta18.pospal.cn/Product/LoadStockChangeSummary	200
商品	商品概览	POST	https://advertsystem.pospal.cn/system/management/location/getTargetLocationMapping	200
商品	商品概览	POST	https://beta18.pospal.cn/Product/LoadBeautyProductSaLeSummary	200
商品	商品资料	GET	https://beta18.pospal.cn/Product/Manage	200
商品	商品资料	GET	https://my-kf.pospal.cn/kf/portalpospal/getCustomerServiceInfo	404
商品	商品资料	POST	https://beta18.pospal.cn/WebCloudMessage/GetMsgVersion	200
商品	商品资料	POST	https://beta18.pospal.cn/Account/GetMyShopMaxAvailableVersion	200
商品	商品资料	POST	https://beta18.pospal.cn/Account/GetMyShopMaxAvailableVersion	200
商品	商品资料	POST	https://beta18.pospal.cn/Cdp/CdpAd/GetCdpAdvertiseAsync	200
商品	商品资料	POST	https://beta18.pospal.cn/Account/LoadUserUIConfigCustomJson	200
商品	商品资料	POST	https://beta18.pospal.cn/Category/LoadCategoryDDLJson	200
商品	商品资料	POST	https://beta18.pospal.cn/Category/LoadCategoryDDLJson	200
商品	商品资料	POST	https://beta18.pospal.cn/Product/FindUserConfig1220	200
商品	商品资料	POST	https://beta18.pospal.cn/Product/LoadStoreProductUnits	200
商品	商品资料	POST	https://beta18.pospal.cn/Supplier/LoadSupplierDDLJson	200
商品	商品资料	POST	https://beta18.pospal.cn/Product/HasAutoFreshBarcodeGenerationRule	200
商品	商品资料	POST	https://beta18.pospal.cn/Product/LoadUserLabelPrinters	200
商品	商品资料	POST	https://beta18.pospal.cn/ProductBrand/LoadStoreProductBrands	200
商品	商品资料	POST	https://beta18.pospal.cn/Product/LoadUserPrinters	200
商品	商品资料	POST	https://beta18.pospal.cn/Product/LoadStoreProductTagGroups	200
商品	商品资料	POST	https://beta18.pospal.cn/ProductExt/HasNewCaseProductForRetailAuth	200
商品	商品资料	POST	https://advertsystem.pospal.cn/system/management/location/getTargetLocationMapping	200
商品	商品资料	POST	https://beta18.pospal.cn/Product/LoadProductSummary	200
商品	次卡资料	GET	https://beta18.pospal.cn/PassProduct/ManageForBeauty	200
商品	次卡资料	GET	https://my-kf.pospal.cn/kf/portalpospal/getCustomerServiceInfo	404
商品	次卡资料	POST	https://beta18.pospal.cn/WebCloudMessage/GetMsgVersion	200
商品	次卡资料	POST	https://beta18.pospal.cn/Account/GetMyShopMaxAvailableVersion	200
商品	次卡资料	POST	https://beta18.pospal.cn/Account/GetMyShopMaxAvailableVersion	200
商品	次卡资料	POST	https://beta18.pospal.cn/Cdp/CdpAd/GetCdpAdvertiseAsync	200
商品	次卡资料	POST	https://beta18.pospal.cn/Account/LoadSubStoresByUserIdDDLJson	200
商品	次卡资料	POST	https://beta18.pospal.cn/Account/LoadSubStoresByUserIdDDLJson	200
商品	次卡资料	POST	https://beta18.pospal.cn/PassProduct/LoadPassProductCategorys	200
商品	次卡资料	POST	https://beta18.pospal.cn/Category/LoadCategoryDDLJson	200
商品	次卡资料	POST	https://beta18.pospal.cn/Product/LoadStoreProductTagGroups	200
商品	次卡资料	POST	https://beta18.pospal.cn/Promotion/LoadAvailablePromotionRulesByUserIdDDLJson	200
商品	次卡资料	POST	https://advertsystem.pospal.cn/system/management/location/getTargetLocationMapping	200
商品	服务资料	GET	https://beta18.pospal.cn/Product/Services	200
商品	服务资料	POST	https://beta18.pospal.cn/Account/LoadUserUIConfigCustomJson	200
商品	服务资料	GET	https://my-kf.pospal.cn/kf/portalpospal/getCustomerServiceInfo	404
商品	服务资料	POST	https://beta18.pospal.cn/WebCloudMessage/GetMsgVersion	200
商品	服务资料	POST	https://beta18.pospal.cn/Account/GetMyShopMaxAvailableVersion	200
商品	服务资料	POST	https://beta18.pospal.cn/Account/GetMyShopMaxAvailableVersion	200
商品	服务资料	POST	https://beta18.pospal.cn/Cdp/CdpAd/GetCdpAdvertiseAsync	200
商品	服务资料	POST	https://beta18.pospal.cn/Account/LoadSubStoresByUserIdDDLJson	200
商品	服务资料	POST	https://beta18.pospal.cn/PassProduct/LoadPassProductCategorys	200
商品	服务资料	POST	https://beta18.pospal.cn/Category/LoadCategoryDDLJson	200
商品	服务资料	POST	https://beta18.pospal.cn/Product/LoadStoreProductTagGroups	200
商品	服务资料	POST	https://beta18.pospal.cn/Category/LoadCategoryDDLJson	200
商品	服务资料	POST	https://advertsystem.pospal.cn/system/management/location/getTargetLocationMapping	200
商品	服务资料	POST	https://beta18.pospal.cn/Product/LoadServicesSummary	200
商品	商品分类	GET	https://beta18.pospal.cn/Category/Manage	200
商品	商品分类	GET	https://my-kf.pospal.cn/kf/portalpospal/getCustomerServiceInfo	404
商品	商品分类	POST	https://beta18.pospal.cn/Account/GetMyShopMaxAvailableVersion	200
商品	商品分类	POST	https://beta18.pospal.cn/WebCloudMessage/GetMsgVersion	200
商品	商品分类	POST	https://beta18.pospal.cn/Account/GetMyShopMaxAvailableVersion	200
商品	商品分类	POST	https://beta18.pospal.cn/Cdp/CdpAd/GetCdpAdvertiseAsync	200
商品	商品分类	POST	https://beta18.pospal.cn/Category/LoadCategorysWithOption	200
商品	商品分类	POST	https://advertsystem.pospal.cn/system/management/location/getTargetLocationMapping	200
商品	商品设置	GET	https://beta18.pospal.cn/Product/BatchUpdateManage	200
商品	商品设置	GET	https://my-kf.pospal.cn/kf/portalpospal/getCustomerServiceInfo	404
商品	商品设置	POST	https://beta18.pospal.cn/WebCloudMessage/GetMsgVersion	200
商品	商品设置	POST	https://beta18.pospal.cn/Account/GetMyShopMaxAvailableVersion	200
商品	商品设置	POST	https://beta18.pospal.cn/Account/GetMyShopMaxAvailableVersion	200
商品	商品设置	POST	https://beta18.pospal.cn/Product/LoadUserIsOpenNewCommission	200
商品	商品设置	POST	https://beta18.pospal.cn/Account/IsRequestedStore	200
商品	商品设置	POST	https://beta18.pospal.cn/Cdp/CdpAd/GetCdpAdvertiseAsync	200
商品	商品设置	POST	https://beta18.pospal.cn/Product/LoadUserShowReferGrossRate	200
商品	商品设置	POST	https://advertsystem.pospal.cn/system/management/location/getTargetLocationMapping	200
商品	排序管理	POST	https://beta18.pospal.cn/System/LoadContactServiceInfo	200
商品	排序管理	GET	https://beta18.pospal.cn/Product/Sort	200
商品	排序管理	POST	https://beta18.pospal.cn/Account/GetMyShopMaxAvailableVersion	200
商品	排序管理	POST	https://beta18.pospal.cn/WebCloudMessage/GetMsgVersion	200
商品	排序管理	GET	https://my-kf.pospal.cn/kf/portalpospal/getCustomerServiceInfo	404
商品	排序管理	POST	https://beta18.pospal.cn/Account/GetMyShopMaxAvailableVersion	200
商品	排序管理	POST	https://beta18.pospal.cn/Product/LoadHasSortCashProductTag	200
商品	排序管理	POST	https://beta18.pospal.cn/Cdp/CdpAd/GetCdpAdvertiseAsync	200
商品	排序管理	POST	https://beta18.pospal.cn/Setting/FindUserConfig	200
商品	排序管理	POST	https://beta18.pospal.cn/Product/LoadSortCategoryView	200
商品	排序管理	POST	https://advertsystem.pospal.cn/system/management/location/getTargetLocationMapping	200
商品	排序管理	POST	https://beta18.pospal.cn/Setting/FindUserConfig	200
商品	排序管理	POST	https://beta18.pospal.cn/Product/LoadSortCategoryView	200
商品	排序管理	POST	https://beta18.pospal.cn/Product/LoadSortCategoryView	200
商品	排序管理	POST	https://beta18.pospal.cn/Product/LoadSortProductView	200
商品	排序管理	POST	https://beta18.pospal.cn/Product/LoadSortCategoryView	200
商品	排序管理	POST	https://beta18.pospal.cn/Product/LoadSortProductView	200
商品	耗材管理	GET	https://beta18.pospal.cn/Product/Tastes	200
商品	耗材管理	GET	https://my-kf.pospal.cn/kf/portalpospal/getCustomerServiceInfo	404
商品	耗材管理	POST	https://beta18.pospal.cn/WebCloudMessage/GetMsgVersion	200
商品	耗材管理	POST	https://beta18.pospal.cn/Account/GetMyShopMaxAvailableVersion	200
商品	耗材管理	POST	https://beta18.pospal.cn/Account/GetMyShopMaxAvailableVersion	200
商品	耗材管理	POST	https://beta18.pospal.cn/Product/LoadProductBinderView	200
商品	耗材管理	POST	https://beta18.pospal.cn/Product/LoadProductSelectorView	200
商品	耗材管理	POST	https://beta18.pospal.cn/Cdp/CdpAd/GetCdpAdvertiseAsync	200
商品	耗材管理	POST	https://beta18.pospal.cn/Category/LoadCategoryDDLJson	200
商品	耗材管理	POST	https://beta18.pospal.cn/Product/LoadStoreTastes	200
商品	耗材管理	POST	https://beta18.pospal.cn/Category/LoadCategoryDDLJson	200
商品	耗材管理	POST	https://advertsystem.pospal.cn/system/management/location/getTargetLocationMapping	200
商品	耗材管理	POST	https://beta18.pospal.cn/Category/LoadCategoryDDLJson	200
商品	组装拆分	GET	https://beta18.pospal.cn/Product/CaseProductItem	200
商品	组装拆分	GET	https://my-kf.pospal.cn/kf/portalpospal/getCustomerServiceInfo	404
商品	组装拆分	POST	https://beta18.pospal.cn/WebCloudMessage/GetMsgVersion	200
商品	组装拆分	POST	https://beta18.pospal.cn/Account/GetMyShopMaxAvailableVersion	200
商品	组装拆分	POST	https://beta18.pospal.cn/Account/GetMyShopMaxAvailableVersion	200
商品	组装拆分	POST	https://beta18.pospal.cn/Product/IsUseCaseProductItemForRetail	200
商品	组装拆分	POST	https://beta18.pospal.cn/Product/LoadProductSelectorView	200
商品	组装拆分	POST	https://beta18.pospal.cn/Cdp/CdpAd/GetCdpAdvertiseAsync	200
商品	组装拆分	POST	https://beta18.pospal.cn/Account/LoadSyncStores	200
商品	组装拆分	POST	https://beta18.pospal.cn/Category/LoadCategoryDDLJson	200
商品	组装拆分	POST	https://beta18.pospal.cn/Product/LoadCaseProductWithItems	200
商品	组装拆分	POST	https://advertsystem.pospal.cn/system/management/location/getTargetLocationMapping	200
商品	组装拆分	POST	https://beta18.pospal.cn/Category/LoadCategoryDDLJson	200
商品	原材料配置	GET	https://beta18.pospal.cn/Product/RawMeterial	200
商品	原材料配置	GET	https://my-kf.pospal.cn/kf/portalpospal/getCustomerServiceInfo	404
商品	原材料配置	POST	https://beta18.pospal.cn/WebCloudMessage/GetMsgVersion	200
商品	原材料配置	POST	https://beta18.pospal.cn/Account/GetMyShopMaxAvailableVersion	200
商品	原材料配置	POST	https://beta18.pospal.cn/Account/GetMyShopMaxAvailableVersion	200
商品	原材料配置	POST	https://beta18.pospal.cn/Cdp/CdpAd/GetCdpAdvertiseAsync	200
商品	原材料配置	POST	https://beta18.pospal.cn/Product/LoadNewProductionProductAuth	200
商品	原材料配置	POST	https://beta18.pospal.cn/Product/LoadProductSelectorView	200
商品	原材料配置	POST	https://beta18.pospal.cn/Product/LoadProductSelectorView	200
商品	原材料配置	POST	https://beta18.pospal.cn/Category/LoadCategoryDDLJson	200
商品	原材料配置	POST	https://beta18.pospal.cn/Product/LoadProductSelectorView	200
商品	原材料配置	POST	https://beta18.pospal.cn/Product/LoadProductAreaRuleDDLJsonForRawMeterial	200
商品	原材料配置	POST	https://beta18.pospal.cn/Product/LoadStoreProductUnits	200
商品	原材料配置	POST	https://beta18.pospal.cn/Product/LoadProductSummaryForRawMeterial	200
商品	原材料配置	POST	https://advertsystem.pospal.cn/system/management/location/getTargetLocationMapping	200
商品	原材料配置	POST	https://beta18.pospal.cn/Enterprise/LoadProductSelectorSearchConfig	200
商品	原材料配置	POST	https://beta18.pospal.cn/Category/LoadCategoryDDLJson	200
商品	原材料配置	POST	https://beta18.pospal.cn/Category/LoadCategoryDDLJson	200
商品	原材料配置	POST	https://beta18.pospal.cn/Category/LoadCategoryDDLJson	200
商品	调价单	GET	https://beta18.pospal.cn/Product/ProductPriceSchedule	200
商品	调价单	POST	https://beta18.pospal.cn/Product/LoadProductPriceScheduleList	200
商品	调价单	POST	https://beta18.pospal.cn/WebCloudMessage/GetMsgVersion	200
商品	调价单	GET	https://my-kf.pospal.cn/kf/portalpospal/getCustomerServiceInfo	404
商品	调价单	POST	https://beta18.pospal.cn/Account/GetMyShopMaxAvailableVersion	200
商品	调价单	POST	https://beta18.pospal.cn/Account/GetMyShopMaxAvailableVersion	200
商品	调价单	POST	https://beta18.pospal.cn/Cdp/CdpAd/GetCdpAdvertiseAsync	200
商品	调价单	POST	https://beta18.pospal.cn/Account/LoadSubStoresByUserIdDDLJson	200
商品	调价单	POST	https://beta18.pospal.cn/Category/LoadCategoryDDLJson	200
商品	调价单	POST	https://advertsystem.pospal.cn/system/management/location/getTargetLocationMapping	200
商品	项目用品	GET	https://beta18.pospal.cn/Product/NutritionFacts	200
商品	项目用品	GET	https://my-kf.pospal.cn/kf/portalpospal/getCustomerServiceInfo	404
商品	项目用品	POST	https://beta18.pospal.cn/WebCloudMessage/GetMsgVersion	200
商品	项目用品	POST	https://beta18.pospal.cn/Account/GetMyShopMaxAvailableVersion	200
商品	项目用品	POST	https://beta18.pospal.cn/Account/GetMyShopMaxAvailableVersion	200
商品	项目用品	POST	https://beta18.pospal.cn/Cdp/CdpAd/GetCdpAdvertiseAsync	200
商品	项目用品	POST	https://beta18.pospal.cn/Category/LoadCategoryDDLJson	200
商品	项目用品	POST	https://beta18.pospal.cn/Product/LoadUserNutrients	200
商品	项目用品	POST	https://beta18.pospal.cn/Product/LoadProductSummaryForNutritionFacts	200
商品	项目用品	POST	https://advertsystem.pospal.cn/system/management/location/getTargetLocationMapping	200
商品	库存查询	GET	https://beta18.pospal.cn/Inventory/StockCount	200
商品	库存查询	GET	https://my-kf.pospal.cn/kf/portalpospal/getCustomerServiceInfo	404
商品	库存查询	POST	https://beta18.pospal.cn/WebCloudMessage/GetMsgVersion	200
商品	库存查询	POST	https://beta18.pospal.cn/Account/GetMyShopMaxAvailableVersion	200
商品	库存查询	POST	https://beta18.pospal.cn/Account/GetMyShopMaxAvailableVersion	200
商品	库存查询	POST	https://beta18.pospal.cn/Cdp/CdpAd/GetCdpAdvertiseAsync	200
商品	库存查询	POST	https://beta18.pospal.cn/Account/LoadUserUIConfigCustomJson	200
商品	库存查询	POST	https://beta18.pospal.cn/ProductBrand/LoadProductbrandDDLJson	200
商品	库存查询	POST	https://beta18.pospal.cn/Category/LoadCategoryDDLJson	200
商品	库存查询	POST	https://beta18.pospal.cn/Product/LoadStoreProductTagGroups	200
商品	库存查询	POST	https://beta18.pospal.cn/Supplier/LoadSupplierDDLJson	200
商品	库存查询	POST	https://advertsystem.pospal.cn/system/management/location/getTargetLocationMapping	200
商品	库存统计	GET	https://beta18.pospal.cn/Inventory/StockElement	200
商品	库存统计	GET	https://my-kf.pospal.cn/kf/portalpospal/getCustomerServiceInfo	404
商品	库存统计	POST	https://beta18.pospal.cn/Account/GetMyShopMaxAvailableVersion	200
商品	库存统计	POST	https://beta18.pospal.cn/WebCloudMessage/GetMsgVersion	200
商品	库存统计	POST	https://beta18.pospal.cn/Account/GetMyShopMaxAvailableVersion	200
商品	库存统计	POST	https://beta18.pospal.cn/Cdp/CdpAd/GetCdpAdvertiseAsync	200
商品	库存统计	POST	https://beta18.pospal.cn/Inventory/LoadStockElement	200
商品	库存统计	POST	https://advertsystem.pospal.cn/system/management/location/getTargetLocationMapping	200
商品	库存预警	POST	https://beta18.pospal.cn/System/LoadContactServiceInfo	200
商品	库存预警	GET	https://beta18.pospal.cn/Inventory/StockWarning	200
商品	库存预警	POST	https://beta18.pospal.cn/WebCloudMessage/GetMsgVersion	200
商品	库存预警	GET	https://my-kf.pospal.cn/kf/portalpospal/getCustomerServiceInfo	404
商品	库存预警	POST	https://beta18.pospal.cn/Account/GetMyShopMaxAvailableVersion	200
商品	库存预警	POST	https://beta18.pospal.cn/Account/GetMyShopMaxAvailableVersion	200
商品	库存预警	POST	https://beta18.pospal.cn/Cdp/CdpAd/GetCdpAdvertiseAsync	200
商品	库存预警	POST	https://beta18.pospal.cn/Category/LoadCategoryDDLJson	200
商品	库存预警	POST	https://beta18.pospal.cn/Supplier/LoadSupplierDDLJson	200
商品	库存预警	POST	https://beta18.pospal.cn/Account/CheckDepositAuth	200
商品	库存预警	POST	https://advertsystem.pospal.cn/system/management/location/getTargetLocationMapping	200
商品	库存预警	POST	https://beta18.pospal.cn/Inventory/LoadStockWarningSummary	200
商品	库存预警	POST	https://beta18.pospal.cn/Inventory/LoadStockWarningProductsByPage	200
商品	变动明细	GET	https://beta18.pospal.cn/Inventory/StockChangeHistory	200
商品	变动明细	GET	https://my-kf.pospal.cn/kf/portalpospal/getCustomerServiceInfo	404
商品	变动明细	POST	https://beta18.pospal.cn/WebCloudMessage/GetMsgVersion	200
商品	变动明细	POST	https://beta18.pospal.cn/Account/GetMyShopMaxAvailableVersion	200
商品	变动明细	POST	https://beta18.pospal.cn/Account/GetMyShopMaxAvailableVersion	200
商品	变动明细	POST	https://beta18.pospal.cn/Cdp/CdpAd/GetCdpAdvertiseAsync	200
商品	变动明细	POST	https://advertsystem.pospal.cn/system/management/location/getTargetLocationMapping	200
商品	盘点历史	POST	https://beta18.pospal.cn/System/LoadContactServiceInfo	200
商品	盘点历史	GET	https://beta18.pospal.cn/Inventory/StockTakingHistoryV2	200
商品	盘点历史	POST	https://beta18.pospal.cn/Account/LoadUserUIConfigCustomJson	200
商品	盘点历史	GET	https://my-kf.pospal.cn/kf/portalpospal/getCustomerServiceInfo	404
商品	盘点历史	POST	https://beta18.pospal.cn/WebCloudMessage/GetMsgVersion	200
商品	盘点历史	POST	https://beta18.pospal.cn/Account/GetMyShopMaxAvailableVersion	200
商品	盘点历史	POST	https://beta18.pospal.cn/Account/GetMyShopMaxAvailableVersion	200
商品	盘点历史	POST	https://beta18.pospal.cn/Cdp/CdpAd/GetCdpAdvertiseAsync	200
商品	盘点历史	POST	https://beta18.pospal.cn/Inventory/GetStockTakingHistorySummaryV2	200
商品	盘点历史	POST	https://advertsystem.pospal.cn/system/management/location/getTargetLocationMapping	200
商品	商品报损	GET	https://beta18.pospal.cn/Inventory/DiscardInventoryHistory	200
商品	商品报损	GET	https://my-kf.pospal.cn/kf/portalpospal/getCustomerServiceInfo	404
商品	商品报损	POST	https://beta18.pospal.cn/WebCloudMessage/GetMsgVersion	200
商品	商品报损	POST	https://beta18.pospal.cn/Account/GetMyShopMaxAvailableVersion	200
商品	商品报损	POST	https://beta18.pospal.cn/Account/GetMyShopMaxAvailableVersion	200
商品	商品报损	POST	https://beta18.pospal.cn/Cdp/CdpAd/GetCdpAdvertiseAsync	200
商品	商品报损	POST	https://beta18.pospal.cn/Inventory/LoadDiscardInventoryHistory	200
商品	商品报损	POST	https://advertsystem.pospal.cn/system/management/location/getTargetLocationMapping	200
商品	寄存统计	GET	https://beta18.pospal.cn/Inventory/ProductDepositCount	200
商品	寄存统计	POST	https://beta18.pospal.cn/WebCloudMessage/GetMsgVersion	200
商品	寄存统计	GET	https://my-kf.pospal.cn/kf/portalpospal/getCustomerServiceInfo	404
商品	寄存统计	POST	https://beta18.pospal.cn/Account/GetMyShopMaxAvailableVersion	200
商品	寄存统计	POST	https://beta18.pospal.cn/Account/GetMyShopMaxAvailableVersion	200
商品	寄存统计	POST	https://beta18.pospal.cn/Cdp/CdpAd/GetCdpAdvertiseAsync	200
商品	寄存统计	POST	https://beta18.pospal.cn/Category/LoadCategoryDDLJson	200
商品	寄存统计	POST	https://beta18.pospal.cn/Supplier/LoadSupplierDDLJson	200
商品	寄存统计	POST	https://advertsystem.pospal.cn/system/management/location/getTargetLocationMapping	200
商品	寄存统计	POST	https://beta18.pospal.cn/Inventory/LoadProductDepositCountSummary	200
商品	寄存取明细	GET	https://beta18.pospal.cn/Inventory/ProductDepositLog	200
商品	寄存取明细	POST	https://beta18.pospal.cn/Account/LoadUserUIConfigCustomJson	200
商品	寄存取明细	GET	https://my-kf.pospal.cn/kf/portalpospal/getCustomerServiceInfo	404
商品	寄存取明细	POST	https://beta18.pospal.cn/WebCloudMessage/GetMsgVersion	200
商品	寄存取明细	POST	https://beta18.pospal.cn/Account/GetMyShopMaxAvailableVersion	200
商品	寄存取明细	POST	https://beta18.pospal.cn/Account/GetMyShopMaxAvailableVersion	200
商品	寄存取明细	POST	https://beta18.pospal.cn/Cdp/CdpAd/GetCdpAdvertiseAsync	200
商品	寄存取明细	POST	https://beta18.pospal.cn/ProductBrand/LoadProductbrandDDLJson	200
商品	寄存取明细	POST	https://beta18.pospal.cn/Category/LoadCategoryDDLJson	200
商品	寄存取明细	POST	https://beta18.pospal.cn/Product/LoadStoreProductTagGroups	200
商品	寄存取明细	POST	https://beta18.pospal.cn/Inventory/LoadProductDepositLogSummary	200
商品	寄存取明细	POST	https://beta18.pospal.cn/Supplier/LoadSupplierDDLJson	200
商品	寄存取明细	POST	https://advertsystem.pospal.cn/system/management/location/getTargetLocationMapping	200
商品	原材料消耗	GET	https://beta18.pospal.cn/Inventory/RawMeterialConsumption	200
商品	原材料消耗	GET	https://my-kf.pospal.cn/kf/portalpospal/getCustomerServiceInfo	404
商品	原材料消耗	POST	https://beta18.pospal.cn/WebCloudMessage/GetMsgVersion	200
商品	原材料消耗	POST	https://beta18.pospal.cn/Account/GetMyShopMaxAvailableVersion	200
商品	原材料消耗	POST	https://beta18.pospal.cn/Account/GetMyShopMaxAvailableVersion	200
商品	原材料消耗	POST	https://beta18.pospal.cn/Cdp/CdpAd/GetCdpAdvertiseAsync	200
商品	原材料消耗	POST	https://beta18.pospal.cn/Inventory/LoadRawMeterialConsumptionSummary	200
商品	原材料消耗	POST	https://advertsystem.pospal.cn/system/management/location/getTargetLocationMapping	200
商品	供货商资料	GET	https://beta18.pospal.cn/Supplier/Manage	200
商品	供货商资料	GET	https://my-kf.pospal.cn/kf/portalpospal/getCustomerServiceInfo	404
商品	供货商资料	POST	https://beta18.pospal.cn/WebCloudMessage/GetMsgVersion	200
商品	供货商资料	POST	https://beta18.pospal.cn/Account/GetMyShopMaxAvailableVersion	200
商品	供货商资料	POST	https://beta18.pospal.cn/Account/GetMyShopMaxAvailableVersion	200
商品	供货商资料	POST	https://beta18.pospal.cn/Cdp/CdpAd/GetCdpAdvertiseAsync	200
商品	供货商资料	POST	https://beta18.pospal.cn/Category/LoadCategoryDDLJson	200
商品	供货商资料	POST	https://beta18.pospal.cn/Category/LoadCategoryDDLJson	200
商品	供货商资料	POST	https://beta18.pospal.cn/Category/LoadCategoryDDLJson	200
商品	供货商资料	POST	https://beta18.pospal.cn/Supplier/LoadSuppliers	200
商品	供货商资料	POST	https://advertsystem.pospal.cn/system/management/location/getTargetLocationMapping	200
商品	门店订货	GET	https://beta18.pospal.cn/StockFlow/ProductRequest	200
商品	门店订货	POST	https://beta18.pospal.cn/Account/LoadUserUIConfigCustomJson	200
商品	门店订货	POST	https://beta18.pospal.cn/WebCloudMessage/GetMsgVersion	200
商品	门店订货	GET	https://my-kf.pospal.cn/kf/portalpospal/getCustomerServiceInfo	404
商品	门店订货	POST	https://beta18.pospal.cn/Account/GetMyShopMaxAvailableVersion	200
商品	门店订货	POST	https://beta18.pospal.cn/Account/GetMyShopMaxAvailableVersion	200
商品	门店订货	POST	https://beta18.pospal.cn/Cdp/CdpAd/GetCdpAdvertiseAsync	200
商品	门店订货	POST	https://beta18.pospal.cn/StockFlow/LoadUserProcessSetting	200
商品	门店订货	POST	https://beta18.pospal.cn/StockFlow/LoadProductRequestSummary	200
商品	门店订货	POST	https://beta18.pospal.cn/ProductRequest/LoadProductrequesttemplateDDL	200
商品	门店订货	POST	https://advertsystem.pospal.cn/system/management/location/getTargetLocationMapping	200
商品	订货模板	GET	https://beta18.pospal.cn/ProductRequest/Template	200
商品	订货模板	GET	https://my-kf.pospal.cn/kf/portalpospal/getCustomerServiceInfo	404
商品	订货模板	POST	https://beta18.pospal.cn/WebCloudMessage/GetMsgVersion	200
商品	订货模板	POST	https://beta18.pospal.cn/Account/GetMyShopMaxAvailableVersion	200
商品	订货模板	POST	https://beta18.pospal.cn/Account/GetMyShopMaxAvailableVersion	200
商品	订货模板	POST	https://beta18.pospal.cn/Cdp/CdpAd/GetCdpAdvertiseAsync	200
商品	订货模板	POST	https://beta18.pospal.cn/Product/LoadProductSelectorView	200
商品	订货模板	POST	https://beta18.pospal.cn/Account/LoadSubStoresByUserIdDDLJson	200
商品	订货模板	POST	https://beta18.pospal.cn/Product/LoadProductTagDDLJson	200
商品	订货模板	POST	https://beta18.pospal.cn/Category/LoadCategoryDDLJson	200
商品	订货模板	POST	https://beta18.pospal.cn/Supplier/LoadSupplierDDLJson	200
商品	订货模板	POST	https://beta18.pospal.cn/ProductRequest/LoadTemplateList	200
商品	订货模板	POST	https://advertsystem.pospal.cn/system/management/location/getTargetLocationMapping	200
商品	订货模板	POST	https://beta18.pospal.cn/Category/LoadCategoryDDLJson	200
商品	采购单	GET	https://beta18.pospal.cn/ProductPurchase/Manage	200
商品	采购单	GET	https://my-kf.pospal.cn/kf/portalpospal/getCustomerServiceInfo	404
商品	采购单	POST	https://beta18.pospal.cn/WebCloudMessage/GetMsgVersion	200
商品	采购单	POST	https://beta18.pospal.cn/Account/GetMyShopMaxAvailableVersion	200
商品	采购单	POST	https://beta18.pospal.cn/Account/GetMyShopMaxAvailableVersion	200
商品	采购单	POST	https://beta18.pospal.cn/Cdp/CdpAd/GetCdpAdvertiseAsync	200
商品	采购单	POST	https://beta18.pospal.cn/Account/LoadUserUIConfigCustomJson	200
商品	采购单	POST	https://beta18.pospal.cn/StockFlow/LoadUserProcessSetting	200
商品	采购单	POST	https://beta18.pospal.cn/Supplier/LoadSupplierDDLJson	200
商品	采购单	POST	https://advertsystem.pospal.cn/system/management/location/getTargetLocationMapping	200
商品	采购单	POST	https://beta18.pospal.cn/ProductPurchase/LoadProductPurchaseSummary	200
商品	货流管理	GET	https://beta18.pospal.cn/StockFlow/StockFlowList	200
商品	货流管理	POST	https://beta18.pospal.cn/Account/LoadUserUIConfigCustomJson	200
商品	货流管理	GET	https://my-kf.pospal.cn/kf/portalpospal/getCustomerServiceInfo	404
商品	货流管理	POST	https://beta18.pospal.cn/WebCloudMessage/GetMsgVersion	200
商品	货流管理	POST	https://beta18.pospal.cn/Account/GetMyShopMaxAvailableVersion	200
商品	货流管理	POST	https://beta18.pospal.cn/Account/GetMyShopMaxAvailableVersion	200
商品	货流管理	POST	https://beta18.pospal.cn/Cdp/CdpAd/GetCdpAdvertiseAsync	200
商品	货流管理	POST	https://beta18.pospal.cn/Account/LoadSubStoresWithGradeDDLJson	200
商品	货流管理	POST	https://beta18.pospal.cn/StockFlow/LoadSFTagGroups	200
商品	货流管理	POST	https://beta18.pospal.cn/Supplier/LoadSupplierDDLJson	200
商品	货流管理	POST	https://advertsystem.pospal.cn/system/management/location/getTargetLocationMapping	200
商品	货流管理	POST	https://beta18.pospal.cn/StockFlow/LoadStockFlowSummary	200
商品	出入库明细	GET	https://beta18.pospal.cn/StockFlow/ProductStockFlowHistory	200
商品	出入库明细	POST	https://beta18.pospal.cn/WebCloudMessage/GetMsgVersion	200
商品	出入库明细	GET	https://my-kf.pospal.cn/kf/portalpospal/getCustomerServiceInfo	404
商品	出入库明细	POST	https://beta18.pospal.cn/Account/GetMyShopMaxAvailableVersion	200
商品	出入库明细	POST	https://beta18.pospal.cn/Account/GetMyShopMaxAvailableVersion	200
商品	出入库明细	POST	https://beta18.pospal.cn/Cdp/CdpAd/GetCdpAdvertiseAsync	200
商品	出入库明细	POST	https://beta18.pospal.cn/Account/LoadUserUIConfigCustomJson	200
商品	出入库明细	POST	https://beta18.pospal.cn/StockFlow/LoadProductStockFlowHistorySummary	200
商品	出入库明细	POST	https://advertsystem.pospal.cn/system/management/location/getTargetLocationMapping	200
商品	商品调货统计	GET	https://beta18.pospal.cn/StockFlow/ProductStockFlow	200
商品	商品调货统计	POST	https://beta18.pospal.cn/Account/LoadUserUIConfigCustomJson	200
商品	商品调货统计	GET	https://my-kf.pospal.cn/kf/portalpospal/getCustomerServiceInfo	404
商品	商品调货统计	POST	https://beta18.pospal.cn/WebCloudMessage/GetMsgVersion	200
商品	商品调货统计	POST	https://beta18.pospal.cn/Account/GetMyShopMaxAvailableVersion	200
商品	商品调货统计	POST	https://beta18.pospal.cn/Account/GetMyShopMaxAvailableVersion	200
商品	商品调货统计	POST	https://beta18.pospal.cn/Cdp/CdpAd/GetCdpAdvertiseAsync	200
商品	商品调货统计	POST	https://beta18.pospal.cn/StockFlow/LoadProductStockFlowSummary	200
商品	商品调货统计	POST	https://advertsystem.pospal.cn/system/management/location/getTargetLocationMapping	200
商品	供货商结算	GET	https://beta18.pospal.cn/StockFlow/SuppilerPaymentCount	200
商品	供货商结算	GET	https://my-kf.pospal.cn/kf/portalpospal/getCustomerServiceInfo	404
商品	供货商结算	POST	https://beta18.pospal.cn/WebCloudMessage/GetMsgVersion	200
商品	供货商结算	POST	https://beta18.pospal.cn/Account/GetMyShopMaxAvailableVersion	200
商品	供货商结算	POST	https://beta18.pospal.cn/Account/GetMyShopMaxAvailableVersion	200
商品	供货商结算	POST	https://beta18.pospal.cn/Cdp/CdpAd/GetCdpAdvertiseAsync	200
商品	供货商结算	POST	https://beta18.pospal.cn/Supplier/LoadSupplierDDLJson	200
商品	供货商结算	POST	https://beta18.pospal.cn/StockFlow/LoadSuppilerPaymentCount	200
商品	供货商结算	POST	https://advertsystem.pospal.cn/system/management/location/getTargetLocationMapping	200
商品	进货价分析	GET	https://beta18.pospal.cn/StockFlow/SupplyPrice	200
商品	进货价分析	POST	https://beta18.pospal.cn/Account/LoadUserUIConfigCustomJson	200
商品	进货价分析	GET	https://my-kf.pospal.cn/kf/portalpospal/getCustomerServiceInfo	404
商品	进货价分析	POST	https://beta18.pospal.cn/WebCloudMessage/GetMsgVersion	200
商品	进货价分析	POST	https://beta18.pospal.cn/Account/GetMyShopMaxAvailableVersion	200
商品	进货价分析	POST	https://beta18.pospal.cn/Account/GetMyShopMaxAvailableVersion	200
商品	进货价分析	POST	https://beta18.pospal.cn/Cdp/CdpAd/GetCdpAdvertiseAsync	200
商品	进货价分析	POST	https://beta18.pospal.cn/StockFlow/LoadProductSupplyPriceSummary	200
商品	进货价分析	POST	https://beta18.pospal.cn/Supplier/LoadSupplierDDLJson	200
商品	进货价分析	POST	https://advertsystem.pospal.cn/system/management/location/getTargetLocationMapping	200
商品	门店对账	GET	https://beta18.pospal.cn/StockFlow/StoreAudit	200
商品	门店对账	POST	https://beta18.pospal.cn/WebCloudMessage/GetMsgVersion	200
商品	门店对账	GET	https://my-kf.pospal.cn/kf/portalpospal/getCustomerServiceInfo	404
商品	门店对账	POST	https://beta18.pospal.cn/Account/GetMyShopMaxAvailableVersion	200
商品	门店对账	POST	https://beta18.pospal.cn/Account/GetMyShopMaxAvailableVersion	200
商品	门店对账	POST	https://beta18.pospal.cn/StockFlow/LoadStoreAudit	200
商品	门店对账	POST	https://beta18.pospal.cn/Cdp/CdpAd/GetCdpAdvertiseAsync	200
商品	门店对账	POST	https://advertsystem.pospal.cn/system/management/location/getTargetLocationMapping	200
商品	流程设置	GET	https://beta18.pospal.cn/Setting/UserProcessSetting	200
商品	流程设置	GET	https://my-kf.pospal.cn/kf/portalpospal/getCustomerServiceInfo	404
商品	流程设置	POST	https://beta18.pospal.cn/Account/GetMyShopMaxAvailableVersion	200
商品	流程设置	POST	https://beta18.pospal.cn/Account/GetMyShopMaxAvailableVersion	200
商品	流程设置	POST	https://beta18.pospal.cn/WebCloudMessage/GetMsgVersion	200
商品	流程设置	POST	https://beta18.pospal.cn/Cdp/CdpAd/GetCdpAdvertiseAsync	200
商品	流程设置	POST	https://beta18.pospal.cn/Setting/LoadUserProcessSetting	200
商品	流程设置	POST	https://advertsystem.pospal.cn/system/management/location/getTargetLocationMapping	200
会员	会员概览	GET	https://beta18.pospal.cn/CustomerReport/CustomerDashboard	200
会员	会员概览	GET	https://my-kf.pospal.cn/kf/portalpospal/getCustomerServiceInfo	404
会员	会员概览	POST	https://beta18.pospal.cn/WebCloudMessage/GetMsgVersion	200
会员	会员概览	POST	https://beta18.pospal.cn/Account/GetMyShopMaxAvailableVersion	200
会员	会员概览	POST	https://beta18.pospal.cn/Account/GetMyShopMaxAvailableVersion	200
会员	会员概览	POST	https://beta18.pospal.cn/Cdp/CdpAd/GetCdpAdvertiseAsync	200
会员	会员概览	POST	https://advertsystem.pospal.cn/system/management/location/getTargetLocationMapping	200
会员	会员概览	POST	https://beta18.pospal.cn/Cdp/CdpAd/GetCdpAdvertiseAsync	200
会员	会员概览	POST	https://advertsystem.pospal.cn/system/management/location/getTargetLocationMapping	200
会员	会员概览	POST	https://beta18.pospal.cn/CustomerReport/LoadCustomerTicketAnalysis	200
会员	会员概览	POST	https://advertsystem.pospal.cn/system/management/location/getTargetLocationMapping	200
会员	散客概览	GET	https://beta18.pospal.cn/Dashboard/Travel	200
会员	散客概览	GET	https://my-kf.pospal.cn/kf/portalpospal/getCustomerServiceInfo	404
会员	散客概览	POST	https://beta18.pospal.cn/WebCloudMessage/GetMsgVersion	200
会员	散客概览	POST	https://beta18.pospal.cn/Account/GetMyShopMaxAvailableVersion	200
会员	散客概览	POST	https://beta18.pospal.cn/Account/GetMyShopMaxAvailableVersion	200
会员	散客概览	POST	https://beta18.pospal.cn/Cdp/CdpAd/GetCdpAdvertiseAsync	200
会员	散客概览	POST	https://webreport.pospal.cn/datareport/simple/web_report	200
会员	散客概览	POST	https://beta18.pospal.cn/Dashboard/LoadTravelTicketNum	200
会员	散客概览	POST	https://beta18.pospal.cn/Dashboard/GetTravelBoardByUser	200
会员	散客概览	POST	https://beta18.pospal.cn/Dashboard/LoadTravelBoardPerTicketPrice	200
会员	散客概览	POST	https://beta18.pospal.cn/Dashboard/GetTravelBoardByUserAndDate	200
会员	散客概览	POST	https://advertsystem.pospal.cn/system/management/location/getTargetLocationMapping	200
会员	会员体系	POST	https://beta18.pospal.cn/System/LoadContactServiceInfo	200
会员	会员体系	GET	https://beta18.pospal.cn/Customer/Introduction	200
会员	会员体系	POST	https://beta18.pospal.cn/WebCloudMessage/GetMsgVersion	200
会员	会员体系	POST	https://beta18.pospal.cn/Account/GetMyShopMaxAvailableVersion	200
会员	会员体系	POST	https://beta18.pospal.cn/Account/GetMyShopMaxAvailableVersion	200
会员	会员体系	GET	https://my-kf.pospal.cn/kf/portalpospal/getCustomerServiceInfo	404
会员	会员体系	POST	https://beta18.pospal.cn/Cdp/CdpAd/GetCdpAdvertiseAsync	200
会员	会员体系	POST	https://advertsystem.pospal.cn/system/management/location/getTargetLocationMapping	200
会员	会员资料	POST	https://beta18.pospal.cn/System/LoadContactServiceInfo	200
会员	会员资料	GET	https://beta18.pospal.cn/Customer/Manage	200
会员	会员资料	GET	https://my-kf.pospal.cn/kf/portalpospal/getCustomerServiceInfo	404
会员	会员资料	POST	https://beta18.pospal.cn/WebCloudMessage/GetMsgVersion	200
会员	会员资料	POST	https://beta18.pospal.cn/Account/GetMyShopMaxAvailableVersion	200
会员	会员资料	POST	https://beta18.pospal.cn/Account/GetMyShopMaxAvailableVersion	200
会员	会员资料	POST	https://beta18.pospal.cn/Cdp/CdpAd/GetCdpAdvertiseAsync	200
会员	会员资料	POST	https://beta18.pospal.cn/Account/LoadSubStoresWithGradeDDLJson	200
会员	会员资料	POST	https://beta18.pospal.cn/Account/LoadUserUIConfigCustomJson	200
会员	会员资料	POST	https://beta18.pospal.cn/Customer/LoadCustomerSummary	200
会员	会员资料	POST	https://advertsystem.pospal.cn/system/management/location/getTargetLocationMapping	200
会员	会员设置	GET	https://beta18.pospal.cn/Customer/CustomerBaseSetting	200
会员	会员设置	GET	https://my-kf.pospal.cn/kf/portalpospal/getCustomerServiceInfo	404
会员	会员设置	POST	https://beta18.pospal.cn/WebCloudMessage/GetMsgVersion	200
会员	会员设置	POST	https://beta18.pospal.cn/Account/GetMyShopMaxAvailableVersion	200
会员	会员设置	POST	https://beta18.pospal.cn/Account/GetMyShopMaxAvailableVersion	200
会员	会员设置	POST	https://beta18.pospal.cn/Cdp/CdpAd/GetCdpAdvertiseAsync	200
会员	会员设置	POST	https://advertsystem.pospal.cn/system/management/location/getTargetLocationMapping	200
会员	微会员卡	GET	https://beta18.pospal.cn/Eshop/WxCardConfig	200
会员	微会员卡	GET	https://my-kf.pospal.cn/kf/portalpospal/getCustomerServiceInfo	404
会员	微会员卡	POST	https://beta18.pospal.cn/WebCloudMessage/GetMsgVersion	200
会员	微会员卡	POST	https://beta18.pospal.cn/Account/GetMyShopMaxAvailableVersion	200
会员	微会员卡	POST	https://beta18.pospal.cn/Account/GetMyShopMaxAvailableVersion	200
会员	微会员卡	POST	https://beta18.pospal.cn/Cdp/CdpAd/GetCdpAdvertiseAsync	200
会员	微会员卡	POST	https://advertsystem.pospal.cn/system/management/location/getTargetLocationMapping	200
会员	微会员卡	POST	https://beta18.pospal.cn/Eshop/LoadWxCardConfig	200
会员	会员对账	POST	https://beta18.pospal.cn/System/LoadContactServiceInfo	200
会员	会员对账	GET	https://beta18.pospal.cn/Customer/History	200
会员	会员对账	POST	https://beta18.pospal.cn/WebCloudMessage/GetMsgVersion	200
会员	会员对账	POST	https://beta18.pospal.cn/Account/GetMyShopMaxAvailableVersion	200
会员	会员对账	POST	https://beta18.pospal.cn/Account/GetMyShopMaxAvailableVersion	200
会员	会员对账	GET	https://my-kf.pospal.cn/kf/portalpospal/getCustomerServiceInfo	404
会员	会员对账	POST	https://beta18.pospal.cn/Cdp/CdpAd/GetCdpAdvertiseAsync	200
会员	会员对账	POST	https://advertsystem.pospal.cn/system/management/location/getTargetLocationMapping	200
会员	分配公海会员	GET	https://beta18.pospal.cn/Customer/AssignToGuider	200
会员	分配公海会员	GET	https://my-kf.pospal.cn/kf/portalpospal/getCustomerServiceInfo	404
会员	分配公海会员	POST	https://beta18.pospal.cn/Account/GetMyShopMaxAvailableVersion	200
会员	分配公海会员	POST	https://beta18.pospal.cn/Account/GetMyShopMaxAvailableVersion	200
会员	分配公海会员	POST	https://beta18.pospal.cn/WebCloudMessage/GetMsgVersion	200
会员	分配公海会员	POST	https://beta18.pospal.cn/Cdp/CdpAd/GetCdpAdvertiseAsync	200
会员	分配公海会员	POST	https://beta18.pospal.cn/Customer/LoadCustomerSummaryForAssign	200
会员	分配公海会员	POST	https://advertsystem.pospal.cn/system/management/location/getTargetLocationMapping	200
会员	分配公海会员	POST	https://beta18.pospal.cn/Customer/LoadCustomersForAssign	200
会员	会员欠款汇总	GET	https://beta18.pospal.cn/CustomerReport/CustomerOwedAmountSummary	200
会员	会员欠款汇总	GET	https://my-kf.pospal.cn/kf/portalpospal/getCustomerServiceInfo	404
会员	会员欠款汇总	POST	https://beta18.pospal.cn/Account/GetMyShopMaxAvailableVersion	200
会员	会员欠款汇总	POST	https://beta18.pospal.cn/WebCloudMessage/GetMsgVersion	200
会员	会员欠款汇总	POST	https://beta18.pospal.cn/Account/GetMyShopMaxAvailableVersion	200
会员	会员欠款汇总	POST	https://beta18.pospal.cn/Cdp/CdpAd/GetCdpAdvertiseAsync	200
会员	会员欠款汇总	POST	https://beta18.pospal.cn/CustomerReport/LoadCustomerOwedAmountSummary	200
会员	会员欠款汇总	POST	https://advertsystem.pospal.cn/system/management/location/getTargetLocationMapping	200
会员	等级管理	GET	https://beta18.pospal.cn/Customer/CategoryV2	200
会员	等级管理	GET	https://my-kf.pospal.cn/kf/portalpospal/getCustomerServiceInfo	404
会员	等级管理	POST	https://beta18.pospal.cn/WebCloudMessage/GetMsgVersion	200
会员	等级管理	POST	https://beta18.pospal.cn/Account/GetMyShopMaxAvailableVersion	200
会员	等级管理	POST	https://beta18.pospal.cn/Account/GetMyShopMaxAvailableVersion	200
会员	等级管理	POST	https://beta18.pospal.cn/Cdp/CdpAd/GetCdpAdvertiseAsync	200
会员	等级管理	POST	https://beta18.pospal.cn/Customer/LoadCategoryByPage	200
会员	等级管理	POST	https://beta18.pospal.cn/Customer/LoadCategoryBagByPage	200
会员	等级管理	POST	https://advertsystem.pospal.cn/system/management/location/getTargetLocationMapping	200
会员	积分规则	GET	https://beta18.pospal.cn/CustomerSetting/PointRule	302
会员	积分规则	POST	https://beta18.pospal.cn/System/LoadContactServiceInfo	200
会员	积分规则	GET	https://beta18.pospal.cn/CustomerSetting/Point	200
会员	积分规则	GET	https://my-kf.pospal.cn/kf/portalpospal/getCustomerServiceInfo	404
会员	积分规则	POST	https://beta18.pospal.cn/Account/GetMyShopMaxAvailableVersion	200
会员	积分规则	POST	https://beta18.pospal.cn/WebCloudMessage/GetMsgVersion	200
会员	积分规则	POST	https://beta18.pospal.cn/Account/GetMyShopMaxAvailableVersion	200
会员	积分规则	POST	https://beta18.pospal.cn/Product/LoadProductBinderView	200
会员	积分规则	POST	https://beta18.pospal.cn/Cdp/CdpAd/GetCdpAdvertiseAsync	200
会员	积分规则	POST	https://beta18.pospal.cn/Category/LoadCategoryDDLJson	200
会员	积分规则	POST	https://beta18.pospal.cn/CustomerSetting/LoadMultiPointRules	200
会员	积分规则	POST	https://advertsystem.pospal.cn/system/management/location/getTargetLocationMapping	200
会员	充值规则	POST	https://beta18.pospal.cn/System/LoadContactServiceInfo	200
会员	充值规则	GET	https://beta18.pospal.cn/Recharge/Rule	200
会员	充值规则	POST	https://beta18.pospal.cn/Account/LoadUserUIConfigCustomJson	200
会员	充值规则	POST	https://beta18.pospal.cn/WebCloudMessage/GetMsgVersion	200
会员	充值规则	GET	https://my-kf.pospal.cn/kf/portalpospal/getCustomerServiceInfo	404
会员	充值规则	POST	https://beta18.pospal.cn/Account/GetMyShopMaxAvailableVersion	200
会员	充值规则	POST	https://beta18.pospal.cn/Account/GetMyShopMaxAvailableVersion	200
会员	充值规则	POST	https://beta18.pospal.cn/Cdp/CdpAd/GetCdpAdvertiseAsync	200
会员	充值规则	POST	https://beta18.pospal.cn/Coupon/LoadStoreCoupons	200
会员	充值规则	POST	https://beta18.pospal.cn/ShoppingCard/LoadRuleDDLJson	200
会员	充值规则	POST	https://beta18.pospal.cn/Recharge/LoadRechargeAccountChannelConfigs	200
会员	权益卡	GET	https://beta18.pospal.cn/CustomerPrivilegeCard/Rule	200
会员	权益卡	GET	https://my-kf.pospal.cn/kf/portalpospal/getCustomerServiceInfo	404
会员	权益卡	POST	https://beta18.pospal.cn/Account/GetMyShopMaxAvailableVersion	200
会员	权益卡	POST	https://beta18.pospal.cn/Account/GetMyShopMaxAvailableVersion	200
会员	权益卡	POST	https://beta18.pospal.cn/WebCloudMessage/GetMsgVersion	200
会员	权益卡	POST	https://beta18.pospal.cn/Cdp/CdpAd/GetCdpAdvertiseAsync	200
会员	权益卡	POST	https://beta18.pospal.cn/CustomerPrivilegeCard/LoadRules	200
会员	权益卡	POST	https://advertsystem.pospal.cn/system/management/location/getTargetLocationMapping	200
会员	每日签到	GET	https://beta18.pospal.cn/EshopMarketing/RewardRuleForSignIn	200
会员	每日签到	GET	https://my-kf.pospal.cn/kf/portalpospal/getCustomerServiceInfo	404
会员	每日签到	POST	https://beta18.pospal.cn/Account/GetMyShopMaxAvailableVersion	200
会员	每日签到	POST	https://beta18.pospal.cn/WebCloudMessage/GetMsgVersion	200
会员	每日签到	POST	https://beta18.pospal.cn/Account/GetMyShopMaxAvailableVersion	200
会员	每日签到	POST	https://beta18.pospal.cn/Cdp/CdpAd/GetCdpAdvertiseAsync	200
会员	每日签到	POST	https://beta18.pospal.cn/Coupon/LoadStoreCoupons	200
会员	积分商城	GET	https://beta18.pospal.cn/CustomerSetting/CustomerPointExchangeRule	200
会员	积分商城	GET	https://my-kf.pospal.cn/kf/portalpospal/getCustomerServiceInfo	404
会员	积分商城	POST	https://beta18.pospal.cn/WebCloudMessage/GetMsgVersion	200
会员	积分商城	POST	https://beta18.pospal.cn/Account/GetMyShopMaxAvailableVersion	200
会员	积分商城	POST	https://beta18.pospal.cn/Account/GetMyShopMaxAvailableVersion	200
会员	积分商城	POST	https://beta18.pospal.cn/Cdp/CdpAd/GetCdpAdvertiseAsync	200
会员	积分商城	POST	https://beta18.pospal.cn/Product/LoadProductSelectorView	200
会员	积分商城	POST	https://beta18.pospal.cn/Coupon/LoadStoreCoupons	200
会员	积分商城	POST	https://beta18.pospal.cn/CustomerSetting/LoadCustomerPointExchangeConfigsV2	200
会员	积分商城	POST	https://beta18.pospal.cn/GiftPackage/LoadGroupGiftPackagesForDDL	200
会员	积分商城	POST	https://advertsystem.pospal.cn/system/management/location/getTargetLocationMapping	200
会员	积分商城	POST	https://beta18.pospal.cn/Category/LoadCategoryDDLJson	200
会员	积分抽奖	GET	https://beta18.pospal.cn/EshopMarketing/CustomerLotteryRule	200
会员	积分抽奖	GET	https://my-kf.pospal.cn/kf/portalpospal/getCustomerServiceInfo	404
会员	积分抽奖	POST	https://beta18.pospal.cn/Account/GetMyShopMaxAvailableVersion	200
会员	积分抽奖	POST	https://beta18.pospal.cn/Account/GetMyShopMaxAvailableVersion	200
会员	积分抽奖	POST	https://beta18.pospal.cn/WebCloudMessage/GetMsgVersion	200
会员	积分抽奖	POST	https://beta18.pospal.cn/Cdp/CdpAd/GetCdpAdvertiseAsync	200
会员	完善信息奖励	GET	https://beta18.pospal.cn/EshopMarketing/PerfectingInfoRewardRule	200
会员	完善信息奖励	POST	https://beta18.pospal.cn/Account/GetMyShopMaxAvailableVersion	200
会员	完善信息奖励	POST	https://beta18.pospal.cn/Account/GetMyShopMaxAvailableVersion	200
会员	完善信息奖励	POST	https://beta18.pospal.cn/WebCloudMessage/GetMsgVersion	200
会员	完善信息奖励	GET	https://my-kf.pospal.cn/kf/portalpospal/getCustomerServiceInfo	404
会员	完善信息奖励	POST	https://beta18.pospal.cn/Cdp/CdpAd/GetCdpAdvertiseAsync	200
会员	完善信息奖励	POST	https://advertsystem.pospal.cn/system/management/location/getTargetLocationMapping	200
会员	会员RFM分析	GET	https://beta18.pospal.cn/CustomerReport/CustomerRFM	200
会员	会员RFM分析	GET	https://my-kf.pospal.cn/kf/portalpospal/getCustomerServiceInfo	404
会员	会员RFM分析	POST	https://beta18.pospal.cn/Account/GetMyShopMaxAvailableVersion	200
会员	会员RFM分析	POST	https://beta18.pospal.cn/Account/GetMyShopMaxAvailableVersion	200
会员	会员RFM分析	POST	https://beta18.pospal.cn/WebCloudMessage/GetMsgVersion	200
会员	会员RFM分析	POST	https://beta18.pospal.cn/Account/LoadSubStoresWithGradeDDLJson	200
会员	会员RFM分析	POST	https://beta18.pospal.cn/Cdp/CdpAd/GetCdpAdvertiseAsync	200
会员	会员RFM分析	POST	https://advertsystem.pospal.cn/system/management/location/getTargetLocationMapping	200
会员	客单价分析	GET	https://beta18.pospal.cn/CustomerReport/PerTicketSalesAnalysis	200
会员	客单价分析	GET	https://my-kf.pospal.cn/kf/portalpospal/getCustomerServiceInfo	404
会员	客单价分析	POST	https://beta18.pospal.cn/Account/GetMyShopMaxAvailableVersion	200
会员	客单价分析	POST	https://beta18.pospal.cn/WebCloudMessage/GetMsgVersion	200
会员	客单价分析	POST	https://beta18.pospal.cn/Account/GetMyShopMaxAvailableVersion	200
会员	客单价分析	POST	https://beta18.pospal.cn/Account/LoadSubStoresWithGradeDDLJson	200
会员	客单价分析	POST	https://beta18.pospal.cn/Cdp/CdpAd/GetCdpAdvertiseAsync	200
会员	客单价分析	POST	https://beta18.pospal.cn/CustomerReport/LoadUserUIConfigComm	200
会员	客单价分析	POST	https://advertsystem.pospal.cn/system/management/location/getTargetLocationMapping	200
会员	近期消费时间	GET	https://beta18.pospal.cn/CustomerReport/RecentConsumption	200
会员	近期消费时间	GET	https://my-kf.pospal.cn/kf/portalpospal/getCustomerServiceInfo	404
会员	近期消费时间	POST	https://beta18.pospal.cn/Account/GetMyShopMaxAvailableVersion	200
会员	近期消费时间	POST	https://beta18.pospal.cn/Account/GetMyShopMaxAvailableVersion	200
会员	近期消费时间	POST	https://beta18.pospal.cn/WebCloudMessage/GetMsgVersion	200
会员	近期消费时间	POST	https://beta18.pospal.cn/Account/LoadSubStoresWithGradeDDLJson	200
会员	近期消费时间	POST	https://beta18.pospal.cn/Cdp/CdpAd/GetCdpAdvertiseAsync	200
会员	近期消费时间	POST	https://beta18.pospal.cn/CustomerReport/LoadUserUIConfigComm	200
会员	近期消费时间	POST	https://advertsystem.pospal.cn/system/management/location/getTargetLocationMapping	200
会员	会员增长统计	GET	https://beta18.pospal.cn/CustomerReport/NewCustomerSummary	200
会员	会员增长统计	GET	https://my-kf.pospal.cn/kf/portalpospal/getCustomerServiceInfo	404
会员	会员增长统计	POST	https://beta18.pospal.cn/Account/GetMyShopMaxAvailableVersion	200
会员	会员增长统计	POST	https://beta18.pospal.cn/Account/GetMyShopMaxAvailableVersion	200
会员	会员增长统计	POST	https://beta18.pospal.cn/WebCloudMessage/GetMsgVersion	200
会员	会员增长统计	POST	https://beta18.pospal.cn/Cdp/CdpAd/GetCdpAdvertiseAsync	200
会员	会员增长统计	POST	https://beta18.pospal.cn/Account/LoadSubStoresWithGradeDDLJson	200
会员	会员增长统计	POST	https://advertsystem.pospal.cn/system/management/location/getTargetLocationMapping	200
会员	会员消费汇总	GET	https://beta18.pospal.cn/CustomerReport/CustomerConsumerSummary	200
会员	会员消费汇总	POST	https://beta18.pospal.cn/Account/GetMyShopMaxAvailableVersion	200
会员	会员消费汇总	POST	https://beta18.pospal.cn/Account/GetMyShopMaxAvailableVersion	200
会员	会员消费汇总	POST	https://beta18.pospal.cn/WebCloudMessage/GetMsgVersion	200
会员	会员消费汇总	GET	https://my-kf.pospal.cn/kf/portalpospal/getCustomerServiceInfo	404
会员	会员消费汇总	POST	https://beta18.pospal.cn/Account/LoadSubStoresWithGradeDDLJson	200
会员	会员消费汇总	POST	https://beta18.pospal.cn/Cdp/CdpAd/GetCdpAdvertiseAsync	200
会员	会员消费汇总	POST	https://advertsystem.pospal.cn/system/management/location/getTargetLocationMapping	200
会员	会员构成分析	POST	https://beta18.pospal.cn/System/LoadContactServiceInfo	200
会员	会员构成分析	GET	https://beta18.pospal.cn/Customer/Analysis	200
会员	会员构成分析	POST	https://beta18.pospal.cn/Account/GetMyShopMaxAvailableVersion	200
会员	会员构成分析	GET	https://my-kf.pospal.cn/kf/portalpospal/getCustomerServiceInfo	404
会员	会员构成分析	POST	https://beta18.pospal.cn/Account/GetMyShopMaxAvailableVersion	200
会员	会员构成分析	POST	https://beta18.pospal.cn/WebCloudMessage/GetMsgVersion	200
会员	会员构成分析	POST	https://beta18.pospal.cn/Cdp/CdpAd/GetCdpAdvertiseAsync	200
会员	会员构成分析	POST	https://beta18.pospal.cn/Customer/LoadCustomerAnalysis	200
会员	会员构成分析	POST	https://advertsystem.pospal.cn/system/management/location/getTargetLocationMapping	200
会员	会员储值统计	GET	https://beta18.pospal.cn/CardReport/ReconciliationStatement	200
会员	会员储值统计	GET	https://my-kf.pospal.cn/kf/portalpospal/getCustomerServiceInfo	404
会员	会员储值统计	POST	https://beta18.pospal.cn/WebCloudMessage/GetMsgVersion	200
会员	会员储值统计	POST	https://beta18.pospal.cn/Account/GetMyShopMaxAvailableVersion	200
会员	会员储值统计	POST	https://beta18.pospal.cn/Account/GetMyShopMaxAvailableVersion	200
会员	会员储值统计	POST	https://beta18.pospal.cn/Cdp/CdpAd/GetCdpAdvertiseAsync	200
会员	会员储值统计	POST	https://beta18.pospal.cn/CardReport/LoadCustomerMoneyChangeSummary	200
会员	会员储值统计	POST	https://advertsystem.pospal.cn/system/management/location/getTargetLocationMapping	200
会员	会员储值统计	POST	https://beta18.pospal.cn/CardReport/LoadCustomerMoneyChangeSummary	200
会员	项目充值明细	GET	https://beta18.pospal.cn/CardReport/RechargeLogs	200
会员	项目充值明细	POST	https://beta18.pospal.cn/Account/LoadUserUIConfigCustomJson	200
会员	项目充值明细	GET	https://my-kf.pospal.cn/kf/portalpospal/getCustomerServiceInfo	404
会员	项目充值明细	POST	https://beta18.pospal.cn/WebCloudMessage/GetMsgVersion	200
会员	项目充值明细	POST	https://beta18.pospal.cn/Account/GetMyShopMaxAvailableVersion	200
会员	项目充值明细	POST	https://beta18.pospal.cn/Account/GetMyShopMaxAvailableVersion	200
会员	项目充值明细	POST	https://beta18.pospal.cn/Cdp/CdpAd/GetCdpAdvertiseAsync	200
会员	项目充值明细	POST	https://advertsystem.pospal.cn/system/management/location/getTargetLocationMapping	200
会员	项目充值明细	POST	https://beta18.pospal.cn/Guider/LoadGuiderDDLJson	200
会员	储值卡分析	POST	https://beta18.pospal.cn/System/LoadContactServiceInfo	200
会员	储值卡分析	GET	https://beta18.pospal.cn/CustomerReport/RechargeAndConsumptionSummary	200
会员	储值卡分析	GET	https://my-kf.pospal.cn/kf/portalpospal/getCustomerServiceInfo	404
会员	储值卡分析	POST	https://beta18.pospal.cn/Account/GetMyShopMaxAvailableVersion	200
会员	储值卡分析	POST	https://beta18.pospal.cn/WebCloudMessage/GetMsgVersion	200
会员	储值卡分析	POST	https://beta18.pospal.cn/Account/GetMyShopMaxAvailableVersion	200
会员	储值卡分析	POST	https://beta18.pospal.cn/Cdp/CdpAd/GetCdpAdvertiseAsync	200
会员	储值卡分析	POST	https://beta18.pospal.cn/Account/LoadSubStoresWithGradeDDLJson	200
会员	储值卡分析	POST	https://advertsystem.pospal.cn/system/management/location/getTargetLocationMapping	200
会员	积分使用记录	GET	https://beta18.pospal.cn/CardReport/CustomerPointUsage	200
会员	积分使用记录	POST	https://beta18.pospal.cn/WebCloudMessage/GetMsgVersion	200
会员	积分使用记录	POST	https://beta18.pospal.cn/Account/GetMyShopMaxAvailableVersion	200
会员	积分使用记录	POST	https://beta18.pospal.cn/Account/GetMyShopMaxAvailableVersion	200
会员	积分使用记录	GET	https://my-kf.pospal.cn/kf/portalpospal/getCustomerServiceInfo	404
会员	积分使用记录	POST	https://beta18.pospal.cn/Cdp/CdpAd/GetCdpAdvertiseAsync	200
会员	积分使用记录	POST	https://beta18.pospal.cn/CardReport/LoadCustomerPointUsagesSummary	200
会员	积分使用记录	POST	https://advertsystem.pospal.cn/system/management/location/getTargetLocationMapping	200
会员	积分获得记录	GET	https://beta18.pospal.cn/CardReport/CustomerPointGain	200
会员	积分获得记录	GET	https://my-kf.pospal.cn/kf/portalpospal/getCustomerServiceInfo	404
会员	积分获得记录	POST	https://beta18.pospal.cn/WebCloudMessage/GetMsgVersion	200
会员	积分获得记录	POST	https://beta18.pospal.cn/Account/GetMyShopMaxAvailableVersion	200
会员	积分获得记录	POST	https://beta18.pospal.cn/Account/GetMyShopMaxAvailableVersion	200
会员	积分获得记录	POST	https://beta18.pospal.cn/Cdp/CdpAd/GetCdpAdvertiseAsync	200
会员	积分获得记录	POST	https://beta18.pospal.cn/CardReport/LoadCustomerPointGainsSummary	200
会员	积分获得记录	POST	https://advertsystem.pospal.cn/system/management/location/getTargetLocationMapping	200
会员	积分分布	GET	https://beta18.pospal.cn/CustomerReport/PointDistribution	200
会员	积分分布	GET	https://my-kf.pospal.cn/kf/portalpospal/getCustomerServiceInfo	404
会员	积分分布	POST	https://beta18.pospal.cn/Account/GetMyShopMaxAvailableVersion	200
会员	积分分布	POST	https://beta18.pospal.cn/WebCloudMessage/GetMsgVersion	200
会员	积分分布	POST	https://beta18.pospal.cn/Account/GetMyShopMaxAvailableVersion	200
会员	积分分布	POST	https://beta18.pospal.cn/Account/LoadSubStoresWithGradeDDLJson	200
会员	积分分布	POST	https://beta18.pospal.cn/CustomerReport/LoadUserUIConfigComm	200
会员	积分分布	POST	https://beta18.pospal.cn/Cdp/CdpAd/GetCdpAdvertiseAsync	200
会员	积分分布	POST	https://advertsystem.pospal.cn/system/management/location/getTargetLocationMapping	200
会员	积分分布	POST	https://beta18.pospal.cn/CustomerReport/LoadPointDistribution	200
会员	场景营销参与明细	GET	https://beta18.pospal.cn/EshopMarketing/MatchedSceneMarketingTicket	200
会员	场景营销参与明细	GET	https://my-kf.pospal.cn/kf/portalpospal/getCustomerServiceInfo	404
会员	场景营销参与明细	POST	https://beta18.pospal.cn/WebCloudMessage/GetMsgVersion	200
会员	场景营销参与明细	POST	https://beta18.pospal.cn/Account/GetMyShopMaxAvailableVersion	200
会员	场景营销参与明细	POST	https://beta18.pospal.cn/Account/GetMyShopMaxAvailableVersion	200
会员	场景营销参与明细	POST	https://beta18.pospal.cn/Cdp/CdpAd/GetCdpAdvertiseAsync	200
会员	场景营销参与明细	POST	https://beta18.pospal.cn/EshopMarketing/SummaryMatchedSceneMarketingTicket	200
会员	场景营销参与明细	POST	https://advertsystem.pospal.cn/system/management/location/getTargetLocationMapping	200
会员	门店对账汇总	GET	https://beta18.pospal.cn/CustomerReport/StoreStatementCustomerMoneySummary	200
会员	门店对账汇总	GET	https://my-kf.pospal.cn/kf/portalpospal/getCustomerServiceInfo	404
会员	门店对账汇总	POST	https://beta18.pospal.cn/WebCloudMessage/GetMsgVersion	200
会员	门店对账汇总	POST	https://beta18.pospal.cn/Account/GetMyShopMaxAvailableVersion	200
会员	门店对账汇总	POST	https://beta18.pospal.cn/Account/GetMyShopMaxAvailableVersion	200
会员	门店对账汇总	POST	https://beta18.pospal.cn/CustomerReport/LoadStoreStatementCustomerMoneySummary	200
会员	门店对账汇总	POST	https://beta18.pospal.cn/Cdp/CdpAd/GetCdpAdvertiseAsync	200
会员	门店对账汇总	POST	https://advertsystem.pospal.cn/system/management/location/getTargetLocationMapping	200
营销	工具箱	GET	https://beta18.pospal.cn/CDP/CDPDashboard/Tools	200
营销	工具箱	GET	https://my-kf.pospal.cn/kf/portalpospal/getCustomerServiceInfo	404
营销	工具箱	POST	https://beta18.pospal.cn/WebCloudMessage/GetMsgVersion	200
营销	工具箱	POST	https://beta18.pospal.cn/Account/GetMyShopMaxAvailableVersion	200
营销	工具箱	POST	https://beta18.pospal.cn/Cdp/CdpAd/GetCdpAdvertiseAsync	200
营销	工具箱	POST	https://beta18.pospal.cn/Account/GetMyShopMaxAvailableVersion	200
营销	工具箱	POST	https://beta18.pospal.cn/Cdp/CdpAd/GetCdpAdvertiseAsync	200
营销	工具箱	POST	https://advertsystem.pospal.cn/system/management/location/getTargetLocationMapping	200
营销	全年营销	GET	https://beta18.pospal.cn/MarketingPlan/ManageV2	200
营销	全年营销	GET	https://my-kf.pospal.cn/kf/portalpospal/getCustomerServiceInfo	404
营销	全年营销	POST	https://beta18.pospal.cn/WebCloudMessage/GetMsgVersion	200
营销	全年营销	POST	https://beta18.pospal.cn/Account/GetMyShopMaxAvailableVersion	200
营销	全年营销	POST	https://beta18.pospal.cn/Account/GetMyShopMaxAvailableVersion	200
营销	全年营销	POST	https://beta18.pospal.cn/Cdp/CdpAd/GetCdpAdvertiseAsync	200
营销	全年营销	POST	https://beta18.pospal.cn/Category/LoadCategoryDDLJson	200
营销	全年营销	POST	https://beta18.pospal.cn/ProductInfo/LoadProductSelectorViewV2	200
营销	全年营销	POST	https://beta18.pospal.cn/MarketingPlan/LoadIndustryBanner	200
营销	全年营销	POST	https://advertsystem.pospal.cn/system/management/location/getTargetLocationMapping	200
营销	全年营销	POST	https://beta18.pospal.cn/Category/LoadCategoryDDLJson	200
营销	营销日历	GET	https://beta18.pospal.cn/CDP/CDPMarketingRule/Calendar	200
营销	营销日历	POST	https://beta18.pospal.cn/WebCloudMessage/GetMsgVersion	200
营销	营销日历	GET	https://my-kf.pospal.cn/kf/portalpospal/getCustomerServiceInfo	404
营销	营销日历	POST	https://beta18.pospal.cn/Account/GetMyShopMaxAvailableVersion	200
营销	营销日历	POST	https://beta18.pospal.cn/Account/GetMyShopMaxAvailableVersion	200
营销	营销日历	POST	https://beta18.pospal.cn/Cdp/CdpAd/GetCdpAdvertiseAsync	200
营销	营销日历	POST	https://beta18.pospal.cn/Setting/GetUserLocationExt	200
营销	营销日历	POST	https://beta18.pospal.cn/MarketingPlan/LoadMarketingPlansByFestivals	200
营销	营销日历	POST	https://beta18.pospal.cn/CDP/CDPMarketingRule/LoadMarketingRules	200
营销	营销日历	POST	https://advertsystem.pospal.cn/system/management/location/getTargetLocationMapping	200
营销	海报图库	GET	https://beta18.pospal.cn/EshopMarketing/PosterTemplateV2	200
营销	海报图库	GET	https://my-kf.pospal.cn/kf/portalpospal/getCustomerServiceInfo	404
营销	海报图库	POST	https://beta18.pospal.cn/WebCloudMessage/GetMsgVersion	200
营销	海报图库	POST	https://beta18.pospal.cn/Account/GetMyShopMaxAvailableVersion	200
营销	海报图库	POST	https://beta18.pospal.cn/Account/GetMyShopMaxAvailableVersion	200
营销	海报图库	POST	https://beta18.pospal.cn/Cdp/CdpAd/GetCdpAdvertiseAsync	200
营销	海报图库	POST	https://advertsystem.pospal.cn/system/management/location/getTargetLocationMapping	200
营销	海报图库	POST	https://beta18.pospal.cn/MarketingPlan/GetAuthorizationCode	200
营销	海报图库	GET	https://open-v3.gaoding.com/templates	200
营销	营销数据	GET	https://sso.my.gaoding.com/api/oauth/token	200
营销	营销数据	GET	https://beta18.pospal.cn/Promotion/Dashboard	200
营销	营销数据	GET	https://my-kf.pospal.cn/kf/portalpospal/getCustomerServiceInfo	404
营销	营销数据	POST	https://beta18.pospal.cn/WebCloudMessage/GetMsgVersion	200
营销	营销数据	POST	https://beta18.pospal.cn/Account/GetMyShopMaxAvailableVersion	200
营销	营销数据	POST	https://beta18.pospal.cn/Account/GetMyShopMaxAvailableVersion	200
营销	营销数据	POST	https://beta18.pospal.cn/Cdp/CdpAd/GetCdpAdvertiseAsync	200
营销	营销数据	POST	https://advertsystem.pospal.cn/system/management/location/getTargetLocationMapping	200
营销	门店渠道码	GET	https://beta18.pospal.cn/Setting/StoreWecomConfig	200
营销	门店渠道码	GET	https://my-kf.pospal.cn/kf/portalpospal/getCustomerServiceInfo	404
营销	门店渠道码	POST	https://beta18.pospal.cn/Account/GetMyShopMaxAvailableVersion	200
营销	门店渠道码	POST	https://beta18.pospal.cn/Account/GetMyShopMaxAvailableVersion	200
营销	门店渠道码	POST	https://beta18.pospal.cn/WebCloudMessage/GetMsgVersion	200
营销	门店渠道码	POST	https://beta18.pospal.cn/Cdp/CdpAd/GetCdpAdvertiseAsync	200
营销	门店渠道码	POST	https://beta18.pospal.cn/Setting/LoadStoreWecomConfig	200
营销	门店渠道码	POST	https://advertsystem.pospal.cn/system/management/location/getTargetLocationMapping	200
营销	社群活码	GET	https://beta18.pospal.cn/CDP/CDPWework/WeworkCustomerGroupAutoQR	200
营销	社群活码	POST	https://beta18.pospal.cn/WebCloudMessage/GetMsgVersion	200
营销	社群活码	POST	https://beta18.pospal.cn/Account/GetMyShopMaxAvailableVersion	200
营销	社群活码	POST	https://beta18.pospal.cn/Account/GetMyShopMaxAvailableVersion	200
营销	社群活码	POST	https://beta18.pospal.cn/CDP/CDPWework/LoadWeworkCustomerGroupAutoQRSummary	200
营销	社群活码	GET	https://my-kf.pospal.cn/kf/portalpospal/getCustomerServiceInfo	404
营销	社群活码	POST	https://beta18.pospal.cn/Cdp/CdpAd/GetCdpAdvertiseAsync	200
营销	社群活码	POST	https://advertsystem.pospal.cn/system/management/location/getTargetLocationMapping	200
营销	社群活码	POST	https://beta18.pospal.cn/CDP/CDPWework/LoadWeworkCustomerGroupAutoQRByPage	200
营销	群标签管理	POST	https://beta18.pospal.cn/System/LoadContactServiceInfo	200
营销	群标签管理	GET	https://beta18.pospal.cn/CDP/CDPWework/WeWorkGroupTag	200
营销	群标签管理	GET	https://my-kf.pospal.cn/kf/portalpospal/getCustomerServiceInfo	404
营销	群标签管理	POST	https://beta18.pospal.cn/WebCloudMessage/GetMsgVersion	200
营销	群标签管理	POST	https://beta18.pospal.cn/Account/GetMyShopMaxAvailableVersion	200
营销	群标签管理	POST	https://beta18.pospal.cn/Account/GetMyShopMaxAvailableVersion	200
营销	群标签管理	POST	https://beta18.pospal.cn/Cdp/CdpAd/GetCdpAdvertiseAsync	200
营销	群标签管理	POST	https://beta18.pospal.cn/CDP/CDPWeWork/LoadWeworkGroupTagSummary	200
营销	群标签管理	POST	https://beta18.pospal.cn/CDP/CDPWeWork/LoadWeworkGroupTags	200
营销	群标签管理	POST	https://advertsystem.pospal.cn/system/management/location/getTargetLocationMapping	200
营销	入群欢迎语	GET	https://beta18.pospal.cn/CDP/CDPWeWork/WeWorkWelcomeTemplate	200
营销	入群欢迎语	GET	https://my-kf.pospal.cn/kf/portalpospal/getCustomerServiceInfo	404
营销	入群欢迎语	POST	https://beta18.pospal.cn/WebCloudMessage/GetMsgVersion	200
营销	入群欢迎语	POST	https://beta18.pospal.cn/Account/GetMyShopMaxAvailableVersion	200
营销	入群欢迎语	POST	https://beta18.pospal.cn/Account/GetMyShopMaxAvailableVersion	200
营销	入群欢迎语	POST	https://beta18.pospal.cn/EShop/LoadDecorationToken	200
营销	入群欢迎语	POST	https://beta18.pospal.cn/Cdp/CdpAd/GetCdpAdvertiseAsync	200
营销	入群欢迎语	POST	https://beta18.pospal.cn/CDP/CDPWeWork/GetWeWorkWelcomeTemplatesSummary	200
营销	入群欢迎语	POST	https://advertsystem.pospal.cn/system/management/location/getTargetLocationMapping	200
营销	入群欢迎语	POST	https://beta18.pospal.cn/CDP/CDPWeWork/LoadWeWorkWelcomeTemplatesByPage	200
营销	许可管理	GET	https://beta18.pospal.cn/CDP/CDPWeWork/LicenseManage	200
营销	许可管理	GET	https://my-kf.pospal.cn/kf/portalpospal/getCustomerServiceInfo	404
营销	许可管理	POST	https://beta18.pospal.cn/Account/GetMyShopMaxAvailableVersion	200
营销	许可管理	POST	https://beta18.pospal.cn/Account/GetMyShopMaxAvailableVersion	200
营销	许可管理	POST	https://beta18.pospal.cn/Cdp/CdpAd/GetCdpAdvertiseAsync	200
营销	许可管理	POST	https://beta18.pospal.cn/WebCloudMessage/GetMsgVersion	200
营销	许可管理	POST	https://beta18.pospal.cn/CDP/CDPWeWork/LoadRefreshTaskStatuses	200
营销	许可管理	POST	https://beta18.pospal.cn/CDP/CDPWeWork/LoadLicenseSummary	200
营销	许可管理	POST	https://beta18.pospal.cn/Setting/LoadUserConfigs	200
营销	许可管理	POST	https://beta18.pospal.cn/CDP/CDPWeWork/LoadLicenseMemberSummary	200
营销	许可管理	POST	https://advertsystem.pospal.cn/system/management/location/getTargetLocationMapping	200
营销	促销活动	POST	https://beta18.pospal.cn/System/LoadContactServiceInfo	200
营销	促销活动	GET	https://beta18.pospal.cn/Promotion/Manage	200
营销	促销活动	GET	https://beta18.pospal.cn/Scripts/website.promotion.promotioncomboctrl.js	200
营销	促销活动	POST	https://beta18.pospal.cn/WebCloudMessage/GetMsgVersion	200
营销	促销活动	GET	https://my-kf.pospal.cn/kf/portalpospal/getCustomerServiceInfo	404
营销	促销活动	POST	https://beta18.pospal.cn/Account/GetMyShopMaxAvailableVersion	200
营销	促销活动	POST	https://beta18.pospal.cn/Account/GetMyShopMaxAvailableVersion	200
营销	促销活动	POST	https://beta18.pospal.cn/Cdp/CdpAd/GetCdpAdvertiseAsync	200
营销	促销活动	POST	https://beta18.pospal.cn/Account/LoadSubStoresByUserIdDDLJson	200
营销	促销活动	POST	https://beta18.pospal.cn/Category/LoadCategoryDDLJson	200
营销	促销活动	POST	https://beta18.pospal.cn/Product/LoadProductTagDDLJson	200
营销	促销活动	POST	https://beta18.pospal.cn/ProductBrand/LoadStoreProductBrands	200
营销	促销活动	POST	https://beta18.pospal.cn/Supplier/LoadSupplierDDLJson	200
营销	促销活动	POST	https://beta18.pospal.cn/Promotion/LoadDDLPaymentMethods	200
营销	促销活动	POST	https://beta18.pospal.cn/Promotion/LoadPromotionComboCategorysDDLJson	200
营销	促销活动	POST	https://beta18.pospal.cn/Promotion/LoadCustomPaymethodDDL	200
营销	促销活动	POST	https://beta18.pospal.cn/Product/LoadStoreProductTagGroups	200
营销	促销活动	POST	https://beta18.pospal.cn/Account/LoadSubStoresByUserIdDDLJson	200
营销	促销活动	POST	https://beta18.pospal.cn/Account/LoadUserUIConfigCustomJson	200
营销	促销活动	POST	https://beta18.pospal.cn/Promotion/LoadMarketingActivityTags	200
营销	促销活动	POST	https://beta18.pospal.cn/Promotion/LoadPromotionRuleTagGroups	200
营销	促销活动	POST	https://beta18.pospal.cn/Promotion/GetWxMiniAppConfig	200
营销	促销活动	POST	https://beta18.pospal.cn/Promotion/CheckHasWechatShopVip	200
营销	促销活动	POST	https://beta18.pospal.cn/Promotion/LoadPromotionSummary	200
营销	促销活动	POST	https://advertsystem.pospal.cn/system/management/location/getTargetLocationMapping	200
营销	促销活动	POST	https://beta18.pospal.cn/Promotion/LoadPromotionsByPage	200
营销	促销活动	POST	https://beta18.pospal.cn/System/LoadContactServiceInfo	200
营销	精准营销	GET	https://beta18.pospal.cn/CustomerSetting/CustomerAnalyzerDashboard	200
营销	精准营销	GET	https://my-kf.pospal.cn/kf/portalpospal/getCustomerServiceInfo	404
营销	精准营销	POST	https://beta18.pospal.cn/WebCloudMessage/GetMsgVersion	200
营销	精准营销	POST	https://beta18.pospal.cn/Account/GetMyShopMaxAvailableVersion	200
营销	精准营销	POST	https://beta18.pospal.cn/Account/GetMyShopMaxAvailableVersion	200
营销	精准营销	POST	https://beta18.pospal.cn/Cdp/CdpAd/GetCdpAdvertiseAsync	200
营销	精准营销	POST	https://beta18.pospal.cn/CustomerSetting/LoadCustomerAnalyzerRules	200
营销	精准营销	POST	https://beta18.pospal.cn/Sms/CheckIdentityVerification	200
营销	精准营销	POST	https://advertsystem.pospal.cn/system/management/location/getTargetLocationMapping	200
营销	精准营销记录	GET	https://beta18.pospal.cn/CustomerReport/CustomerAutoMarketingLogs	200
营销	精准营销记录	GET	https://my-kf.pospal.cn/kf/portalpospal/getCustomerServiceInfo	404
营销	精准营销记录	POST	https://beta18.pospal.cn/WebCloudMessage/GetMsgVersion	200
营销	精准营销记录	POST	https://beta18.pospal.cn/Account/GetMyShopMaxAvailableVersion	200
营销	精准营销记录	POST	https://beta18.pospal.cn/Account/GetMyShopMaxAvailableVersion	200
营销	精准营销记录	POST	https://beta18.pospal.cn/Cdp/CdpAd/GetCdpAdvertiseAsync	200
营销	精准营销记录	POST	https://beta18.pospal.cn/CustomerReport/GetCustomerAutoMarketingLogsSummary	200
营销	精准营销记录	POST	https://advertsystem.pospal.cn/system/management/location/getTargetLocationMapping	200
营销	场景营销	POST	https://beta18.pospal.cn/System/LoadContactServiceInfo	200
营销	场景营销	GET	https://beta18.pospal.cn/EshopMarketing/SceneMarketing	200
营销	场景营销	POST	https://beta18.pospal.cn/Account/GetMyShopMaxAvailableVersion	200
营销	场景营销	POST	https://beta18.pospal.cn/WebCloudMessage/GetMsgVersion	200
营销	场景营销	POST	https://beta18.pospal.cn/Account/GetMyShopMaxAvailableVersion	200
营销	场景营销	GET	https://my-kf.pospal.cn/kf/portalpospal/getCustomerServiceInfo	404
营销	场景营销	POST	https://beta18.pospal.cn/Cdp/CdpAd/GetCdpAdvertiseAsync	200
营销	场景营销	POST	https://advertsystem.pospal.cn/system/management/location/getTargetLocationMapping	200
营销	护理定期维护	POST	https://beta18.pospal.cn/System/LoadContactServiceInfo	200
营销	护理定期维护	GET	https://beta18.pospal.cn/Reminder/ProductReminderV2	200
营销	护理定期维护	GET	https://my-kf.pospal.cn/kf/portalpospal/getCustomerServiceInfo	404
营销	护理定期维护	POST	https://beta18.pospal.cn/WebCloudMessage/GetMsgVersion	200
营销	护理定期维护	POST	https://beta18.pospal.cn/Account/GetMyShopMaxAvailableVersion	200
营销	护理定期维护	POST	https://beta18.pospal.cn/Account/GetMyShopMaxAvailableVersion	200
营销	护理定期维护	POST	https://beta18.pospal.cn/Account/LoadSubStoresWithGradeDDLJson	200
营销	护理定期维护	POST	https://beta18.pospal.cn/Cdp/CdpAd/GetCdpAdvertiseAsync	200
营销	护理定期维护	POST	https://beta18.pospal.cn/Account/LoadSubStoresByUserIdDDLJson	200
营销	护理定期维护	POST	https://beta18.pospal.cn/Sms/LodSmsWhiteSignatureList	200
营销	护理定期维护	POST	https://beta18.pospal.cn/Account/LoadStoreWXPrivilege	200
营销	护理定期维护	POST	https://beta18.pospal.cn/Category/LoadCategoryDDLJson	200
营销	护理定期维护	POST	https://advertsystem.pospal.cn/system/management/location/getTargetLocationMapping	200
营销	护理定期维护	POST	https://beta18.pospal.cn/Reminder/LoadProductRemindersV2	200
营销	推荐商品策略	GET	https://beta18.pospal.cn/Recommendation/Rule	200
营销	推荐商品策略	GET	https://my-kf.pospal.cn/kf/portalpospal/getCustomerServiceInfo	404
营销	推荐商品策略	POST	https://beta18.pospal.cn/WebCloudMessage/GetMsgVersion	200
营销	推荐商品策略	POST	https://beta18.pospal.cn/Account/GetMyShopMaxAvailableVersion	200
营销	推荐商品策略	POST	https://beta18.pospal.cn/Account/GetMyShopMaxAvailableVersion	200
营销	推荐商品策略	POST	https://beta18.pospal.cn/Account/LoadSubStoresWithGradeDDLJson	200
营销	推荐商品策略	POST	https://beta18.pospal.cn/Cdp/CdpAd/GetCdpAdvertiseAsync	200
营销	推荐商品策略	POST	https://beta18.pospal.cn/Product/LoadProductSelectorView	200
营销	推荐商品策略	POST	https://beta18.pospal.cn/Product/LoadProductTagDDLJson	200
营销	推荐商品策略	POST	https://beta18.pospal.cn/Category/LoadCategoryDDLJson	200
营销	推荐商品策略	POST	https://beta18.pospal.cn/Recommendation/LoadRules	200
营销	推荐商品策略	POST	https://advertsystem.pospal.cn/system/management/location/getTargetLocationMapping	200
营销	推荐商品策略	POST	https://beta18.pospal.cn/Category/LoadCategoryDDLJson	200
营销	短信群发	GET	https://beta18.pospal.cn/Customer/CustomerAnalyzer	200
营销	短信群发	GET	https://my-kf.pospal.cn/kf/portalpospal/getCustomerServiceInfo	404
营销	短信群发	POST	https://beta18.pospal.cn/WebCloudMessage/GetMsgVersion	200
营销	短信群发	POST	https://beta18.pospal.cn/Account/GetMyShopMaxAvailableVersion	200
营销	短信群发	POST	https://beta18.pospal.cn/Account/GetMyShopMaxAvailableVersion	200
营销	短信群发	POST	https://beta18.pospal.cn/Sms/CheckIdentityVerification	200
营销	短信群发	POST	https://beta18.pospal.cn/Cdp/CdpAd/GetCdpAdvertiseAsync	200
营销	短信群发	POST	https://beta18.pospal.cn/Sms/LoadSmsSendEffectNotice	200
营销	短信群发	POST	https://beta18.pospal.cn/Customer/LoadCustomerSummaryForAnalyzer	200
营销	短信群发	POST	https://advertsystem.pospal.cn/system/management/location/getTargetLocationMapping	200
营销	短信群发	POST	https://beta18.pospal.cn/Customer/LoadCustomersForAnalyzer	200
营销	短信群发	POST	https://beta18.pospal.cn/Sms/CheckIdentityVerification	200
营销	短信群发	GET	https://mdtv3-18.pospal.cn/wkb/account/sso/81A88F2FE398E9F1BA32C7EDD223FD15D0AC248B2F0DCECB5F0CEB50BCEC691B	200
营销	短信发送记录	GET	https://beta18.pospal.cn/Sms/Sentlogsv2	200
营销	短信发送记录	POST	https://beta18.pospal.cn/WebCloudMessage/GetMsgVersion	200
营销	短信发送记录	POST	https://beta18.pospal.cn/Account/GetMyShopMaxAvailableVersion	200
营销	短信发送记录	POST	https://beta18.pospal.cn/Account/GetMyShopMaxAvailableVersion	200
营销	短信发送记录	GET	https://my-kf.pospal.cn/kf/portalpospal/getCustomerServiceInfo	404
营销	短信发送记录	POST	https://beta18.pospal.cn/Cdp/CdpAd/GetCdpAdvertiseAsync	200
营销	短信发送记录	POST	https://beta18.pospal.cn/Sms/GetSmsLogExtSummary	200
营销	短信发送记录	POST	https://beta18.pospal.cn/Sms/CheckIdentityVerification	200
营销	短信发送记录	POST	https://advertsystem.pospal.cn/system/management/location/getTargetLocationMapping	200
营销	微信场景发券	GET	https://beta18.pospal.cn/CloudApp/Index	200
营销	微信场景发券	GET	https://my-kf.pospal.cn/kf/portalpospal/getCustomerServiceInfo	404
营销	微信场景发券	GET	https://cloudapp-pay18.pospal.cn/	200
营销	微信场景发券	POST	https://beta18.pospal.cn/Account/GetMyShopMaxAvailableVersion	200
营销	微信场景发券	POST	https://beta18.pospal.cn/Account/GetMyShopMaxAvailableVersion	200
营销	微信场景发券	POST	https://beta18.pospal.cn/WebCloudMessage/GetMsgVersion	200
营销	微信场景发券	POST	https://beta18.pospal.cn/Cdp/CdpAd/GetCdpAdvertiseAsync	200
营销	微信场景发券	POST	https://advertsystem.pospal.cn/system/management/location/getTargetLocationMapping	200
营销	邀请有礼	GET	https://beta18.pospal.cn/EshopMarketing/CustomerReferral	200
营销	邀请有礼	POST	https://beta18.pospal.cn/Category/LoadCategoryDDLJson	200
营销	邀请有礼	GET	https://my-kf.pospal.cn/kf/portalpospal/getCustomerServiceInfo	404
营销	邀请有礼	POST	https://beta18.pospal.cn/WebCloudMessage/GetMsgVersion	200
营销	邀请有礼	POST	https://beta18.pospal.cn/Account/GetMyShopMaxAvailableVersion	200
营销	邀请有礼	POST	https://beta18.pospal.cn/Account/GetMyShopMaxAvailableVersion	200
营销	邀请有礼	POST	https://beta18.pospal.cn/Cdp/CdpAd/GetCdpAdvertiseAsync	200
营销	邀请有礼	POST	https://beta18.pospal.cn/EshopMarketing/LoadCustomerReferralDataSummary	200
营销	邀请有礼	POST	https://beta18.pospal.cn/Recharge/LoadSelectorRules	200
营销	邀请有礼	POST	https://beta18.pospal.cn/GiftPackage/LoadDdlGiftPackages	200
营销	邀请有礼	POST	https://beta18.pospal.cn/Account/LoadSubStoresByUserIdDDLJson	200
营销	邀请有礼	POST	https://beta18.pospal.cn/Account/LoadSubStoresByUserIdDDLJson	200
营销	邀请有礼	POST	https://beta18.pospal.cn/EshopMarketing/CountCustomerSharePayUpgradeSummaryData	200
营销	邀请有礼	POST	https://beta18.pospal.cn/EshopMarketing/LoadSecKillRuleDDL	200
营销	邀请有礼	POST	https://advertsystem.pospal.cn/system/management/location/getTargetLocationMapping	200
营销	邀请有礼	POST	https://beta18.pospal.cn/EshopMarketing/LoadSharePayUpgradeRewardModel	200
营销	拼团	POST	https://beta18.pospal.cn/EshopMarketing/LoadCustomerReferralData	200
营销	拼团	GET	https://beta18.pospal.cn/EshopMarketing/PeerPurchase	200
营销	拼团	GET	https://my-kf.pospal.cn/kf/portalpospal/getCustomerServiceInfo	404
营销	拼团	POST	https://beta18.pospal.cn/WebCloudMessage/GetMsgVersion	200
营销	拼团	POST	https://beta18.pospal.cn/Account/GetMyShopMaxAvailableVersion	200
营销	拼团	POST	https://beta18.pospal.cn/Account/GetMyShopMaxAvailableVersion	200
营销	拼团	POST	https://beta18.pospal.cn/Cdp/CdpAd/GetCdpAdvertiseAsync	200
营销	拼团	POST	https://beta18.pospal.cn/Product/LoadProductSelectorView	200
营销	拼团	POST	https://beta18.pospal.cn/GiftPackage/LoadDdlSaleGiftPackages	200
营销	拼团	POST	https://advertsystem.pospal.cn/system/management/location/getTargetLocationMapping	200
营销	团购	GET	https://beta18.pospal.cn/EshopMarketing/GroupPurchase	200
营销	团购	POST	https://beta18.pospal.cn/WebCloudMessage/GetMsgVersion	200
营销	团购	GET	https://my-kf.pospal.cn/kf/portalpospal/getCustomerServiceInfo	404
营销	团购	POST	https://beta18.pospal.cn/Account/GetMyShopMaxAvailableVersion	200
营销	团购	POST	https://beta18.pospal.cn/Account/GetMyShopMaxAvailableVersion	200
营销	团购	POST	https://beta18.pospal.cn/Product/LoadProductSelectorView	200
营销	团购	POST	https://beta18.pospal.cn/Cdp/CdpAd/GetCdpAdvertiseAsync	200
营销	团购	POST	https://beta18.pospal.cn/GiftPackage/LoadDdlSaleGiftPackages	200
营销	团购	POST	https://beta18.pospal.cn/EshopMarketing/LoadGroupPurchaseList	200
营销	团购	POST	https://advertsystem.pospal.cn/system/management/location/getTargetLocationMapping	200
营销	团购	POST	https://beta18.pospal.cn/Category/LoadCategoryDDLJson	200
营销	砍价	GET	https://beta18.pospal.cn/EshopMarketing/BargainRule	200
营销	砍价	GET	https://my-kf.pospal.cn/kf/portalpospal/getCustomerServiceInfo	404
营销	砍价	POST	https://beta18.pospal.cn/WebCloudMessage/GetMsgVersion	200
营销	砍价	POST	https://beta18.pospal.cn/Account/GetMyShopMaxAvailableVersion	200
营销	砍价	POST	https://beta18.pospal.cn/Account/GetMyShopMaxAvailableVersion	200
营销	砍价	POST	https://beta18.pospal.cn/Cdp/CdpAd/GetCdpAdvertiseAsync	200
营销	砍价	POST	https://beta18.pospal.cn/Product/LoadProductSelectorView	200
营销	砍价	POST	https://advertsystem.pospal.cn/system/management/location/getTargetLocationMapping	200
营销	砍价	POST	https://beta18.pospal.cn/Category/LoadCategoryDDLJson	200
营销	砍价	POST	https://beta18.pospal.cn/EshopMarketing/LoadBargainruleList	200
营销	秒杀	GET	https://beta18.pospal.cn/EshopMarketing/SeckillRule	200
营销	秒杀	GET	https://my-kf.pospal.cn/kf/portalpospal/getCustomerServiceInfo	404
营销	秒杀	POST	https://beta18.pospal.cn/WebCloudMessage/GetMsgVersion	200
营销	秒杀	POST	https://beta18.pospal.cn/Account/GetMyShopMaxAvailableVersion	200
营销	秒杀	POST	https://beta18.pospal.cn/Account/GetMyShopMaxAvailableVersion	200
营销	秒杀	POST	https://beta18.pospal.cn/Product/LoadProductSelectorView	200
营销	秒杀	POST	https://beta18.pospal.cn/Cdp/CdpAd/GetCdpAdvertiseAsync	200
营销	秒杀	POST	https://beta18.pospal.cn/GiftPackage/LoadDdlSaleGiftPackages	200
营销	秒杀	POST	https://advertsystem.pospal.cn/system/management/location/getTargetLocationMapping	200
营销	秒杀	POST	https://beta18.pospal.cn/Category/LoadCategoryDDLJson	200
营销	秒杀	POST	https://beta18.pospal.cn/EshopMarketing/LoadSeckillRuleList	200
营销	积点卡	GET	https://beta18.pospal.cn/Customersetting/Stamp	200
营销	积点卡	POST	https://beta18.pospal.cn/WebCloudMessage/GetMsgVersion	200
营销	积点卡	GET	https://my-kf.pospal.cn/kf/portalpospal/getCustomerServiceInfo	404
营销	积点卡	POST	https://beta18.pospal.cn/Account/GetMyShopMaxAvailableVersion	200
营销	积点卡	POST	https://beta18.pospal.cn/Account/GetMyShopMaxAvailableVersion	200
营销	积点卡	POST	https://beta18.pospal.cn/Cdp/CdpAd/GetCdpAdvertiseAsync	200
营销	积点卡	POST	https://beta18.pospal.cn/Category/LoadCategoryDDLJson	200
营销	积点卡	POST	https://beta18.pospal.cn/Product/LoadProductTagDDLJson	200
营销	积点卡	POST	https://advertsystem.pospal.cn/system/management/location/getTargetLocationMapping	200
营销	裂变优惠券	GET	https://beta18.pospal.cn/EshopMarketing/PromotionCouponFissionRule	200
营销	裂变优惠券	GET	https://my-kf.pospal.cn/kf/portalpospal/getCustomerServiceInfo	404
营销	裂变优惠券	POST	https://beta18.pospal.cn/WebCloudMessage/GetMsgVersion	200
营销	裂变优惠券	POST	https://beta18.pospal.cn/Account/GetMyShopMaxAvailableVersion	200
营销	裂变优惠券	POST	https://beta18.pospal.cn/Account/GetMyShopMaxAvailableVersion	200
营销	裂变优惠券	POST	https://beta18.pospal.cn/Cdp/CdpAd/GetCdpAdvertiseAsync	200
营销	裂变优惠券	POST	https://beta18.pospal.cn/EshopMarketing/LoadPromotionCouponForFissionRule	200
营销	裂变优惠券	POST	https://beta18.pospal.cn/EshopMarketing/LoadPromotionCouponForFissionRule	200
营销	裂变优惠券	POST	https://beta18.pospal.cn/EshopMarketing/LoadPromotionCouponFissionRuleList	200
营销	裂变优惠券	POST	https://advertsystem.pospal.cn/system/management/location/getTargetLocationMapping	200
营销	助力瓜分优惠券	GET	https://beta18.pospal.cn/EshopMarketing/PromotionCouponCarveUpRule	200
营销	助力瓜分优惠券	GET	https://my-kf.pospal.cn/kf/portalpospal/getCustomerServiceInfo	404
营销	助力瓜分优惠券	POST	https://beta18.pospal.cn/WebCloudMessage/GetMsgVersion	200
营销	助力瓜分优惠券	POST	https://beta18.pospal.cn/Account/GetMyShopMaxAvailableVersion	200
营销	助力瓜分优惠券	POST	https://beta18.pospal.cn/Account/GetMyShopMaxAvailableVersion	200
营销	助力瓜分优惠券	POST	https://beta18.pospal.cn/Cdp/CdpAd/GetCdpAdvertiseAsync	200
营销	助力瓜分优惠券	POST	https://beta18.pospal.cn/EshopMarketing/LoadPromotionCouponForCarveupRule	200
营销	助力瓜分优惠券	POST	https://beta18.pospal.cn/EshopMarketing/LoadPromotionCouponForCarveupRule	200
营销	助力瓜分优惠券	POST	https://beta18.pospal.cn/EshopMarketing/LoadPromotionCouponCarveupRuleList	200
营销	助力瓜分优惠券	POST	https://advertsystem.pospal.cn/system/management/location/getTargetLocationMapping	200
营销	盲盒福袋	GET	https://beta18.pospal.cn/EshopMarketing/PromotionBlindBoxRule	200
营销	盲盒福袋	POST	https://beta18.pospal.cn/WebCloudMessage/GetMsgVersion	200
营销	盲盒福袋	GET	https://my-kf.pospal.cn/kf/portalpospal/getCustomerServiceInfo	404
营销	盲盒福袋	POST	https://beta18.pospal.cn/Account/GetMyShopMaxAvailableVersion	200
营销	盲盒福袋	POST	https://beta18.pospal.cn/Account/GetMyShopMaxAvailableVersion	200
营销	盲盒福袋	POST	https://beta18.pospal.cn/Cdp/CdpAd/GetCdpAdvertiseAsync	200
营销	盲盒福袋	POST	https://beta18.pospal.cn/EshopMarketing/LoadDdlGiftPackagesForBlindBoxRule	200
营销	盲盒福袋	POST	https://advertsystem.pospal.cn/system/management/location/getTargetLocationMapping	200
营销	盲盒福袋	POST	https://beta18.pospal.cn/Category/LoadCategoryDDLJson	200
营销	集字游戏	GET	https://beta18.pospal.cn/EshopMarketing/CollectWordMarketingRule	200
营销	集字游戏	POST	https://beta18.pospal.cn/WebCloudMessage/GetMsgVersion	200
营销	集字游戏	POST	https://beta18.pospal.cn/Account/GetMyShopMaxAvailableVersion	200
营销	集字游戏	POST	https://beta18.pospal.cn/Account/GetMyShopMaxAvailableVersion	200
营销	集字游戏	GET	https://my-kf.pospal.cn/kf/portalpospal/getCustomerServiceInfo	404
营销	集字游戏	POST	https://beta18.pospal.cn/Cdp/CdpAd/GetCdpAdvertiseAsync	200
营销	集字游戏	POST	https://beta18.pospal.cn/EshopMarketing/LoadCollectWordMarketingRule	200
营销	集字游戏	POST	https://advertsystem.pospal.cn/system/management/location/getTargetLocationMapping	200
营销	社区团购	GET	https://beta18.pospal.cn/EshopMarketing/CommunityGroupPurchase	200
营销	社区团购	GET	https://my-kf.pospal.cn/kf/portalpospal/getCustomerServiceInfo	404
营销	社区团购	POST	https://beta18.pospal.cn/WebCloudMessage/GetMsgVersion	200
营销	社区团购	POST	https://beta18.pospal.cn/Account/GetMyShopMaxAvailableVersion	200
营销	社区团购	POST	https://beta18.pospal.cn/Account/GetMyShopMaxAvailableVersion	200
营销	社区团购	POST	https://beta18.pospal.cn/Cdp/CdpAd/GetCdpAdvertiseAsync	200
营销	社区团购	POST	https://beta18.pospal.cn/EshopMarketing/ListCommunityGroupPurchase	200
营销	社区团购	POST	https://advertsystem.pospal.cn/system/management/location/getTargetLocationMapping	200
营销	问卷调研	GET	https://beta18.pospal.cn/Questionnaire/Manage	200
营销	问卷调研	GET	https://my-kf.pospal.cn/kf/portalpospal/getCustomerServiceInfo	404
营销	问卷调研	POST	https://beta18.pospal.cn/WebCloudMessage/GetMsgVersion	200
营销	问卷调研	POST	https://beta18.pospal.cn/Account/GetMyShopMaxAvailableVersion	200
营销	问卷调研	POST	https://beta18.pospal.cn/Account/GetMyShopMaxAvailableVersion	200
营销	问卷调研	POST	https://beta18.pospal.cn/Cdp/CdpAd/GetCdpAdvertiseAsync	200
营销	问卷调研	POST	https://beta18.pospal.cn/Customer/LoadCustomerCategoryOptions	200
营销	问卷调研	POST	https://beta18.pospal.cn/Coupon/LoadStoreCoupons	200
营销	问卷调研	POST	https://beta18.pospal.cn/Questionnaire/GetQuestionnaireListSummary	200
营销	问卷调研	POST	https://beta18.pospal.cn/Questionnaire/LoadShoppingCardOptions	200
营销	问卷调研	POST	https://advertsystem.pospal.cn/system/management/location/getTargetLocationMapping	200
营销	美团团购(餐饮)	GET	https://beta18.pospal.cn/Eshop/MeiTuanGroupPurchaseRule	200
营销	美团团购(餐饮)	GET	https://my-kf.pospal.cn/kf/portalpospal/getCustomerServiceInfo	404
营销	美团团购(餐饮)	POST	https://beta18.pospal.cn/Account/GetMyShopMaxAvailableVersion	200
营销	美团团购(餐饮)	POST	https://beta18.pospal.cn/WebCloudMessage/GetMsgVersion	200
营销	美团团购(餐饮)	POST	https://beta18.pospal.cn/Account/GetMyShopMaxAvailableVersion	200
营销	美团团购(餐饮)	POST	https://beta18.pospal.cn/Cdp/CdpAd/GetCdpAdvertiseAsync	200
营销	美团团购(餐饮)	POST	https://advertsystem.pospal.cn/system/management/location/getTargetLocationMapping	200
营销	美团团购(餐饮)	GET	https://thirdcouponrulemanage18.pospal.cn/	200
营销	美团团购对账(餐饮)	GET	https://beta18.pospal.cn/JiChengApp/Index	200
营销	美团团购对账(餐饮)	POST	https://beta18.pospal.cn/WebCloudMessage/GetMsgVersion	200
营销	美团团购对账(餐饮)	POST	https://beta18.pospal.cn/Account/GetMyShopMaxAvailableVersion	200
营销	美团团购对账(餐饮)	POST	https://beta18.pospal.cn/Account/GetMyShopMaxAvailableVersion	200
营销	美团团购对账(餐饮)	GET	https://my-kf.pospal.cn/kf/portalpospal/getCustomerServiceInfo	404
营销	美团团购对账(餐饮)	POST	https://beta18.pospal.cn/Cdp/CdpAd/GetCdpAdvertiseAsync	200
营销	美团团购对账(餐饮)	POST	https://advertsystem.pospal.cn/system/management/location/getTargetLocationMapping	200
营销	美团团购对账(餐饮)	GET	https://meituan-group-report.pospal.cn/	200
营销	美团团购对账(餐饮)	POST	https://orderbiz18.pospal.cn/meituanSync/queryMeituanStatus	200
营销	美团团购(综合)	GET	https://beta18.pospal.cn/Eshop/MeiTuanGroupPurchaseRuleForCommon	200
营销	美团团购(综合)	GET	https://thirdcouponrulemanage18.pospal.cn/	200
营销	美团团购(综合)	GET	https://my-kf.pospal.cn/kf/portalpospal/getCustomerServiceInfo	404
营销	美团团购(综合)	POST	https://beta18.pospal.cn/Account/GetMyShopMaxAvailableVersion	200
营销	美团团购(综合)	POST	https://beta18.pospal.cn/WebCloudMessage/GetMsgVersion	200
营销	美团团购(综合)	POST	https://beta18.pospal.cn/Account/GetMyShopMaxAvailableVersion	200
营销	美团团购(综合)	POST	https://beta18.pospal.cn/Cdp/CdpAd/GetCdpAdvertiseAsync	200
营销	美团团购(综合)	POST	https://orderbiz18.pospal.cn/thirdCommonCoupon/dianPinCouponAuth/queryAuthInfo	200
营销	美团团购(综合)	POST	https://advertsystem.pospal.cn/system/management/location/getTargetLocationMapping	200
营销	美团品牌会员	GET	https://beta18.pospal.cn/Eshop/MeiTuanMember	200
营销	美团品牌会员	GET	https://my-kf.pospal.cn/kf/portalpospal/getCustomerServiceInfo	404
营销	美团品牌会员	POST	https://beta18.pospal.cn/Account/GetMyShopMaxAvailableVersion	200
营销	美团品牌会员	POST	https://beta18.pospal.cn/WebCloudMessage/GetMsgVersion	200
营销	美团品牌会员	POST	https://beta18.pospal.cn/Account/GetMyShopMaxAvailableVersion	200
营销	美团品牌会员	POST	https://beta18.pospal.cn/Cdp/CdpAd/GetCdpAdvertiseAsync	200
营销	美团品牌会员	POST	https://beta18.pospal.cn/Eshop/GetPospalMeiTuanCustomerSummary	200
营销	美团品牌会员	POST	https://beta18.pospal.cn/EShop/GetMeiTuanMemberSummary	200
营销	美团品牌会员	POST	https://beta18.pospal.cn/Setting/FindUserConfig	200
营销	美团品牌会员	POST	https://beta18.pospal.cn/Eshop/GetMeiTuanMemberQueryAuthStatus	200
营销	美团品牌会员	POST	https://beta18.pospal.cn/Eshop/GetMeiTuanGroupPurchaseTagSettingSummary	200
营销	美团品牌会员	POST	https://beta18.pospal.cn/Eshop/LoadMeiTuanMemberTagSettings	200
营销	美团品牌会员	POST	https://advertsystem.pospal.cn/system/management/location/getTargetLocationMapping	200
营销	抖音团购	GET	https://beta18.pospal.cn/EshopMarketing/DouyinCouponSetting	302
营销	抖音团购	POST	https://beta18.pospal.cn/System/LoadContactServiceInfo	200
营销	抖音团购	GET	https://beta18.pospal.cn/EshopMarketing/DouyinLandingPage	200
营销	抖音团购	GET	https://my-kf.pospal.cn/kf/portalpospal/getCustomerServiceInfo	404
营销	抖音团购	POST	https://beta18.pospal.cn/WebCloudMessage/GetMsgVersion	200
营销	抖音团购	POST	https://beta18.pospal.cn/Account/GetMyShopMaxAvailableVersion	200
营销	抖音团购	POST	https://beta18.pospal.cn/Account/GetMyShopMaxAvailableVersion	200
营销	抖音团购	POST	https://beta18.pospal.cn/Cdp/CdpAd/GetCdpAdvertiseAsync	200
营销	快手团购	GET	https://beta18.pospal.cn/Setting/KuaiShouGroupPurchaseSetting	302
营销	快手团购	GET	https://beta18.pospal.cn/Eshop/KSGroupPurchaseRule	200
营销	快手团购	POST	https://beta18.pospal.cn/WebCloudMessage/GetMsgVersion	200
营销	快手团购	POST	https://beta18.pospal.cn/Account/GetMyShopMaxAvailableVersion	200
营销	快手团购	GET	https://thirdcouponrulemanage18.pospal.cn/	200
营销	快手团购	POST	https://beta18.pospal.cn/Account/GetMyShopMaxAvailableVersion	200
营销	快手团购	GET	https://my-kf.pospal.cn/kf/portalpospal/getCustomerServiceInfo	404
营销	快手团购	POST	https://beta18.pospal.cn/Cdp/CdpAd/GetCdpAdvertiseAsync	200
营销	快手团购	POST	https://advertsystem.pospal.cn/system/management/location/getTargetLocationMapping	200
营销	支付宝团购	GET	https://beta18.pospal.cn/Eshop/AliGroupPurchaseRule	200
营销	支付宝团购	GET	https://my-kf.pospal.cn/kf/portalpospal/getCustomerServiceInfo	404
营销	支付宝团购	POST	https://beta18.pospal.cn/Account/GetMyShopMaxAvailableVersion	200
营销	支付宝团购	POST	https://beta18.pospal.cn/Cdp/CdpAd/GetCdpAdvertiseAsync	200
营销	支付宝团购	POST	https://beta18.pospal.cn/WebCloudMessage/GetMsgVersion	200
营销	支付宝团购	GET	https://thirdcouponrulemanage18.pospal.cn/	200
营销	支付宝团购	POST	https://beta18.pospal.cn/Account/GetMyShopMaxAvailableVersion	200
营销	支付宝团购	POST	https://advertsystem.pospal.cn/system/management/location/getTargetLocationMapping	200
营销	淘宝闪购团购	GET	https://beta18.pospal.cn/Eshop/TBSGGroupPurchaseRule	200
营销	淘宝闪购团购	GET	https://my-kf.pospal.cn/kf/portalpospal/getCustomerServiceInfo	404
营销	淘宝闪购团购	POST	https://beta18.pospal.cn/WebCloudMessage/GetMsgVersion	200
营销	淘宝闪购团购	POST	https://beta18.pospal.cn/Account/GetMyShopMaxAvailableVersion	200
营销	淘宝闪购团购	GET	https://thirdcouponrulemanage18.pospal.cn/	200
营销	淘宝闪购团购	POST	https://beta18.pospal.cn/Account/GetMyShopMaxAvailableVersion	200
营销	淘宝闪购团购	POST	https://beta18.pospal.cn/Cdp/CdpAd/GetCdpAdvertiseAsync	200
营销	淘宝闪购团购	POST	https://advertsystem.pospal.cn/system/management/location/getTargetLocationMapping	200
营销	淘宝闪购团购	POST	https://orderbiz18.pospal.cn/commonCouponRule/userInfo/getAllCanManageStore	200
营销	淘宝闪购团购	POST	https://orderbiz18.pospal.cn/thirdCommonCoupon/taoBaoCouponAuth/queryAuthInfo	200
营销	京东团购	GET	https://beta18.pospal.cn/Eshop/JDGroupPurchaseRule	200
营销	京东团购	POST	https://beta18.pospal.cn/WebCloudMessage/GetMsgVersion	200
营销	京东团购	GET	https://thirdcouponrulemanage18.pospal.cn/	200
营销	京东团购	GET	https://my-kf.pospal.cn/kf/portalpospal/getCustomerServiceInfo	404
营销	京东团购	POST	https://beta18.pospal.cn/Account/GetMyShopMaxAvailableVersion	200
营销	京东团购	POST	https://beta18.pospal.cn/Account/GetMyShopMaxAvailableVersion	200
营销	京东团购	POST	https://beta18.pospal.cn/Cdp/CdpAd/GetCdpAdvertiseAsync	200
营销	京东团购	POST	https://orderbiz18.pospal.cn/commonCouponRule/userInfo/getAllCanManageStore	200
营销	高德团购	POST	https://beta18.pospal.cn/System/LoadContactServiceInfo	200
营销	高德团购	GET	https://beta18.pospal.cn/Eshop/GDGroupPurchaseRule	200
营销	高德团购	GET	https://thirdcouponrulemanage18.pospal.cn/	200
营销	高德团购	GET	https://my-kf.pospal.cn/kf/portalpospal/getCustomerServiceInfo	404
营销	高德团购	POST	https://beta18.pospal.cn/Account/GetMyShopMaxAvailableVersion	200
营销	高德团购	POST	https://beta18.pospal.cn/WebCloudMessage/GetMsgVersion	200
营销	高德团购	POST	https://beta18.pospal.cn/Account/GetMyShopMaxAvailableVersion	200
营销	高德团购	POST	https://beta18.pospal.cn/Cdp/CdpAd/GetCdpAdvertiseAsync	200
营销	高德团购	POST	https://orderbiz18.pospal.cn/commonCouponRule/userInfo/getAllCanManageStore	200
营销	高德团购	POST	https://orderbiz18.pospal.cn/thirdCommonCoupon/gaoDeCouponAuth/queryAuthInfo	200
营销	高德团购	POST	https://advertsystem.pospal.cn/system/management/location/getTargetLocationMapping	200
营销	高德团购	POST	https://orderbiz18.pospal.cn/thirdCommonCoupon/gaoDeCouponAuth/queryChildAuthInfoByParent	200
营销	小红书团购	GET	https://beta18.pospal.cn/Setting/XiaoHongShuGroupPurchaseSetting	200
营销	小红书团购	POST	https://beta18.pospal.cn/WebCloudMessage/GetMsgVersion	200
营销	小红书团购	POST	https://beta18.pospal.cn/Account/GetMyShopMaxAvailableVersion	200
营销	小红书团购	POST	https://beta18.pospal.cn/Account/GetMyShopMaxAvailableVersion	200
营销	小红书团购	GET	https://my-kf.pospal.cn/kf/portalpospal/getCustomerServiceInfo	404
营销	小红书团购	POST	https://beta18.pospal.cn/Cdp/CdpAd/GetCdpAdvertiseAsync	200
营销	小红书团购	POST	https://beta18.pospal.cn/Setting/CountXiaoHongShuGroupPurchaseSettings	200
营销	小红书团购	POST	https://advertsystem.pospal.cn/system/management/location/getTargetLocationMapping	200
营销	优惠券	GET	https://beta18.pospal.cn/Promotion/Coupon	200
营销	优惠券	GET	https://beta18.pospal.cn/Scripts/website.promotion.promotioncomboctrl.js	200
营销	优惠券	GET	https://my-kf.pospal.cn/kf/portalpospal/getCustomerServiceInfo	404
营销	优惠券	POST	https://beta18.pospal.cn/WebCloudMessage/GetMsgVersion	200
营销	优惠券	POST	https://beta18.pospal.cn/Account/GetMyShopMaxAvailableVersion	200
营销	优惠券	POST	https://beta18.pospal.cn/Account/GetMyShopMaxAvailableVersion	200
营销	优惠券	POST	https://beta18.pospal.cn/Cdp/CdpAd/GetCdpAdvertiseAsync	200
营销	优惠券	POST	https://beta18.pospal.cn/Account/LoadSubStoresByUserIdDDLJson	200
营销	优惠券	POST	https://beta18.pospal.cn/Account/LoadSubStoresByUserIdDDLJson	200
营销	优惠券	POST	https://beta18.pospal.cn/Product/LoadStoreProductTagGroups	200
营销	优惠券	POST	https://beta18.pospal.cn/Category/LoadCategoryDDLJson	200
营销	优惠券	POST	https://beta18.pospal.cn/Ticketing/LoadCategorys	200
营销	优惠券	POST	https://beta18.pospal.cn/Product/LoadProductTagDDLJson	200
营销	优惠券	POST	https://beta18.pospal.cn/ProductBrand/LoadStoreProductBrands	200
营销	优惠券	POST	https://beta18.pospal.cn/Promotion/LoadCustomPaymethodDDL	200
营销	优惠券	POST	https://beta18.pospal.cn/Account/LoadUserUIConfigCustomJson	200
营销	优惠券	POST	https://beta18.pospal.cn/Promotion/CheckHasWechatShopVip	200
营销	优惠券	POST	https://beta18.pospal.cn/Promotion/GetWxMiniAppConfig	200
营销	优惠券	POST	https://beta18.pospal.cn/Promotion/LoadPromotionCouponSummary	200
营销	优惠券	POST	https://advertsystem.pospal.cn/system/management/location/getTargetLocationMapping	200
营销	优惠券	POST	https://beta18.pospal.cn/Promotion/LoadPromotionCouponsByPage	200
营销	优惠券	POST	https://beta18.pospal.cn/Promotion/LoadPromotionCouponCodeStoresCount	200
营销	折扣卡	GET	https://beta18.pospal.cn/ShoppingCard/Rule	200
营销	折扣卡	GET	https://my-kf.pospal.cn/kf/portalpospal/getCustomerServiceInfo	404
营销	折扣卡	POST	https://beta18.pospal.cn/WebCloudMessage/GetMsgVersion	200
营销	折扣卡	POST	https://beta18.pospal.cn/ShoppingCard/LoadRules	200
营销	折扣卡	POST	https://beta18.pospal.cn/Account/GetMyShopMaxAvailableVersion	200
营销	折扣卡	POST	https://beta18.pospal.cn/Account/GetMyShopMaxAvailableVersion	200
营销	折扣卡	POST	https://beta18.pospal.cn/Account/LoadSubStoresByUserIdDDLJson	200
营销	折扣卡	POST	https://beta18.pospal.cn/Cdp/CdpAd/GetCdpAdvertiseAsync	200
营销	折扣卡	POST	https://beta18.pospal.cn/ProductBrand/LoadStoreProductBrands	200
营销	折扣卡	POST	https://beta18.pospal.cn/Category/LoadCategoryDDLJson	200
营销	折扣卡	POST	https://advertsystem.pospal.cn/system/management/location/getTargetLocationMapping	200
营销	预付卡	GET	https://beta18.pospal.cn/PrepaidCard/Rule	200
营销	预付卡	GET	https://my-kf.pospal.cn/kf/portalpospal/getCustomerServiceInfo	404
营销	预付卡	POST	https://beta18.pospal.cn/WebCloudMessage/GetMsgVersion	200
营销	预付卡	POST	https://beta18.pospal.cn/Account/GetMyShopMaxAvailableVersion	200
营销	预付卡	POST	https://beta18.pospal.cn/Account/GetMyShopMaxAvailableVersion	200
营销	预付卡	POST	https://beta18.pospal.cn/Cdp/CdpAd/GetCdpAdvertiseAsync	200
营销	预付卡	POST	https://beta18.pospal.cn/Account/LoadSubStoresByUserIdDDLJson	200
营销	预付卡	POST	https://beta18.pospal.cn/Setting/LoadCustomPayMethodsDDLJson	200
营销	预付卡	POST	https://beta18.pospal.cn/Category/LoadCategoryDDLJson	200
营销	预付卡	POST	https://beta18.pospal.cn/Cashier/LoadCasheirDDLJson	200
营销	预付卡	POST	https://beta18.pospal.cn/ProductBrand/LoadStoreProductBrands	200
营销	预付卡	POST	https://beta18.pospal.cn/Product/LoadProductTagDDLJson	200
营销	预付卡	POST	https://beta18.pospal.cn/Product/LoadStoreProductTagGroups	200
营销	预付卡	POST	https://beta18.pospal.cn/ShoppingCard/LoadRuleWithUserIdDDLJson	200
营销	预付卡	POST	https://beta18.pospal.cn/PrepaidCard/LoadRules	200
营销	预付卡	POST	https://advertsystem.pospal.cn/system/management/location/getTargetLocationMapping	200
营销	礼品包	GET	https://beta18.pospal.cn/GiftPackage/Manage	200
营销	礼品包	POST	https://beta18.pospal.cn/WebCloudMessage/GetMsgVersion	200
营销	礼品包	POST	https://beta18.pospal.cn/Account/GetMyShopMaxAvailableVersion	200
营销	礼品包	POST	https://beta18.pospal.cn/Account/GetMyShopMaxAvailableVersion	200
营销	礼品包	GET	https://my-kf.pospal.cn/kf/portalpospal/getCustomerServiceInfo	404
营销	礼品包	POST	https://beta18.pospal.cn/Cdp/CdpAd/GetCdpAdvertiseAsync	200
营销	礼品包	POST	https://beta18.pospal.cn/Account/LoadSubStoresByUserIdDDLJson	200
营销	礼品包	POST	https://beta18.pospal.cn/Promotion/CheckHasWechatShopVip	200
营销	礼品包	POST	https://beta18.pospal.cn/Promotion/GetWxMiniAppConfig	200
营销	礼品包	POST	https://beta18.pospal.cn/GiftPackage/LoadGiftPackages	200
营销	礼品包	POST	https://advertsystem.pospal.cn/system/management/location/getTargetLocationMapping	200
营销	营销通管理	POST	https://beta18.pospal.cn/System/LoadContactServiceInfo	200
营销	营销通管理	GET	https://beta18.pospal.cn/MarketingOpen/Manage	200
营销	营销通管理	GET	https://my-kf.pospal.cn/kf/portalpospal/getCustomerServiceInfo	404
营销	营销通管理	POST	https://beta18.pospal.cn/Account/GetMyShopMaxAvailableVersion	200
营销	营销通管理	POST	https://beta18.pospal.cn/WebCloudMessage/GetMsgVersion	200
营销	营销通管理	POST	https://beta18.pospal.cn/Account/GetMyShopMaxAvailableVersion	200
营销	营销通管理	POST	https://beta18.pospal.cn/Cdp/CdpAd/GetCdpAdvertiseAsync	200
营销	营销通管理	POST	https://beta18.pospal.cn/MarketingOpen/LoadGuiderWorkRecord	200
营销	营销通管理	POST	https://beta18.pospal.cn/MarketingOpen/LoadMarketingOpenFiles	200
营销	商户联盟	GET	https://beta18.pospal.cn/Alliance/CouponCommission	200
营销	商户联盟	GET	https://my-kf.pospal.cn/kf/portalpospal/getCustomerServiceInfo	404
营销	商户联盟	POST	https://beta18.pospal.cn/WebCloudMessage/GetMsgVersion	200
营销	商户联盟	POST	https://beta18.pospal.cn/Account/GetMyShopMaxAvailableVersion	200
营销	商户联盟	POST	https://beta18.pospal.cn/Account/GetMyShopMaxAvailableVersion	200
营销	商户联盟	POST	https://beta18.pospal.cn/Cdp/CdpAd/GetCdpAdvertiseAsync	200
营销	商户联盟	POST	https://advertsystem.pospal.cn/system/management/location/getTargetLocationMapping	200
员工	员工概览	GET	https://beta18.pospal.cn/Guider/Dashboard	200
员工	员工概览	GET	https://my-kf.pospal.cn/kf/portalpospal/getCustomerServiceInfo	404
员工	员工概览	POST	https://beta18.pospal.cn/Account/GetMyShopMaxAvailableVersion	200
员工	员工概览	POST	https://beta18.pospal.cn/WebCloudMessage/GetMsgVersion	200
员工	员工概览	POST	https://beta18.pospal.cn/Account/GetMyShopMaxAvailableVersion	200
员工	员工概览	POST	https://beta18.pospal.cn/Guider/LoadDashboard	200
员工	员工概览	POST	https://beta18.pospal.cn/Cdp/CdpAd/GetCdpAdvertiseAsync	200
员工	员工概览	POST	https://advertsystem.pospal.cn/system/management/location/getTargetLocationMapping	200
员工	员工资料	GET	https://beta18.pospal.cn/Employee/Manage	200
员工	员工资料	GET	https://my-kf.pospal.cn/kf/portalpospal/getCustomerServiceInfo	404
员工	员工资料	POST	https://beta18.pospal.cn/WebCloudMessage/GetMsgVersion	200
员工	员工资料	POST	https://beta18.pospal.cn/Account/GetMyShopMaxAvailableVersion	200
员工	员工资料	POST	https://beta18.pospal.cn/Account/GetMyShopMaxAvailableVersion	200
员工	员工资料	POST	https://beta18.pospal.cn/Cdp/CdpAd/GetCdpAdvertiseAsync	200
员工	员工资料	POST	https://beta18.pospal.cn/Product/LoadProductBinderView	200
员工	员工资料	POST	https://beta18.pospal.cn/Product/LoadStoreProductTags	200
员工	员工资料	POST	https://beta18.pospal.cn/Guider/LoadSubStoresByUserIdDDLJson	200
员工	员工资料	POST	https://beta18.pospal.cn/Account/GetStoreDomain	200
员工	员工资料	POST	https://beta18.pospal.cn/Account/LoadSyncStores	200
员工	员工资料	POST	https://beta18.pospal.cn/Guider/LoadStoreGuiderTagGroups	200
员工	员工资料	POST	https://beta18.pospal.cn/Cashier/LoadSameJobNumberCasheirDDLJson	200
员工	员工资料	POST	https://beta18.pospal.cn/Employee/LoadEmployeeRolesWithAuths	200
员工	员工资料	POST	https://beta18.pospal.cn/Cashier/LoadCashierLoginUrl	200
员工	员工资料	POST	https://beta18.pospal.cn/Category/LoadCategoryDDLJson	200
员工	员工资料	POST	https://beta18.pospal.cn/Partner/CheckHasPartnerAuth	200
员工	员工资料	POST	https://beta18.pospal.cn/Category/LoadCategoryDDLJson	200
员工	员工资料	POST	https://beta18.pospal.cn/Cashier/CheckIsChainStoreSupply	200
员工	员工资料	POST	https://beta18.pospal.cn/Guider/LoadGuiders	200
员工	员工资料	POST	https://beta18.pospal.cn/Account/GetStoreInfo	200
员工	员工资料	POST	https://advertsystem.pospal.cn/system/management/location/getTargetLocationMapping	200
员工	员工资料	POST	https://beta18.pospal.cn/Guider/LoadSubStoresByUserIdDDLJson	200
员工	员工资料	POST	https://beta18.pospal.cn/Category/LoadCategoryDDLJson	200
员工	预约服务	GET	https://beta18.pospal.cn/Appointment/AppointmentPlan	200
员工	预约服务	POST	https://beta18.pospal.cn/WebCloudMessage/GetMsgVersion	200
员工	预约服务	GET	https://my-kf.pospal.cn/kf/portalpospal/getCustomerServiceInfo	404
员工	预约服务	POST	https://beta18.pospal.cn/Account/GetMyShopMaxAvailableVersion	200
员工	预约服务	POST	https://beta18.pospal.cn/Account/GetMyShopMaxAvailableVersion	200
员工	预约服务	POST	https://beta18.pospal.cn/Cdp/CdpAd/GetCdpAdvertiseAsync	200
员工	预约服务	POST	https://beta18.pospal.cn/Account/LoadSubStoresByUserIdDDLJson	200
员工	预约服务	POST	https://beta18.pospal.cn/Category/LoadCategoryDDLJson	200
员工	预约服务	POST	https://beta18.pospal.cn/Guider/LoadGuiderScheduleRulesDDLJson	200
员工	预约服务	POST	https://beta18.pospal.cn/Guider/LoadAutoLoopScheduleStatus	200
员工	预约服务	POST	https://beta18.pospal.cn/Appointment/LoadAppointmentPlanContinueScheduleType	200
员工	预约服务	POST	https://advertsystem.pospal.cn/system/management/location/getTargetLocationMapping	200
员工	预约服务	POST	https://beta18.pospal.cn/Guider/LoadGuiderScheduleList	200
员工	预约服务	POST	https://beta18.pospal.cn/Guider/LoadSchedulingServicesJson	200
员工	预约服务	POST	https://beta18.pospal.cn/Guider/LoadSchedulingServicesJson	200
员工	员工任务	GET	https://beta18.pospal.cn/Guider/GuiderAssignment	200
员工	员工任务	GET	https://my-kf.pospal.cn/kf/portalpospal/getCustomerServiceInfo	404
员工	员工任务	POST	https://beta18.pospal.cn/WebCloudMessage/GetMsgVersion	200
员工	员工任务	POST	https://beta18.pospal.cn/Account/GetMyShopMaxAvailableVersion	200
员工	员工任务	POST	https://beta18.pospal.cn/Account/GetMyShopMaxAvailableVersion	200
员工	员工任务	POST	https://beta18.pospal.cn/Cdp/CdpAd/GetCdpAdvertiseAsync	200
员工	员工任务	POST	https://beta18.pospal.cn/Guider/LoadWxGuiderOpenIdDDLJson	200
员工	员工任务	POST	https://beta18.pospal.cn/Guider/LoadGuiderAssignmentList	200
员工	员工任务	POST	https://advertsystem.pospal.cn/system/management/location/getTargetLocationMapping	200
员工	提成方案	POST	https://beta18.pospal.cn/System/LoadContactServiceInfo	200
员工	提成方案	GET	https://beta18.pospal.cn/CommissionPlan/Manage	200
员工	提成方案	POST	https://beta18.pospal.cn/Account/GetMyShopMaxAvailableVersion	200
员工	提成方案	GET	https://my-kf.pospal.cn/kf/portalpospal/getCustomerServiceInfo	404
员工	提成方案	POST	https://beta18.pospal.cn/WebCloudMessage/GetMsgVersion	200
员工	提成方案	POST	https://beta18.pospal.cn/Account/GetMyShopMaxAvailableVersion	200
员工	提成方案	POST	https://beta18.pospal.cn/Cdp/CdpAd/GetCdpAdvertiseAsync	200
员工	提成方案	POST	https://beta18.pospal.cn/CommissionPlan/LoadCommissionPlanList	200
员工	提成方案	POST	https://advertsystem.pospal.cn/system/management/location/getTargetLocationMapping	200
员工	收银员业绩	GET	https://beta18.pospal.cn/Cashier/CashHistory	200
员工	收银员业绩	POST	https://beta18.pospal.cn/Cashier/LoadCasheirDDLJson	200
员工	收银员业绩	GET	https://my-kf.pospal.cn/kf/portalpospal/getCustomerServiceInfo	404
员工	收银员业绩	POST	https://beta18.pospal.cn/WebCloudMessage/GetMsgVersion	200
员工	收银员业绩	POST	https://beta18.pospal.cn/Account/GetMyShopMaxAvailableVersion	200
员工	收银员业绩	POST	https://beta18.pospal.cn/Account/GetMyShopMaxAvailableVersion	200
员工	收银员业绩	POST	https://beta18.pospal.cn/Cdp/CdpAd/GetCdpAdvertiseAsync	200
员工	收银员业绩	POST	https://beta18.pospal.cn/Category/LoadCategoryDDLJson	200
员工	收银员业绩	POST	https://beta18.pospal.cn/Cashier/GetCashHistorySummary	200
员工	收银员业绩	POST	https://advertsystem.pospal.cn/system/management/location/getTargetLocationMapping	200
员工	技师导购绩效	GET	https://beta18.pospal.cn/Guider/GuiderCommissionCount	200
员工	技师导购绩效	POST	https://beta18.pospal.cn/Account/LoadUserUIConfigCustomJson	200
员工	技师导购绩效	POST	https://beta18.pospal.cn/WebCloudMessage/GetMsgVersion	200
员工	技师导购绩效	GET	https://my-kf.pospal.cn/kf/portalpospal/getCustomerServiceInfo	404
员工	技师导购绩效	POST	https://beta18.pospal.cn/Account/GetMyShopMaxAvailableVersion	200
员工	技师导购绩效	POST	https://beta18.pospal.cn/Account/GetMyShopMaxAvailableVersion	200
员工	技师导购绩效	POST	https://beta18.pospal.cn/Cdp/CdpAd/GetCdpAdvertiseAsync	200
员工	技师导购绩效	POST	https://beta18.pospal.cn/Account/LoadUserUIConfigCustomJson	200
员工	技师导购绩效	POST	https://beta18.pospal.cn/Guider/LoadGuiderTags	200
员工	技师导购绩效	POST	https://advertsystem.pospal.cn/system/management/location/getTargetLocationMapping	200
员工	绩效明细	GET	https://beta18.pospal.cn/Guider/GuideHistory	200
员工	绩效明细	POST	https://beta18.pospal.cn/Account/LoadUserUIConfigCustomJson	200
员工	绩效明细	GET	https://my-kf.pospal.cn/kf/portalpospal/getCustomerServiceInfo	404
员工	绩效明细	POST	https://beta18.pospal.cn/WebCloudMessage/GetMsgVersion	200
员工	绩效明细	POST	https://beta18.pospal.cn/Account/GetMyShopMaxAvailableVersion	200
员工	绩效明细	POST	https://beta18.pospal.cn/Account/GetMyShopMaxAvailableVersion	200
员工	绩效明细	POST	https://beta18.pospal.cn/Cdp/CdpAd/GetCdpAdvertiseAsync	200
员工	绩效明细	POST	https://beta18.pospal.cn/ProductBrand/LoadStoreProductBrands	200
员工	绩效明细	POST	https://beta18.pospal.cn/Product/LoadStoreProductTagGroups	200
员工	绩效明细	POST	https://beta18.pospal.cn/Guider/CheckIsOpenNewCommission	200
员工	绩效明细	POST	https://beta18.pospal.cn/Category/LoadCategoryDDLJson	200
员工	绩效明细	POST	https://beta18.pospal.cn/Supplier/LoadSupplierDDLJson	200
员工	绩效明细	POST	https://beta18.pospal.cn/Guider/LoadGuideHistorysForAll	200
员工	绩效明细	POST	https://advertsystem.pospal.cn/system/management/location/getTargetLocationMapping	200
员工	员工客流	GET	https://beta18.pospal.cn/Guider/GuiderCustomerAnalysis	200
员工	员工客流	GET	https://my-kf.pospal.cn/kf/portalpospal/getCustomerServiceInfo	404
员工	员工客流	POST	https://beta18.pospal.cn/WebCloudMessage/GetMsgVersion	200
员工	员工客流	POST	https://beta18.pospal.cn/Account/GetMyShopMaxAvailableVersion	200
员工	员工客流	POST	https://beta18.pospal.cn/Account/GetMyShopMaxAvailableVersion	200
员工	员工客流	POST	https://beta18.pospal.cn/Cdp/CdpAd/GetCdpAdvertiseAsync	200
员工	员工客流	POST	https://advertsystem.pospal.cn/system/management/location/getTargetLocationMapping	200
员工	员工实收业绩	POST	https://beta18.pospal.cn/System/LoadContactServiceInfo	200
员工	员工实收业绩	GET	https://beta18.pospal.cn/Guider/GuiderPerformanceStatistics	200
员工	员工实收业绩	GET	https://my-kf.pospal.cn/kf/portalpospal/getCustomerServiceInfo	404
员工	员工实收业绩	POST	https://beta18.pospal.cn/Account/GetMyShopMaxAvailableVersion	200
员工	员工实收业绩	POST	https://beta18.pospal.cn/WebCloudMessage/GetMsgVersion	200
员工	员工实收业绩	POST	https://beta18.pospal.cn/Account/GetMyShopMaxAvailableVersion	200
员工	员工实收业绩	POST	https://beta18.pospal.cn/Cdp/CdpAd/GetCdpAdvertiseAsync	200
员工	员工实收业绩	POST	https://beta18.pospal.cn/Guider/CountGuiderPerformanceStatistics	200
员工	员工实收业绩	POST	https://advertsystem.pospal.cn/system/management/location/getTargetLocationMapping	200
员工	实收与消耗绩效	GET	https://beta18.pospal.cn/Guider/CountGuiderCashCardAmount	200
员工	实收与消耗绩效	POST	https://beta18.pospal.cn/WebCloudMessage/GetMsgVersion	200
员工	实收与消耗绩效	GET	https://my-kf.pospal.cn/kf/portalpospal/getCustomerServiceInfo	404
员工	实收与消耗绩效	POST	https://beta18.pospal.cn/Account/GetMyShopMaxAvailableVersion	200
员工	实收与消耗绩效	POST	https://beta18.pospal.cn/Account/GetMyShopMaxAvailableVersion	200
员工	实收与消耗绩效	POST	https://beta18.pospal.cn/Cdp/CdpAd/GetCdpAdvertiseAsync	200
员工	实收与消耗绩效	POST	https://beta18.pospal.cn/Guider/LoadGuiderTags	200
员工	实收与消耗绩效	POST	https://advertsystem.pospal.cn/system/management/location/getTargetLocationMapping	200
财务	银豹付交易账单	GET	https://beta18.pospal.cn/CloudApp/UnionPayBill	302
财务	银豹付交易账单	POST	https://beta18.pospal.cn/System/LoadContactServiceInfo	200
财务	银豹付交易账单	GET	https://beta18.pospal.cn/CloudApp/Index	200
财务	银豹付交易账单	GET	https://my-kf.pospal.cn/kf/portalpospal/getCustomerServiceInfo	404
财务	银豹付交易账单	POST	https://beta18.pospal.cn/WebCloudMessage/GetMsgVersion	200
财务	银豹付交易账单	POST	https://beta18.pospal.cn/Account/GetMyShopMaxAvailableVersion	200
财务	银豹付交易账单	POST	https://beta18.pospal.cn/Account/GetMyShopMaxAvailableVersion	200
财务	银豹付交易账单	POST	https://beta18.pospal.cn/Cdp/CdpAd/GetCdpAdvertiseAsync	200
财务	银豹付交易账单	POST	https://advertsystem.pospal.cn/system/management/location/getTargetLocationMapping	200
财务	银豹付交易账单	GET	https://cloudapp-pay18.pospal.cn/	200
财务	银豹付交易账单	POST	https://beta18.pospal.cn/System/LoadContactServiceInfo	200
财务	银豹付交易账单	GET	https://beta2.pospal.cn/account/signin	302
财务	银豹付交易账单	GET	https://cloudapp-pay18.pospal.cn/	200
财务	商家结算明细	POST	https://download-pay.pospal.cn/pospal-pay/pospalAggregationPay/getMyDownLoadTask	200
财务	商家结算明细	GET	https://beta18.pospal.cn/CloudApp/Index	200
财务	商家结算明细	GET	https://cloudapp-pay18.pospal.cn/	200
财务	商家结算明细	GET	https://cloudapp-pay18.pospal.cn/	200
财务	商家结算明细	GET	https://my-kf.pospal.cn/kf/portalpospal/getCustomerServiceInfo	404
财务	商家结算明细	POST	https://beta18.pospal.cn/Account/GetMyShopMaxAvailableVersion	200
财务	商家结算明细	POST	https://beta18.pospal.cn/Account/GetMyShopMaxAvailableVersion	200
财务	商家结算明细	POST	https://beta18.pospal.cn/WebCloudMessage/GetMsgVersion	200
财务	商家结算明细	POST	https://beta18.pospal.cn/Cdp/CdpAd/GetCdpAdvertiseAsync	200
财务	商家结算明细	POST	https://advertsystem.pospal.cn/system/management/location/getTargetLocationMapping	200
财务	商家结算明细	POST	https://payapiadmin4.pospal.cn/pospal-pay/pospalAggregationPay/cloud-erp/erpUser/info	200
财务	商家结算明细	POST	https://download-pay.pospal.cn/pospal-pay/pospalAggregationPay/v2/isSupportBi	200
财务	分账系统介绍	POST	https://beta18.pospal.cn/System/LoadContactServiceInfo	200
财务	分账系统介绍	GET	https://beta18.pospal.cn/CloudApp/FenZhangAppLanding	200
财务	分账系统介绍	POST	https://beta18.pospal.cn/WebCloudMessage/GetMsgVersion	200
财务	分账系统介绍	POST	https://beta18.pospal.cn/Account/GetMyShopMaxAvailableVersion	200
财务	分账系统介绍	POST	https://beta18.pospal.cn/Account/GetMyShopMaxAvailableVersion	200
财务	分账系统介绍	GET	https://my-kf.pospal.cn/kf/portalpospal/getCustomerServiceInfo	404
财务	分账系统介绍	POST	https://beta18.pospal.cn/Cdp/CdpAd/GetCdpAdvertiseAsync	200
财务	分账系统介绍	POST	https://advertsystem.pospal.cn/system/management/location/getTargetLocationMapping	200
财务	分账系统介绍	GET	https://pospal.cn/main/pages/app-center/separate-accounts.html	200
财务	分账系统介绍	POST	https://beta18.pospal.cn/System/LoadContactServiceInfo	200
财务	总账	GET	https://beta18.pospal.cn/Advanced/CloudFinanceLanding	200
财务	总账	GET	https://my-kf.pospal.cn/kf/portalpospal/getCustomerServiceInfo	404
财务	总账	POST	https://beta18.pospal.cn/WebCloudMessage/GetMsgVersion	200
财务	总账	POST	https://beta18.pospal.cn/Account/GetMyShopMaxAvailableVersion	200
财务	总账	POST	https://beta18.pospal.cn/Account/GetMyShopMaxAvailableVersion	200
财务	总账	POST	https://beta18.pospal.cn/Cdp/CdpAd/GetCdpAdvertiseAsync	200
财务	总账	POST	https://advertsystem.pospal.cn/system/management/location/getTargetLocationMapping	200
财务	总账	POST	https://beta18.pospal.cn/System/LoadContactServiceInfo	200
设置	牌号管理	GET	https://beta18.pospal.cn/Setting/AreaAndTable	200
设置	牌号管理	POST	https://beta18.pospal.cn/WebCloudMessage/GetMsgVersion	200
设置	牌号管理	GET	https://my-kf.pospal.cn/kf/portalpospal/getCustomerServiceInfo	404
设置	牌号管理	POST	https://beta18.pospal.cn/Account/GetMyShopMaxAvailableVersion	200
设置	牌号管理	POST	https://beta18.pospal.cn/Account/GetMyShopMaxAvailableVersion	200
设置	牌号管理	POST	https://beta18.pospal.cn/Cdp/CdpAd/GetCdpAdvertiseAsync	200
设置	牌号管理	POST	https://beta18.pospal.cn/Setting/LoadStoreAreaWithTableNum	200
设置	牌号管理	POST	https://advertsystem.pospal.cn/system/management/location/getTargetLocationMapping	200
设置	门店广告	POST	https://beta18.pospal.cn/System/LoadContactServiceInfo	200
设置	门店广告	GET	https://beta18.pospal.cn/Setting/SecondScreenAD	200
设置	门店广告	GET	https://my-kf.pospal.cn/kf/portalpospal/getCustomerServiceInfo	404
设置	门店广告	POST	https://beta18.pospal.cn/WebCloudMessage/GetMsgVersion	200
设置	门店广告	POST	https://beta18.pospal.cn/Account/GetMyShopMaxAvailableVersion	200
设置	门店广告	POST	https://beta18.pospal.cn/Account/GetMyShopMaxAvailableVersion	200
设置	门店广告	POST	https://beta18.pospal.cn/Cdp/CdpAd/GetCdpAdvertiseAsync	200
设置	门店广告	POST	https://beta18.pospal.cn/Account/LoadSubStoresByUserIdDDLJson	200
设置	门店广告	POST	https://beta18.pospal.cn/Account/LoadSubStoresByUserIdDDLJson	200
设置	门店广告	POST	https://beta18.pospal.cn/Setting/LoadSecondScreenADList	200
设置	门店广告	POST	https://advertsystem.pospal.cn/system/management/location/getTargetLocationMapping	200
设置	收银端公告	GET	https://beta18.pospal.cn/Setting/Notification	200
设置	收银端公告	GET	https://my-kf.pospal.cn/kf/portalpospal/getCustomerServiceInfo	404
设置	收银端公告	POST	https://beta18.pospal.cn/WebCloudMessage/GetMsgVersion	200
设置	收银端公告	POST	https://beta18.pospal.cn/Account/GetMyShopMaxAvailableVersion	200
设置	收银端公告	POST	https://beta18.pospal.cn/Account/GetMyShopMaxAvailableVersion	200
设置	收银端公告	POST	https://beta18.pospal.cn/Account/LoadSubStoresByUserIdDDLJson	200
设置	收银端公告	POST	https://beta18.pospal.cn/Setting/LoadNotificationSummary	200
设置	收银端公告	POST	https://beta18.pospal.cn/Cdp/CdpAd/GetCdpAdvertiseAsync	200
设置	收银端公告	POST	https://advertsystem.pospal.cn/system/management/location/getTargetLocationMapping	200
设置	收款码	GET	https://beta18.pospal.cn/Setting/ReceiveMoneyQRCode	200
设置	收款码	GET	https://my-kf.pospal.cn/kf/portalpospal/getCustomerServiceInfo	404
设置	收款码	POST	https://beta18.pospal.cn/Account/GetMyShopMaxAvailableVersion	200
设置	收款码	POST	https://beta18.pospal.cn/Account/GetMyShopMaxAvailableVersion	200
设置	收款码	POST	https://beta18.pospal.cn/WebCloudMessage/GetMsgVersion	200
设置	收款码	POST	https://beta18.pospal.cn/Cdp/CdpAd/GetCdpAdvertiseAsync	200
设置	收款码	POST	https://beta18.pospal.cn/Setting/CountReceiveMoneyQRCodes	200
设置	收款码	POST	https://advertsystem.pospal.cn/system/management/location/getTargetLocationMapping	200
设置	基础设置	GET	https://beta18.pospal.cn/EShop/NewInfo	200
设置	基础设置	POST	https://beta18.pospal.cn/System/LoadOverseasCityConfig	200
设置	基础设置	POST	https://beta18.pospal.cn/Account/GetMyShopMaxAvailableVersion	200
设置	基础设置	POST	https://beta18.pospal.cn/WebCloudMessage/GetMsgVersion	200
设置	基础设置	POST	https://beta18.pospal.cn/Account/GetMyShopMaxAvailableVersion	200
设置	基础设置	POST	https://beta18.pospal.cn/Cdp/CdpAd/GetCdpAdvertiseAsync	200
设置	基础设置	GET	https://my-kf.pospal.cn/kf/portalpospal/getCustomerServiceInfo	404
设置	基础设置	POST	https://advertsystem.pospal.cn/system/management/location/getTargetLocationMapping	200
设置	基础设置	POST	https://beta18.pospal.cn/EShop/NewLoadStoreWebsite	200
设置	基础设置	POST	https://beta18.pospal.cn/System/LoadContactServiceInfo	200
设置	基础设置	GET	https://mapstyle.qpic.cn/fileupdate/jsauto/style	200
设置	网店装修	GET	https://beta18.pospal.cn/EShop/Decoration	200
设置	网店装修	GET	https://my-kf.pospal.cn/kf/portalpospal/getCustomerServiceInfo	404
设置	网店装修	POST	https://beta18.pospal.cn/Account/GetMyShopMaxAvailableVersion	200
设置	网店装修	POST	https://beta18.pospal.cn/WebCloudMessage/GetMsgVersion	200
设置	网店装修	POST	https://beta18.pospal.cn/Account/GetMyShopMaxAvailableVersion	200
设置	网店装修	POST	https://beta18.pospal.cn/Cdp/CdpAd/GetCdpAdvertiseAsync	200
设置	网店装修	POST	https://beta18.pospal.cn/EShop/LoadDecoration	200
设置	网店装修	POST	https://advertsystem.pospal.cn/system/management/location/getTargetLocationMapping	200
设置	小程序装修	GET	https://beta18.pospal.cn/Eshop/Wxminiapp	200
设置	小程序装修	POST	https://beta18.pospal.cn/Account/GetMyShopMaxAvailableVersion	200
设置	小程序装修	GET	https://my-kf.pospal.cn/kf/portalpospal/getCustomerServiceInfo	404
设置	小程序装修	POST	https://beta18.pospal.cn/Account/GetMyShopMaxAvailableVersion	200
设置	小程序装修	POST	https://beta18.pospal.cn/WebCloudMessage/GetMsgVersion	200
设置	小程序装修	POST	https://beta18.pospal.cn/Cdp/CdpAd/GetCdpAdvertiseAsync	200
设置	小程序装修	POST	https://advertsystem.pospal.cn/system/management/location/getTargetLocationMapping	200
设置	小程序装修	POST	https://beta18.pospal.cn/System/LoadContactServiceInfo	200
设置	网店公告	GET	https://beta18.pospal.cn/EShop/Remind	200
设置	网店公告	POST	https://beta18.pospal.cn/WebCloudMessage/GetMsgVersion	200
设置	网店公告	GET	https://my-kf.pospal.cn/kf/portalpospal/getCustomerServiceInfo	404
设置	网店公告	POST	https://beta18.pospal.cn/Account/GetMyShopMaxAvailableVersion	200
设置	网店公告	POST	https://beta18.pospal.cn/Account/GetMyShopMaxAvailableVersion	200
设置	网店公告	POST	https://beta18.pospal.cn/Cdp/CdpAd/GetCdpAdvertiseAsync	200
设置	网店公告	POST	https://beta18.pospal.cn/EShop/LoadEShopRemindList	200
设置	网店公告	POST	https://advertsystem.pospal.cn/system/management/location/getTargetLocationMapping	200
设置	网店广告	GET	https://beta18.pospal.cn/EShop/Banner	200
设置	网店广告	GET	https://my-kf.pospal.cn/kf/portalpospal/getCustomerServiceInfo	404
设置	网店广告	POST	https://beta18.pospal.cn/WebCloudMessage/GetMsgVersion	200
设置	网店广告	POST	https://beta18.pospal.cn/Account/GetMyShopMaxAvailableVersion	200
设置	网店广告	POST	https://beta18.pospal.cn/Account/GetMyShopMaxAvailableVersion	200
设置	网店广告	POST	https://beta18.pospal.cn/Account/LoadSubStoresByUserIdDDLJson	200
设置	网店广告	POST	https://beta18.pospal.cn/Product/LoadProductBinderView	200
设置	网店广告	POST	https://beta18.pospal.cn/Account/LoadSubStoresByUserIdDDLJson	200
设置	网店广告	POST	https://beta18.pospal.cn/Cdp/CdpAd/GetCdpAdvertiseAsync	200
设置	网店广告	POST	https://beta18.pospal.cn/Eshop/LoadEShopBannerList	200
设置	网店广告	POST	https://beta18.pospal.cn/Category/LoadCategoryDDLJson	200
设置	网店广告	POST	https://advertsystem.pospal.cn/system/management/location/getTargetLocationMapping	200
设置	自助服务	GET	https://beta18.pospal.cn/EShop/SelfServiceSettingV2	200
设置	自助服务	GET	https://my-kf.pospal.cn/kf/portalpospal/getCustomerServiceInfo	404
设置	自助服务	POST	https://beta18.pospal.cn/WebCloudMessage/GetMsgVersion	200
设置	自助服务	POST	https://beta18.pospal.cn/Account/GetMyShopMaxAvailableVersion	200
设置	自助服务	POST	https://beta18.pospal.cn/Account/GetMyShopMaxAvailableVersion	200
设置	自助服务	POST	https://beta18.pospal.cn/Cdp/CdpAd/GetCdpAdvertiseAsync	200
设置	自助服务	POST	https://beta18.pospal.cn/EShop/LoadSelfServiceSettingV2	200
设置	自助服务	POST	https://advertsystem.pospal.cn/system/management/location/getTargetLocationMapping	200
设置	自助服务	POST	https://beta18.pospal.cn/Eshop/LoadAreasDDL	200
设置	配送管理	GET	https://beta18.pospal.cn/EshopSetting/TakeAwaySettingV2	200
设置	配送管理	GET	https://beta18.pospal.cn/scripts/provincesdata.js	200
设置	配送管理	POST	https://beta18.pospal.cn/System/LoadOverseasCityConfig	200
设置	配送管理	POST	https://beta18.pospal.cn/WebCloudMessage/GetMsgVersion	200
设置	配送管理	POST	https://beta18.pospal.cn/Account/GetMyShopMaxAvailableVersion	200
设置	配送管理	POST	https://beta18.pospal.cn/Account/GetMyShopMaxAvailableVersion	200
设置	配送管理	POST	https://beta18.pospal.cn/Cdp/CdpAd/GetCdpAdvertiseAsync	200
设置	配送管理	POST	https://beta18.pospal.cn/EShopSetting/LoadTakeAwaySetting	200
设置	配送管理	POST	https://beta18.pospal.cn/System/LoadOverseasCityConfig	200
设置	配送管理	POST	https://beta18.pospal.cn/Product/LoadStoreProductTags	200
设置	配送管理	POST	https://beta18.pospal.cn/Category/LoadCategoryDDLJson	200
设置	配送管理	POST	https://advertsystem.pospal.cn/system/management/location/getTargetLocationMapping	200
设置	配送管理	POST	https://beta18.pospal.cn/EshopSetting/LoadEshopTakeAwaySettingRule	200
设置	配送管理	GET	https://my-kf.pospal.cn/kf/portalpospal/getCustomerServiceInfo	404
设置	配送管理	POST	https://beta18.pospal.cn/System/LoadContactServiceInfo	200
设置	自定义热卖	GET	https://beta18.pospal.cn/EShop/HotSale	200
设置	自定义热卖	POST	https://beta18.pospal.cn/WebCloudMessage/GetMsgVersion	200
设置	自定义热卖	GET	https://my-kf.pospal.cn/kf/portalpospal/getCustomerServiceInfo	404
设置	自定义热卖	POST	https://beta18.pospal.cn/Account/GetMyShopMaxAvailableVersion	200
设置	自定义热卖	POST	https://beta18.pospal.cn/Account/GetMyShopMaxAvailableVersion	200
设置	自定义热卖	POST	https://beta18.pospal.cn/Product/LoadProductBinderView	200
设置	自定义热卖	POST	https://beta18.pospal.cn/Cdp/CdpAd/GetCdpAdvertiseAsync	200
设置	自定义热卖	POST	https://beta18.pospal.cn/Eshop/LoadEShopHotSaleList	200
设置	自定义热卖	POST	https://advertsystem.pospal.cn/system/management/location/getTargetLocationMapping	200
设置	自定义热卖	POST	https://beta18.pospal.cn/Category/LoadCategoryDDLJson	200
设置	自助H5设置	GET	https://beta18.pospal.cn/Eshop/SelfServiceH5Setting	200
设置	自助H5设置	GET	https://my-kf.pospal.cn/kf/portalpospal/getCustomerServiceInfo	404
设置	自助H5设置	POST	https://beta18.pospal.cn/WebCloudMessage/GetMsgVersion	200
设置	自助H5设置	POST	https://beta18.pospal.cn/Account/GetMyShopMaxAvailableVersion	200
设置	自助H5设置	POST	https://beta18.pospal.cn/Account/GetMyShopMaxAvailableVersion	200
设置	自助H5设置	POST	https://beta18.pospal.cn/Cdp/CdpAd/GetCdpAdvertiseAsync	200
设置	自助H5设置	POST	https://beta18.pospal.cn/EShop/LoadSelfServiceH5Setting	200
设置	自助H5设置	POST	https://advertsystem.pospal.cn/system/management/location/getTargetLocationMapping	200
设置	公众号配置	GET	https://beta18.pospal.cn/WeChatPublic/MenuSetting	200
设置	公众号配置	GET	https://my-kf.pospal.cn/kf/portalpospal/getCustomerServiceInfo	404
设置	公众号配置	POST	https://beta18.pospal.cn/Account/GetMyShopMaxAvailableVersion	200
设置	公众号配置	POST	https://beta18.pospal.cn/Account/GetMyShopMaxAvailableVersion	200
设置	公众号配置	POST	https://beta18.pospal.cn/WeChatPublic/CheckIsCommonAppId	200
设置	公众号配置	POST	https://beta18.pospal.cn/WebCloudMessage/GetMsgVersion	200
设置	公众号配置	POST	https://beta18.pospal.cn/Cdp/CdpAd/GetCdpAdvertiseAsync	200
设置	公众号配置	POST	https://beta18.pospal.cn/WeChatPublic/CheckAllowEditMenuSetting	200
设置	公众号配置	POST	https://beta18.pospal.cn/WechatPublic/GetMenu	200
设置	公众号配置	POST	https://advertsystem.pospal.cn/system/management/location/getTargetLocationMapping	200
设置	公众号配置	POST	https://beta18.pospal.cn/System/LoadContactServiceInfo	200
设置	连锁管理	GET	https://beta18.pospal.cn/Setting/ChainStoreSetting	200
设置	连锁管理	POST	https://beta18.pospal.cn/System/LoadOverseasCityConfig	200
设置	连锁管理	POST	https://beta18.pospal.cn/WebCloudMessage/GetMsgVersion	200
设置	连锁管理	POST	https://beta18.pospal.cn/Account/GetMyShopMaxAvailableVersion	200
设置	连锁管理	POST	https://beta18.pospal.cn/Account/GetMyShopMaxAvailableVersion	200
设置	连锁管理	GET	https://my-kf.pospal.cn/kf/portalpospal/getCustomerServiceInfo	404
设置	连锁管理	POST	https://beta18.pospal.cn/Setting/GetSubUsersWithDetailAjax	200
设置	连锁管理	POST	https://beta18.pospal.cn/Cdp/CdpAd/GetCdpAdvertiseAsync	200
设置	连锁管理	POST	https://beta18.pospal.cn/Setting/LoadStoreOption	200
设置	连锁管理	POST	https://beta18.pospal.cn/Account/LoadSubStoresByUserIdDDLJson	200
设置	连锁管理	POST	https://advertsystem.pospal.cn/system/management/location/getTargetLocationMapping	200
设置	连锁管理	POST	https://beta18.pospal.cn/Setting/LoadPromotionsForCopyAssignment	200
设置	系统设置	GET	https://beta18.pospal.cn/Setting/BaseSystemSetting	200
设置	系统设置	GET	https://my-kf.pospal.cn/kf/portalpospal/getCustomerServiceInfo	404
设置	系统设置	POST	https://beta18.pospal.cn/WebCloudMessage/GetMsgVersion	200
设置	系统设置	POST	https://beta18.pospal.cn/Account/GetMyShopMaxAvailableVersion	200
设置	系统设置	POST	https://beta18.pospal.cn/Account/GetMyShopMaxAvailableVersion	200
设置	系统设置	POST	https://beta18.pospal.cn/Cdp/CdpAd/GetCdpAdvertiseAsync	200
设置	系统设置	POST	https://beta18.pospal.cn/Setting/LoadStoreOption	200
设置	系统设置	POST	https://beta18.pospal.cn/Category/LoadCategoryDDLJson	200
设置	系统设置	POST	https://beta18.pospal.cn/Category/LoadCategoryDDLJson	200
设置	系统设置	POST	https://beta18.pospal.cn/Eshop/LoadAreasDDL	200
设置	系统设置	POST	https://beta18.pospal.cn/Setting/LoadSelfService	200
设置	系统设置	POST	https://advertsystem.pospal.cn/system/management/location/getTargetLocationMapping	200
设置	系统设置	POST	https://beta18.pospal.cn/Setting/UpdateUserConfig	200
设置	账户管理	GET	https://beta18.pospal.cn/Setting/Info	200
设置	账户管理	POST	https://beta18.pospal.cn/System/LoadOverseasCityConfig	200
设置	账户管理	GET	https://my-kf.pospal.cn/kf/portalpospal/getCustomerServiceInfo	404
设置	账户管理	POST	https://beta18.pospal.cn/WebCloudMessage/GetMsgVersion	200
设置	账户管理	POST	https://beta18.pospal.cn/Account/GetMyShopMaxAvailableVersion	200
设置	账户管理	POST	https://beta18.pospal.cn/Account/GetMyShopMaxAvailableVersion	200
设置	账户管理	POST	https://beta18.pospal.cn/Cdp/CdpAd/GetCdpAdvertiseAsync	200
设置	账户管理	POST	https://beta18.pospal.cn/setting/LoadSmsBalanceNoticeSetting	200
设置	账户管理	POST	https://j8b194.captcha-open.aliyuncs.com/	200
设置	账户管理	POST	https://advertsystem.pospal.cn/system/management/location/getTargetLocationMapping	200
设置	账户管理	POST	https://beta18.pospal.cn/System/LoadContactServiceInfo	200
设置	支付方式	GET	https://beta18.pospal.cn/Setting/PayMethod	200
设置	支付方式	POST	https://beta18.pospal.cn/WebCloudMessage/GetMsgVersion	200
设置	支付方式	GET	https://my-kf.pospal.cn/kf/portalpospal/getCustomerServiceInfo	404
设置	支付方式	POST	https://beta18.pospal.cn/Account/GetMyShopMaxAvailableVersion	200
设置	支付方式	POST	https://beta18.pospal.cn/Account/GetMyShopMaxAvailableVersion	200
设置	支付方式	POST	https://beta18.pospal.cn/Cashier/LoadCasheirDDLJson	200
设置	支付方式	POST	https://beta18.pospal.cn/Cdp/CdpAd/GetCdpAdvertiseAsync	200
设置	支付方式	POST	https://advertsystem.pospal.cn/system/management/location/getTargetLocationMapping	200
设置	支付方式	POST	https://beta18.pospal.cn/Setting/LoadPayMethod	200
设置	支付方式	POST	https://advertsystem.pospal.cn/system/management/location/getTargetLocationMapping	200
设置	发票配置	GET	https://beta18.pospal.cn/Invoice/Setting	200
设置	发票配置	GET	https://my-kf.pospal.cn/kf/portalpospal/getCustomerServiceInfo	404
设置	发票配置	POST	https://beta18.pospal.cn/WebCloudMessage/GetMsgVersion	200
设置	发票配置	POST	https://beta18.pospal.cn/Account/GetMyShopMaxAvailableVersion	200
设置	发票配置	POST	https://beta18.pospal.cn/Account/GetMyShopMaxAvailableVersion	200
设置	发票配置	POST	https://beta18.pospal.cn/Invoice/LoadSubStoresToCopy	200
设置	发票配置	POST	https://beta18.pospal.cn/Category/LoadCategoryDDLJson	200
设置	发票配置	POST	https://beta18.pospal.cn/Invoice/LoadBuyerSetting	200
设置	发票配置	POST	https://beta18.pospal.cn/Cdp/CdpAd/GetCdpAdvertiseAsync	200
设置	发票配置	POST	https://beta18.pospal.cn/Invoice/LoadInvoiceSetting	200
设置	发票配置	POST	https://beta18.pospal.cn/Invoice/LoadInvoiceDetailPage	200
设置	发票配置	POST	https://beta18.pospal.cn/Invoice/LoadSubStoresToCopy	200
设置	发票配置	POST	https://beta18.pospal.cn/Invoice/CountInvoiceSettingTemplates	200
设置	发票配置	POST	https://advertsystem.pospal.cn/system/management/location/getTargetLocationMapping	200
设置	发票配置	POST	https://beta18.pospal.cn/Invoice/LoadInvoiceSettingTemplates	200
设置	操作日志	GET	https://beta18.pospal.cn/Setting/OperationLogs	200
设置	操作日志	GET	https://my-kf.pospal.cn/kf/portalpospal/getCustomerServiceInfo	404
设置	操作日志	POST	https://beta18.pospal.cn/WebCloudMessage/GetMsgVersion	200
设置	操作日志	POST	https://beta18.pospal.cn/Account/GetMyShopMaxAvailableVersion	200
设置	操作日志	POST	https://beta18.pospal.cn/Account/GetMyShopMaxAvailableVersion	200
设置	操作日志	POST	https://beta18.pospal.cn/Cdp/CdpAd/GetCdpAdvertiseAsync	200
设置	操作日志	POST	https://advertsystem.pospal.cn/system/management/location/getTargetLocationMapping	200
设置	操作日志	POST	https://beta18.pospal.cn/Setting/LoadOperationLogSummary	200
设置	使用参数设置	GET	https://beta18.pospal.cn/Setting/SystemParamsSetting	200
设置	使用参数设置	POST	https://beta18.pospal.cn/Account/GetMyShopMaxAvailableVersion	200
设置	使用参数设置	POST	https://beta18.pospal.cn/Account/GetMyShopMaxAvailableVersion	200
设置	使用参数设置	GET	https://my-kf.pospal.cn/kf/portalpospal/getCustomerServiceInfo	404
设置	使用参数设置	POST	https://beta18.pospal.cn/WebCloudMessage/GetMsgVersion	200
设置	使用参数设置	POST	https://beta18.pospal.cn/Cdp/CdpAd/GetCdpAdvertiseAsync	200
设置	使用参数设置	POST	https://beta18.pospal.cn/Category/LoadCategoryDDLJson	200
设置	使用参数设置	POST	https://beta18.pospal.cn/Setting/LoadStoreTag	200
设置	使用参数设置	POST	https://advertsystem.pospal.cn/system/management/location/getTargetLocationMapping	200
设置	推送通知设置	GET	https://beta18.pospal.cn/Setting/SystemNoticeSettingV2	200
设置	推送通知设置	GET	https://my-kf.pospal.cn/kf/portalpospal/getCustomerServiceInfo	404
设置	推送通知设置	POST	https://beta18.pospal.cn/WebCloudMessage/GetMsgVersion	200
设置	推送通知设置	POST	https://beta18.pospal.cn/Account/GetMyShopMaxAvailableVersion	200
设置	推送通知设置	POST	https://beta18.pospal.cn/Account/GetMyShopMaxAvailableVersion	200
设置	推送通知设置	POST	https://beta18.pospal.cn/Cdp/CdpAd/GetCdpAdvertiseAsync	200
设置	推送通知设置	POST	https://beta18.pospal.cn/Setting/LoadStoreOption	200
设置	推送通知设置	POST	https://beta18.pospal.cn/Setting/LoadUserConfigs	200
设置	推送通知设置	POST	https://beta18.pospal.cn/setting/LoadSmsBalanceNoticeSetting	200
设置	推送通知设置	POST	https://beta18.pospal.cn/Setting/LoadUserNoticeSettings	200
设置	推送通知设置	POST	https://beta18.pospal.cn/Setting/GetUserPrivilege	200
设置	推送通知设置	POST	https://beta18.pospal.cn/Sms/CheckIdentityVerification	200
设置	推送通知设置	POST	https://advertsystem.pospal.cn/system/management/location/getTargetLocationMapping	200
设置	票据打印模板	GET	https://beta18.pospal.cn/Setting/TemplateSetting	200
设置	票据打印模板	GET	https://my-kf.pospal.cn/kf/portalpospal/getCustomerServiceInfo	404
设置	票据打印模板	POST	https://beta18.pospal.cn/WebCloudMessage/GetMsgVersion	200
设置	票据打印模板	POST	https://beta18.pospal.cn/Account/GetMyShopMaxAvailableVersion	200
设置	票据打印模板	POST	https://beta18.pospal.cn/Account/GetMyShopMaxAvailableVersion	200
设置	票据打印模板	POST	https://beta18.pospal.cn/Cdp/CdpAd/GetCdpAdvertiseAsync	200
设置	票据打印模板	POST	https://beta18.pospal.cn/Setting/LoadTemplateSetting	200
设置	票据打印模板	GET	https://beta18.pospal.cn/scripts/new-label-template-runtime.js	200
设置	票据打印模板	GET	https://beta18.pospal.cn/Scripts/ticketTemplateSetting/ticketTemplateSetting.defaultParams.js	200
设置	票据打印模板	GET	https://beta18.pospal.cn/scripts/website.setting.templatesetting.component.js	200
设置	票据打印模板	GET	https://beta18.pospal.cn/Scripts/ticketTemplateSetting/ticketTemplateSetting.js	200
设置	票据打印模板	GET	https://beta18.pospal.cn/Scripts/ticketTemplateSetting/chunk-ticketTemplateSetting.js	200
设置	票据打印模板	POST	https://advertsystem.pospal.cn/system/management/location/getTargetLocationMapping	200
合伙人	汇总统计	GET	https://beta18.pospal.cn/Partner/DistributerSummary	200
合伙人	汇总统计	GET	https://my-kf.pospal.cn/kf/portalpospal/getCustomerServiceInfo	404
合伙人	汇总统计	POST	https://beta18.pospal.cn/WebCloudMessage/GetMsgVersion	200
合伙人	汇总统计	POST	https://beta18.pospal.cn/Account/GetMyShopMaxAvailableVersion	200
合伙人	汇总统计	POST	https://beta18.pospal.cn/Account/GetMyShopMaxAvailableVersion	200
合伙人	汇总统计	POST	https://beta18.pospal.cn/Cdp/CdpAd/GetCdpAdvertiseAsync	200
合伙人	汇总统计	POST	https://beta18.pospal.cn/Partner/LoadDistributerSummarySummary	200
合伙人	汇总统计	POST	https://advertsystem.pospal.cn/system/management/location/getTargetLocationMapping	200
合伙人	汇总统计	POST	https://beta18.pospal.cn/Partner/LoadDistributerSummaryByPage	200
合伙人	推广统计	GET	https://beta18.pospal.cn/Partner/DistributerCount	200
合伙人	推广统计	POST	https://beta18.pospal.cn/Account/LoadUserUIConfigCustomJson	200
合伙人	推广统计	GET	https://my-kf.pospal.cn/kf/portalpospal/getCustomerServiceInfo	404
合伙人	推广统计	POST	https://beta18.pospal.cn/WebCloudMessage/GetMsgVersion	200
合伙人	推广统计	POST	https://beta18.pospal.cn/Account/GetMyShopMaxAvailableVersion	200
合伙人	推广统计	POST	https://beta18.pospal.cn/Account/GetMyShopMaxAvailableVersion	200
合伙人	推广统计	POST	https://beta18.pospal.cn/Cdp/CdpAd/GetCdpAdvertiseAsync	200
合伙人	推广统计	POST	https://beta18.pospal.cn/Partner/LoadDistributerCountSummary	200
合伙人	推广统计	POST	https://advertsystem.pospal.cn/system/management/location/getTargetLocationMapping	200
合伙人	升级统计	GET	https://beta18.pospal.cn/Partner/DistributerUpdateCount	200
合伙人	升级统计	POST	https://beta18.pospal.cn/WebCloudMessage/GetMsgVersion	200
合伙人	升级统计	GET	https://my-kf.pospal.cn/kf/portalpospal/getCustomerServiceInfo	404
合伙人	升级统计	POST	https://beta18.pospal.cn/Account/GetMyShopMaxAvailableVersion	200
合伙人	升级统计	POST	https://beta18.pospal.cn/Account/GetMyShopMaxAvailableVersion	200
合伙人	升级统计	POST	https://beta18.pospal.cn/Cdp/CdpAd/GetCdpAdvertiseAsync	200
合伙人	升级统计	POST	https://beta18.pospal.cn/Partner/LoadDistributerUpdateCountSummary	200
合伙人	升级统计	POST	https://advertsystem.pospal.cn/system/management/location/getTargetLocationMapping	200
合伙人	升级统计	POST	https://beta18.pospal.cn/Partner/LoadDistributerUpdateCountByPage	200
合伙人	佣金结算	GET	https://beta18.pospal.cn/Partner/DistributerCommissionSettlement	200
合伙人	佣金结算	GET	https://my-kf.pospal.cn/kf/portalpospal/getCustomerServiceInfo	404
合伙人	佣金结算	POST	https://beta18.pospal.cn/WebCloudMessage/GetMsgVersion	200
合伙人	佣金结算	POST	https://beta18.pospal.cn/Account/GetMyShopMaxAvailableVersion	200
合伙人	佣金结算	POST	https://beta18.pospal.cn/Account/GetMyShopMaxAvailableVersion	200
合伙人	佣金结算	POST	https://beta18.pospal.cn/Cdp/CdpAd/GetCdpAdvertiseAsync	200
合伙人	佣金结算	POST	https://beta18.pospal.cn/Partner/LoadDistributerCommissionSettlementSummary	200
合伙人	佣金结算	POST	https://advertsystem.pospal.cn/system/management/location/getTargetLocationMapping	200
合伙人	门店出佣	GET	https://beta18.pospal.cn/Partner/StoreOutCommissionReport	200
合伙人	门店出佣	GET	https://my-kf.pospal.cn/kf/portalpospal/getCustomerServiceInfo	404
合伙人	门店出佣	POST	https://beta18.pospal.cn/WebCloudMessage/GetMsgVersion	200
合伙人	门店出佣	POST	https://beta18.pospal.cn/Account/GetMyShopMaxAvailableVersion	200
合伙人	门店出佣	POST	https://beta18.pospal.cn/Account/GetMyShopMaxAvailableVersion	200
合伙人	门店出佣	POST	https://beta18.pospal.cn/Cdp/CdpAd/GetCdpAdvertiseAsync	200
合伙人	门店出佣	POST	https://beta18.pospal.cn/Partner/LoadStoreOutCommissionReportSummary	200
合伙人	门店出佣	POST	https://advertsystem.pospal.cn/system/management/location/getTargetLocationMapping	200
合伙人	赠卡记录	GET	https://beta18.pospal.cn/Partner/GiftCardAndCouponLog	200
合伙人	赠卡记录	GET	https://my-kf.pospal.cn/kf/portalpospal/getCustomerServiceInfo	404
合伙人	赠卡记录	POST	https://beta18.pospal.cn/WebCloudMessage/GetMsgVersion	200
合伙人	赠卡记录	POST	https://beta18.pospal.cn/Account/GetMyShopMaxAvailableVersion	200
合伙人	赠卡记录	POST	https://beta18.pospal.cn/Account/GetMyShopMaxAvailableVersion	200
合伙人	赠卡记录	POST	https://beta18.pospal.cn/Cdp/CdpAd/GetCdpAdvertiseAsync	200
合伙人	赠卡记录	POST	https://beta18.pospal.cn/Partner/LoadGiftCardAndCouponLogSummary	200
合伙人	赠卡记录	POST	https://beta18.pospal.cn/Coupon/LoadStoreCoupons	200
合伙人	赠卡记录	POST	https://advertsystem.pospal.cn/system/management/location/getTargetLocationMapping	200
合伙人	忠诚度	GET	https://beta18.pospal.cn/Partner/DistributerLoyaltyCount	200
合伙人	忠诚度	POST	https://beta18.pospal.cn/WebCloudMessage/GetMsgVersion	200
合伙人	忠诚度	GET	https://my-kf.pospal.cn/kf/portalpospal/getCustomerServiceInfo	404
合伙人	忠诚度	POST	https://beta18.pospal.cn/Account/GetMyShopMaxAvailableVersion	200
合伙人	忠诚度	POST	https://beta18.pospal.cn/Account/GetMyShopMaxAvailableVersion	200
合伙人	忠诚度	POST	https://beta18.pospal.cn/Partner/LoadDistributerLoyaltyCountSummary	200
合伙人	忠诚度	POST	https://beta18.pospal.cn/Cdp/CdpAd/GetCdpAdvertiseAsync	200
合伙人	忠诚度	POST	https://advertsystem.pospal.cn/system/management/location/getTargetLocationMapping	200
合伙人	全局设置	GET	https://beta18.pospal.cn/Partner/Setting	200
合伙人	全局设置	GET	https://my-kf.pospal.cn/kf/portalpospal/getCustomerServiceInfo	404
合伙人	全局设置	POST	https://beta18.pospal.cn/Account/GetMyShopMaxAvailableVersion	200
合伙人	全局设置	POST	https://beta18.pospal.cn/WebCloudMessage/GetMsgVersion	200
合伙人	全局设置	POST	https://beta18.pospal.cn/Account/GetMyShopMaxAvailableVersion	200
合伙人	全局设置	POST	https://beta18.pospal.cn/Cdp/CdpAd/GetCdpAdvertiseAsync	200
合伙人	全局设置	POST	https://beta18.pospal.cn/Promotion/LoadDDLPaymentMethods	200
合伙人	全局设置	POST	https://advertsystem.pospal.cn/system/management/location/getTargetLocationMapping	200
合伙人	分红方案	GET	https://beta18.pospal.cn/Partner/BonusRule	200
合伙人	分红方案	GET	https://my-kf.pospal.cn/kf/portalpospal/getCustomerServiceInfo	404
合伙人	分红方案	POST	https://beta18.pospal.cn/Account/GetMyShopMaxAvailableVersion	200
合伙人	分红方案	POST	https://beta18.pospal.cn/WebCloudMessage/GetMsgVersion	200
合伙人	分红方案	POST	https://beta18.pospal.cn/Account/GetMyShopMaxAvailableVersion	200
合伙人	分红方案	POST	https://beta18.pospal.cn/Cdp/CdpAd/GetCdpAdvertiseAsync	200
合伙人	分红方案	POST	https://beta18.pospal.cn/Product/LoadProductSelectorView	200
合伙人	分红方案	POST	https://beta18.pospal.cn/Product/LoadProductSelectorView	200
合伙人	分红方案	POST	https://beta18.pospal.cn/PassProduct/LoadPassProductSelectorView	200
合伙人	分红方案	POST	https://beta18.pospal.cn/GiftPackage/LoadGiftPackageSelectorView	200
合伙人	分红方案	POST	https://beta18.pospal.cn/ShoppingCard/LoadShoppingCardSelectorView	200
合伙人	分红方案	POST	https://beta18.pospal.cn/Partner/LoadDistributeCategoryRuleList	200
合伙人	分红方案	POST	https://beta18.pospal.cn/Partner/LoadDistributeProductCategorys	200
合伙人	分红方案	POST	https://advertsystem.pospal.cn/system/management/location/getTargetLocationMapping	200
合伙人	分红方案	POST	https://beta18.pospal.cn/Category/LoadCategoryDDLJson	200
合伙人	分红方案	POST	https://beta18.pospal.cn/Category/LoadCategoryDDLJson	200
合伙人	分红方案	POST	https://beta18.pospal.cn/Category/LoadCategoryByTypeDDLJson	200
合伙人	分红方案	POST	https://beta18.pospal.cn/GiftPackage/QueryGiftPackage	200
合伙人	分红方案	POST	https://beta18.pospal.cn/ShoppingCard/QueryShoppingCard	200
合伙人	股东管理	GET	https://beta18.pospal.cn/Partner/Manage	200
合伙人	股东管理	GET	https://my-kf.pospal.cn/kf/portalpospal/getCustomerServiceInfo	404
合伙人	股东管理	POST	https://beta18.pospal.cn/WebCloudMessage/GetMsgVersion	200
合伙人	股东管理	POST	https://beta18.pospal.cn/Account/GetMyShopMaxAvailableVersion	200
合伙人	股东管理	POST	https://beta18.pospal.cn/Account/GetMyShopMaxAvailableVersion	200
合伙人	股东管理	POST	https://beta18.pospal.cn/Cdp/CdpAd/GetCdpAdvertiseAsync	200
合伙人	股东管理	POST	https://beta18.pospal.cn/Customer/LoadCustomerSelectorView	200
合伙人	股东管理	POST	https://beta18.pospal.cn/Partner/FindRulesByUserId	200
合伙人	股东管理	POST	https://beta18.pospal.cn/Partner/LoadPartnerSummary	200
合伙人	股东管理	POST	https://advertsystem.pospal.cn/system/management/location/getTargetLocationMapping	200
合伙人	股东赠卡	GET	https://beta18.pospal.cn/Partner/GiftCardAndCouponList	200
合伙人	股东赠卡	POST	https://beta18.pospal.cn/WebCloudMessage/GetMsgVersion	200
合伙人	股东赠卡	GET	https://my-kf.pospal.cn/kf/portalpospal/getCustomerServiceInfo	404
合伙人	股东赠卡	POST	https://beta18.pospal.cn/Account/GetMyShopMaxAvailableVersion	200
合伙人	股东赠卡	POST	https://beta18.pospal.cn/Account/GetMyShopMaxAvailableVersion	200
合伙人	股东赠卡	POST	https://beta18.pospal.cn/Cdp/CdpAd/GetCdpAdvertiseAsync	200
合伙人	股东赠卡	POST	https://beta18.pospal.cn/Partner/LoadGiftCardAndCouponSummary	200
合伙人	股东赠卡	POST	https://advertsystem.pospal.cn/system/management/location/getTargetLocationMapping	200
合伙人	股东赠卡	POST	https://beta18.pospal.cn/Partner/LoadGiftCardAndCouponByPage	200
合伙人	推广规则	GET	https://beta18.pospal.cn/Partner/DistributerRuleRemarks	200
合伙人	推广规则	GET	https://my-kf.pospal.cn/kf/portalpospal/getCustomerServiceInfo	404
合伙人	推广规则	POST	https://beta18.pospal.cn/WebCloudMessage/GetMsgVersion	200
合伙人	推广规则	POST	https://beta18.pospal.cn/Account/GetMyShopMaxAvailableVersion	200
合伙人	推广规则	POST	https://beta18.pospal.cn/Account/GetMyShopMaxAvailableVersion	200
合伙人	推广规则	POST	https://beta18.pospal.cn/Cdp/CdpAd/GetCdpAdvertiseAsync	200
合伙人	推广规则	POST	https://advertsystem.pospal.cn/system/management/location/getTargetLocationMapping	200
定制	分类销售概览	POST	https://beta18.pospal.cn/System/LoadContactServiceInfo	200
定制	分类销售概览	GET	https://beta18.pospal.cn/Extension/Loreal/CategorySale	200
定制	分类销售概览	GET	https://my-kf.pospal.cn/kf/portalpospal/getCustomerServiceInfo	404
定制	分类销售概览	POST	https://beta18.pospal.cn/Account/GetMyShopMaxAvailableVersion	200
定制	分类销售概览	POST	https://beta18.pospal.cn/WebCloudMessage/GetMsgVersion	200
定制	分类销售概览	POST	https://beta18.pospal.cn/Account/GetMyShopMaxAvailableVersion	200
定制	分类销售概览	POST	https://beta18.pospal.cn/Cdp/CdpAd/GetCdpAdvertiseAsync	200
定制	分类销售概览	POST	https://beta18.pospal.cn/Extension/Loreal/LoadCategorySale	200
定制	分类销售概览	POST	https://advertsystem.pospal.cn/system/management/location/getTargetLocationMapping	200
定制	单据时段查询	GET	https://beta18.pospal.cn/Extension/LongChengXiDian/Tickets	200
定制	单据时段查询	GET	https://my-kf.pospal.cn/kf/portalpospal/getCustomerServiceInfo	404
定制	单据时段查询	POST	https://beta18.pospal.cn/WebCloudMessage/GetMsgVersion	200
定制	单据时段查询	POST	https://beta18.pospal.cn/Account/GetMyShopMaxAvailableVersion	200
定制	单据时段查询	POST	https://beta18.pospal.cn/Account/GetMyShopMaxAvailableVersion	200
定制	单据时段查询	POST	https://beta18.pospal.cn/Cdp/CdpAd/GetCdpAdvertiseAsync	200
定制	单据时段查询	POST	https://beta18.pospal.cn/LongChengXiDian/LoadTicketSummary	200
定制	单据时段查询	POST	https://advertsystem.pospal.cn/system/management/location/getTargetLocationMapping	200
